dm_f52df225	WCI	WCI-1.คุณนรวดี(ปิด)	คุณนรวดี ศรีกาญจนา	Close			2020-09-21				5000000	0.1	THB	2020-09-21		5000000					9 เดือน
dm_faf623f6	WCI	WCI-2.คุณณัฐริยาย้ายไป55	คุณณัฐริยา ดีเสาวภาคย์	Active			2020-09-23				2000000	0.1	THB	2020-09-23		2000000					9 เดือน
dm_e3108a14	WCI	WCI-3.คุณอรุณี	คุณอรุณี วงษ์กรวรเวช	Active			2020-09-25				1000000	0.1	THB	2020-09-25		1000000					9 เดือน
dm_5d18d7cb	WCI	WCI-4.คุณธีรพัฒน์ย้ายไป67	คุณธีรพัฒน์ มีอำพล	Active			2020-09-25				500000	0.1	THB	2020-09-25		500000					9 เดือน
dm_370a4839	WCI	WCI-5.คุณจิรุตถ์(ปิด)	คุณจิรุตถ์ ไกรฤกษ์	Close			2020-09-29				20000000	0.1	THB	2020-09-29		20000000					9 เดือน
dm_c034b1c7	WCI	WCI-6.คุณจุมพล(ปิด)	คุณจุมพล เตชะไกรศรี	Close			2020-09-30				3000000	0.1	THB	2020-09-30		3000000					9 เดือน
dm_a02fcfed	WCI	WCI-7.คุณประพันธ์ยุทธ์	คุณประพันธ์ยุทธ คงเหลือ	Active			2020-09-30				500000	0.1	THB	2020-09-30		500000					9 เดือน
dm_bef99864	WCI	WCI-8.คุณแววคนีย์	คุณแววคนีย์ อัสโสรัตน์กุล	Active			2020-09-30				5000000	0.1	THB	2020-09-30		5000000					9 เดือน
dm_675b9db3	WCI	WCI-9.คุณอรสอาง(ปิด)	คุณอรสอาง สารกิจปรีชา	Close			2020-09-30				10000000	0.1	THB	2020-09-30		10000000					9 เดือน
dm_32f6de41	WCI	WCI-10.คุณกาญจนา(ปิด)	คุณกาญจนา พฤกษาพรพงค์	Close			2020-09-30				2000000	0.1	THB	2020-09-30		2000000					9 เดือน
dm_f9774f39	WCI	WCI-11.คุณวิสุทธิพงษ์(ปิด)	คุณวิสุทธิพงษ์ บูรณะสัมฤทธิ์	Close			2020-09-30				5000000	0.1	THB	2020-09-30		5000000					9 เดือน
dm_cd692af6	WCI	WCI-12.คุณเอกลักษณ์	คุณเอกลักษณ์ รุ่งอนันต์ชัย	Active			2020-10-05				3000000	0.1	THB	2020-10-05		3000000					9 เดือน
dm_0859e9c0	WCI	WCI-13.คุณปาริชาติ(ปิด)	คุณปาริชาติ หวังกิตติกาล	Close			2020-10-12				1000000	0.1	THB	2020-10-12		1000000					9 เดือน
dm_72e6e961	WCI	WCI-14.คุณสรณ์คมน์(ปิด)	คุณสรณ์คมน์ ทิพย์สุวรรณ	Close			2020-10-12				1000000	0.1	THB	2020-10-12		1000000					9 เดือน
dm_6c7e45ef	WCI	WCI-15.คุณวศิน	คุณวศิน จิระจงเจริญ	Active			2020-10-12				1000000	0.1	THB	2020-10-12		1000000					9 เดือน
dm_307f63c4	WCI	WCI-16.คุณถาวร	คุณถาวร จวนรมณีย์	Active			2020-10-12				3000000	0.1	THB	2020-10-12		3000000					9 เดือน
dm_99ab542d	WCI	WCI-17.คุณปิยพร	คุณปิยพร จวนรมณีย์	Active			2020-10-12				3000000	0.1	THB	2020-10-12		3000000					9 เดือน
dm_4e3a9aac	WCI	WCI-18.คุณเริงจิตต์	คุณเริงจิตต์ จิระจงเจริญ	Active			2020-10-12				1000000	0.1	THB	2020-10-12		1000000					9 เดือน
dm_ee7d7c4c	WCI	WCI-19.บจ.พลอยไพลินจิวเวอร์รี่(ปิด	บจ.พลอยไพลิน จิวเวลรี่ เอ็มเอฟจี	Active			2020-10-14				20000000	0.1	THB	2020-10-14		20000000					9 เดือน
dm_0adcba3f	WCI	WCI-20.คุณจิตติ(ปิด)	คุณจิตติ มกร์ดารา	Close			2020-11-05				1000000	0.1	THB	2020-11-05		1000000					9 เดือน
dm_8a91181b	WCI	WCI-21.คุณจารุวรรณ(ปิด)	คุณจารุวรรณ รัตนประภาพร	Close			2020-11-26				1000000	0.1	THB	2020-11-26		1000000					9 เดือน
dm_065640b9	WCI	WCI-22.คุณกฤษฎา	คุณกฤษฎา ตติยกวี	Active			2020-12-04				5000000	0.1	THB	2020-12-04		5000000					9 เดือน
dm_3af3fb51	WCI	POG2564040004	คุณพงษ์ชัย ชัญมาตรกิจ	Close			2021-04-09				2000000	0.1	THB	2021-04-09		2000000					9 เดือน
dm_95401eed	WCI	POG2564040002	คุณนิตยา รุ่งอนันต์ชัย	Close			2021-04-09				3000000	0.1	THB	2021-04-09		3000000					9 เดือน
dm_fbbc8018	WCI	POG2564040010	คุณศุภรัตน์ สุนทรกุลทรัพย์	Active			2021-06-02				500000	0.1	THB	2021-06-02		500000					9 เดือน
dm_bab007b0	WCI	POG2564040012	คุณสรณ์คมน์ ทิพย์สุวรรณ 2	Close			2021-06-15				1000000	0.1	THB	2021-06-15		1000000					9 เดือน
dm_ff40e277	WCI	POG256404014	คุณปาริชาติ หวังกิตติกาล 2	Active			2021-06-15				1000000	0.1	THB	2021-06-15		1000000					9 เดือน
dm_39584849	WCI	POG2564040020	คุณณิฌา หาญฤทธิรงค์	Active			2021-07-16				2000000	0.1	THB	2021-07-16		2000000					9 เดือน
dm_1a437331	WCI	POG2564040024	คุณพงษ์ชัย ชัญมาตรกิจ 2	Active			2021-08-16				5000000	0.1	THB	2021-08-16		5000000					9 เดือน
dm_d680ee2b	WCI	POG2564040022	คุณธเนศ ลีลาภรณ์	Close			2021-08-25				10000000	0.1	THB	2021-08-25		10000000					9 เดือน
dm_436fd308	WCI	POG2564040026	คุณธนกาญจน์ คอลลินส์	Active			2021-09-01				5000000	0.1	THB	2021-09-01		5000000					9 เดือน
dm_c8dca21f	WCI	POG2564040028	คุณสัญชญา รัตนะกนก	Close			2021-09-06				6000000	0.1	THB	2021-09-06		6000000					9 เดือน
dm_42546ef5	WCI	POG2564040030	คุณฐิติยา วงศ์จิรชัย	Active			2021-09-20				5000000	0.1	THB	2021-09-20		5000000					9 เดือน
dm_421c1630	WCI	POG2564040032	คุณภารวี วงศ์จิรชัย	Active			2021-09-20				5000000	0.1	THB	2021-09-20		5000000					9 เดือน
dm_4745930a	WCI	POG2564040034	คุณวิเทพ จงจิระเจริญ	Active			2021-10-11				1500000	0.1	THB	2021-10-11		1500000					9 เดือน
dm_e3a3eba3	WCI	POG2564040036	คุณธนกาญจน์ คอลลินส์ 2	Active			2021-11-03				2000000	0.1	THB	2021-11-03		2000000					9 เดือน
dm_9db11250	WCI	POG2564040038	คุณพงษ์ชัย ชัญมาตรกิจ 3	Active			2021-12-01				3000000	0.1	THB	2021-12-01		3000000					9 เดือน
dm_aa1b9b1d	WCI	POG2564040040	คุณนรวดี ศรีกาญจนา	Close			2021-12-24				7000000	0.1	THB	2021-12-24		7000000					9 เดือน
dm_adb537bb	WCI	POG2564040042	คุณนริสา เนื่องสิทธิ์	Close			2022-02-14				5000000	0.1	THB	2022-02-14		5000000					9 เดือน
dm_bdfa19fe	WCI	POG2564040048	คุณณิฌา หาญฤทธิรงค์	Active			2022-06-16				1000000	0.1	THB	2022-06-16		1000000					9 เดือน
dm_bfbc3df8	WCI	POG2564040046	คุณแววคนีย์ อัสโสรัตน์กุล 3	Active			2022-06-17				2000000	0.1	THB	2022-06-17		2000000					9 เดือน
dm_76cb36e5	WCI	POG2564040050	คุณกฤษฎา ตติยกวี	Active			2022-07-01				3000000	0.1	THB	2022-07-01		3000000					9 เดือน
dm_76a76b8b	WCI	POG2564040052	คุณพงษ์ชัย ชัญมาตรกิจ 4	Active			2022-07-05				2000000	0.1	THB	2022-07-05		2000000					9 เดือน
dm_e4743db3	WCI	WCI-44.คุณอนิวรรต(ปิด)	คุณอนิวรรต ศรีรุ่งธรรม	Close			2022-07-05				26000000	0.1	THB	2022-07-05		26000000					6 เดือน
dm_969345f8	WCI	POG2564040054	คุณอรณี วงษ์กรวรเวช	Active			2022-07-20				1000000	0.1	THB	2022-07-20		1000000					9 เดือน
dm_58f8facf	WCI	POG2564040056	คุณปฐม สุมิตรัชตานน	Active			2022-07-25				12500000	0.1	THB	2022-07-25		12500000					9 เดือน
dm_7b80c216	WCI	POG2564040058	คุณกิตติศักดิ์ รุ่งธนเกียรติ	Close			2022-08-08				3000000	0.1	THB	2022-08-08		3000000					9 เดือน
dm_4be82445	WCI	POG2564040038	คุณพัทธนันท์ ชัญมาตรกิจ	Active			2022-09-01				3000000	0.1	THB	2022-09-01		3000000					9 เดือน
dm_93561e47	WCI	POG2564040060	คุณธเนศ ลีลาภรณ์	Close			2022-09-08				3000000	0.1	THB	2022-09-08		3000000					9 เดือน
dm_f1d21249	WCI	POG2564040064	คุณอังศุมาลี สนิทวงศ์ ณ อยุธยา	Active			2022-10-07				5000000	0.1	THB	2022-10-07		5000000					9 เดือน
dm_10d0e081	WCI	POG2564040066	คุณพัทธนัน ชัญมาตรกิจ	Active			2022-10-21				2000000	0.1	THB	2022-10-21		2000000					9 เดือน
dm_6c42f683	WCI	POG2564040070	คุณพีรพงษ์ จวนรมณีย์	Active			2022-11-25				2000000	0.1	THB	2022-11-25		2000000					9 เดือน
dm_f3a64981	WCI	POG2564040098	บจ.เคเค พาร์ท แอนด์ โค้ท	Active			2022-12-02				7000000	0.1	THB	2022-12-02		7000000					9 เดือน
dm_ee7f4ea8	WCI	POG2564040076	คุณธาตรี มะโนทัย	Active			2022-12-14				1000000	0.1	THB	2022-12-14		1000000					9 เดือน
dm_849c46e1	WCI	POG2564040068	คุณพัทธนัน ชัญมาตรกิจ	Active			2022-12-23				2000000	0.1	THB	2022-12-23		2000000					9 เดือน
dm_2a907e1a	WCI	POG2564040078	คุณสรณ์คมน์ ทิพย์สุวรรณ	Active			2022-12-29				3000000	0.1	THB	2022-12-29		3000000					9 เดือน
dm_c2e051e1	WCI	POG2564040080	บจ.แอคชัวเรียลบิซ	Close			2022-12-30				5000000	0.1	THB	2022-12-30		5000000					9 เดือน
dm_fc798dc6	WCI	POG2564040082	คุณธเนศ ลีลาภรณ์	Close			2023-01-16				7000000	0.1	THB	2023-01-16		7000000					6 เดือน
dm_72abc038	WCI	POG2564040084	คุณพงศธร จันผ่อง	Active			2023-02-01				1000000	0.1	THB	2023-02-01		1000000					9 เดือน
dm_9ae72223	WCI	POG2564040086	คุณวศิน จิระจงเจริญ	Active			2023-02-14				2000000	0.1	THB	2023-02-14		2000000					9 เดือน
dm_22217d51	WCI	POG2564040088	คุณวิเทพ จงจิระเจริญ	Active			2023-02-14				1000000	0.1	THB	2023-02-14		1000000					9 เดือน
dm_a3d26e42	WCI	WCI-62.คุณพิเชฐ(ปิด)	คุณพิเชฐ เจียรมมณี	Close			2023-03-01				25000000	10000000	THB	2023-03-01		25000000					
dm_a100dc56	WCI	POG2564040090	บจ.แอคชัวเรียล บิสซิเนส โซลูชั่นส์ แอนด์ เซอร์วิสเซส	Close							20000000	0.1	THB			20000000					9 เดือน
dm_72270201	WCI	POG2564040052	คุณพิภู ดีเสาวภาคย์	Active							2000000	0.1	THB			2000000					9 เดือน
dm_acaf0513	WCI	POG2564040100	คุณกฤษฎา ตติยกวี	Active			2066-08-23				5000000	0.1	THB	2066-08-23		5000000					9 เดือน
dm_a317ea86	WCI	POG2564040102	คุณกฤษฎา ตติยกวี	Active			2066-08-24				3000000	0.1	THB	2066-08-24		3000000					9 เดือน
dm_14834b68	WCI	POG25640404104	คุณพาณี มีอำพล	Active			2566-09-25				500000	0.1	THB	2566-09-25		500000					9 เดือน
dm_13e5a953	WCI	POG2564040108	บจ.แอคชัวเรียลบิซ	Close			2023-12-15				10000000	0.1	THB	2023-12-15		10000000					12 เดือน
dm_fbbb5c4d	WCI	POG2564040122	บจ.แอคชัวเรียลบิซ	Close			2023-12-15				15000000	0.1	THB	2023-12-15		15000000					12 เดือน
dm_8e4f3ec4	WCI	POG2564040110	คุณธเนศ ลีลาภรณ์	Close			2023-12-18				5000000	0.1	THB	2023-12-18		5000000					12 เดือน
dm_a250d665	WCI	POG2564040128	คุณนิตยา รุ่งอนันต์ชัย	Active			2024-03-15				3000000	0.1	THB	2024-03-15		3000000					12 เดือน
dm_de17e3f1	WCI	POG2567030002	คุณนพวรรณ ไกรฤกษ์	Active			2024-03-15				20000000	0.1	THB	2024-03-15		20000000					12 เดือน
dm_5e859c7e	WCI	POG2567030004	คุณพัทธนัน ชัญมาตรกิจ	Active			2024-04-09				2000000	0.1	THB	2024-04-09		2000000					12 เดือน
dm_8d3e4d9b	WCI	POG2567040002	คุณจิตติ มกร์ดารา	Close			2024-04-22				3000000	0.1	THB	2024-04-22		3000000					12 เดือน
dm_5c71fcfe	WCI	POG2567050008	คุณรวี มะโนทัย	Active			2024-06-14				1000000	0.1	THB	2024-06-14		1000000					12 เดือน
dm_5c63f016	WCI	POG2567050006	คุณปิยพร จวนรมณีย์	Active			2024-05-24				2000000	0.1	THB	2024-05-24		2000000					12 เดือน
dm_8ac14a8c	WCI	POG2567050002	คุณสัญชญา รัตนะกนก	Close			2024-05-27				2000000	0.1	THB	2024-05-27		2000000					12 เดือน
dm_2cf08194	WCI	POG2567050010	คุณสัญชญา รัตนะกนก	Close							40000000	0.1	THB			40000000					12 เดือน
dm_4c89d8bb	WCI	POG2567050014	คุณสัญชญา รัตนะกนก	Active			2024-06-07				4000000	0.1	THB	2024-06-07		4000000					12 เดือน
dm_91f58f64	WCI	POG256706002	คุณสัญชญา รัตนะกนก	Active			2024-06-14				10000000	0.1	THB	2024-06-14		10000000					12 เดือน
dm_82c97234	WCI	POG2564040064	คุณสัญชญา รัตนะกนก	Active			2023-07-07				5000000	0.1	THB	2023-07-07		5000000					12 เดือน
dm_b928c523	WCI	POG256709001B	คุณวรชัย ชื่นชมพูนุท	Close			2024-09-24				2000000	0.1	THB	2024-09-24		2000000					12 เดือน
dm_fc6d88cd	WCI	POG256710001B	คุณสัญชญา รัตนะกนก	Active			2024-10-25				4000000	0.1	THB	2024-10-25		4000000					12 เดือน
dm_37643e32	WCI	POG256710002B	คุณณิฌา หาญฤทธิรงค์	Active			2024-10-25				2000000	0.1	THB	2024-10-25		2000000					12 เดือน
dm_ae191e56	WCI	POG256711001B	คุณกฤษฎา ตติยกวี	Close			2024-11-05				20000000	0.1	THB	2024-11-05		20000000					3 เดือน
dm_6a3a8a9a	WCI	POG256711002B	หม่อมหลวง วรุตม์ วรวรรณ	Active			2024-12-19				5000000	0.1	THB	2024-12-19		5000000					12 เดือน
dm_2cb3208c	WCI	POG256712001B	คุณเอกลักษณ์ รุ่งอนันต์ชัย	Active			2024-12-12				10000000	0.1	THB	2024-12-12		10000000					12 เดือน
dm_c23b3d52	WCI	POG256801001B	คุณพัชรินทร์ เชาว์ชาญกิจ	Active			2025-01-20				1500000	0.1	THB	2025-01-20		1500000					12 เดือน
dm_e4722e25	WCI	POG256801002B	คุณปัทมา เชาว์ชาญกิจ	Active			2025-01-20				500000	0.1	THB	2025-01-20		500000					12 เดือน
dm_2e140fd8	WCI	POG2564040037E04A	คุณพิภู ดีเสาวภาคย์	Active			2025-03-01				3000000	0.1	THB	2025-03-01		3000000					12 เดือน
dm_c4637e51	WCI	POG256804001B	คุณจิตติ มกร์ดารา	Close			2025-05-02				3000000	0.1	THB	2025-05-02		3000000					12 เดือน
dm_d6fa1f7f	WCI	POG256804002B	คุณภาวิลาส เชาว์ชาญกิจ	Active			2025-05-24				2500000	0.1	THB	2025-05-24		2500000					12 เดือน
dm_45c653c5	WCI	POG256807001B	คุณภาวิลาส เชาว์ชาญกิจ	Active			2025-07-11				3000000	0.1	THB	2025-07-11		3000000					12 เดือน
dm_8293809d	WCI	POG256901001B	คุณภาวิลาส เชาว์ชาญกิจ	Active			2026-01-15				1000000	0.1	THB	2026-01-15		1000000					12 เดือน
dm_24e36813	Non-WCI	POG20220705001	คุณภัทริณี กรรณสูต	Active			2022-07-04				2000000	0.1	THB	2022-07-04		2000000					6 เดือน
dm_c581f99f	Non-WCI	Non-WCI-2.ทรัพย์เติมสุข	บริษัท ทรัพย์เติมสุข จำกัด	Active			2022-01-31				1233396.81		THB	2022-01-31		1233396.81					
dm_f6580290	Non-WCI	Non-WCI-3.ทรัพย์เติมสุข	บริษัท ทรัพย์เติมสุข จำกัด	Active			2023-01-13				2000000		THB	2023-01-13		2000000					
dm_d5c84711	Non-WCI	Non-WCI-3.ทรัพย์เติมสุข(2)	บริษัท ทรัพย์เติมสุข จำกัด	Active			2023-01-13				400000		THB	2023-01-13		400000					
dm_16a6b6ee	Non-WCI	Non-WCI-4.ทรัพย์เติมสุข	บริษัท ทรัพย์เติมสุข จำกัด	Active			2024-12-08				5000000		THB	2024-12-08		5000000					
dm_dd8d829e	Non-WCI	Non-WCI-5.ทรัพย์เติมสุข	บริษัท ทรัพย์เติมสุข จำกัด	Active			2025-02-20				15000000		THB	2025-02-20		15000000					
dm_0d6f8924	กรรมการ	กรรมการ-1.คุณกฤตวัฒน์	คุณกฤตวัฒน์ เลื่อนราม	Active			2023-12-25				16000000	0.07	THB	2023-12-25		16000000					จนกว่าจะทวงถามและชำระภายใน 15 วัน
dm_ce7425b3	กรรมการ	กรรมการ-2.คุณกฤตวัฒน์(2)	คุณกฤตวัฒน์ เลื่อนราม	Active			2024-03-05				7700000	0.07	THB	2024-03-05		7700000					จนกว่าจะทวงถามและชำระภายใน 15 วัน
dm_ed095022	กรรมการ	กรรมการ-3.คุณกฤตวัฒน์(3)	คุณกฤตวัฒน์ เลื่อนราม	Active			2024-06-14				15000000	0.07	THB	2024-06-14		15000000					จนกว่าจะทวงถามและชำระภายใน 15 วัน
dm_cd7d758c	กรรมการ	กรรมการ-4.คุณกฤตวัฒน์(4)	คุณกฤตวัฒน์ เลื่อนราม	Active			2024-06-27				10000000	0.07	THB	2024-06-27		10000000					จนกว่าจะทวงถามและชำระภายใน 15 วัน
dm_26b3fdf9	กรรมการ	กรรมการ-5.คุณกฤตวัฒน์(5)	คุณกฤตวัฒน์ เลื่อนราม	Active			2024-06-30				3000000	0.07	THB	2024-06-30		3000000					จนกว่าจะทวงถามและชำระภายใน 15 วัน
dm_54012702	กรรมการ	กรรมการ-6.คุณกฤตวัฒน์(6)	คุณกฤตวัฒน์ เลื่อนราม	Active			2024-11-22				4000000	0.07	THB	2024-11-22		4000000					จนกว่าจะทวงถามและชำระภายใน 15 วัน
dm_85e5d9b6	กรรมการ	กรรมการ-7.คุณกฤตวัฒน์(7)	คุณกฤตวัฒน์ เลื่อนราม	Active							45621	45622	THB			45621					0.07
dm_58c5e4be	กรรมการ	กรรมการ-8.คุณกฤตวัฒน์(8)	คุณกฤตวัฒน์ เลื่อนราม	Active							45628	45629	THB			45628					0.07
dm_af0a026e	กรรมการ	กรรมการ-9.คุณกฤตวัฒน์(9)	คุณกฤตวัฒน์ เลื่อนราม	Active			2024-12-20				2000000	0.07	THB	2024-12-20		2000000					จนกว่าจะทวงถามและชำระภายใน 15 วัน
dm_a65124b4	กรรมการ	กรรมการ-10.คุณกฤตวัฒน์(10)	คุณกฤตวัฒน์ เลื่อนราม	Active			2025-01-17				1300000	0.07	THB	2025-01-17		1300000					จนกว่าจะทวงถามและชำระภายใน 15 วัน
dm_a5b4435d	กรรมการ	กรรมการ-11.คุณกฤตวัฒน์(11)	คุณกฤตวัฒน์ เลื่อนราม	Active			2025-01-17				200000	0.07	THB	2025-01-17		200000					จนกว่าจะทวงถามและชำระภายใน 15 วัน
dm_098944fc	กรรมการ	กรรมการ-12.คุณกฤตวัฒน์(12)	คุณกฤตวัฒน์ เลื่อนราม	Active			2025-02-28				8000000	0.07	THB	2025-02-28		8000000					จนกว่าจะทวงถามและชำระภายใน 15 วัน
dm_c3c8d881	LockWood	LockWood-1.กฤษฏาเก่า	คุณกฤษฏา ตติยกวี	Active			2024-03-25				80000000	0.1	THB	2024-03-25		80000000					12
dm_8838b662	LockWood	LockWood-1.กฤษฏา(ปิด)	คุณกฤษฏา ตติยกวี	Close			2024-03-25				80000000	0.1	THB	2024-03-25		80000000					12
dm_be437fb1	LockWood	LockWood-2.กฤษฏา(ปิด)	คุณกฤษฏา ตติยกวี	Close			2025-03-25				50000000	0.1	THB	2025-03-25		50000000					12
dm_530dd4db	LockWood	LockWood-3.กฤษฏา(ปิด)	คุณกฤษฏา ตติยกวี	Close			2025-03-25				30000000	0.1	THB	2025-03-25		30000000					12
dm_4fcf0e29	LockWood	LockWood-4.กฤษฏา	คุณกฤษฏา ตติยกวี	Active			2026-04-01				20000000	0.1	THB	2026-04-01		20000000					12
dm_fb2de7fb	LockWood	LockWood-5.กฤษฏา	คุณกฤษฏา ตติยกวี	Active			2026-04-01				20000000	0.1	THB	2026-04-01		20000000					12
dm_19928a1b	Zigo	Zigo-1.ZICO(ปิด)	ZICO TRUST (S) LTD.	Close			2024-02-02				800000	0.12	USD	2024-02-02		800000					จนกว่าจะทวงถามและชำระภายใน 15 วัน
dm_5a41e03a	Zigo	Zigo-1.ZICO-(ปิด)	ZICO TRUST (S) LTD.	Close			2024-02-02				800000	0.12	USD	2024-02-02		800000					จนกว่าจะทวงถามและชำระภายใน 15 วัน
dm_9a7a564b	Zigo	Zigo-2.ZICO(ปิด)	ZICO TRUST (S) LTD.	Close			2024-07-30				250000	0.15	USD	2024-07-30		250000					จนกว่าจะทวงถามและชำระภายใน 15 วัน
dm_bd38fe43	Zigo	Zigo-3.ZICO(ปิด)	ZICO TRUST (S) LTD.	Close			2024-08-16				400000	0.12	USD	2024-08-16		400000					จนกว่าจะทวงถามและชำระภายใน 15 วัน
dm_6aea2a4f	Zigo	Zigo-4.ZICO	ZICO TRUST (S) LTD.	Active			2024-10-10				250000	0.12	USD	2024-10-10		250000					จนกว่าจะทวงถามและชำระภายใน 15 วัน
dm_706475a6	Zigo	Zigo-5.ZICO	ZICO TRUST (S) LTD.	Active			2024-10-17				300000	0.14	USD	2024-10-17		300000					จนกว่าจะทวงถามและชำระภายใน 15 วัน
dm_c07cfd9e	Zigo	Zigo-6.ZICO(ปิด)	ZICO TRUST (S) LTD.	Close			2025-02-17				550000	0.12	USD	2025-02-17		550000					3 เดือน
dm_b5fc68c6	Zigo	Zigo-07.LOCKWOOD(ปิด)	LOCKWOOD VENTURE GROUP	Close			2025-02-19				150000	0.15	USD	2025-02-19		150000					3 เดือน
dm_afcba443	Employyim	Employyim-1.	MR.LEW CHIEH YONG	Active			2026-02-22				10000000	0.14	THB	2026-02-22		10000000					12
dm_9fea3cf3	ลีซอิท	LITSM/PBF/67-11103	STR011-PL-บริเวณแทงค์น้ำประปาเขาแกว ม.4 ต.ไร่ใหม่ อ.สามร้อยยอด จ.ประจวบคีรีขันธ์	Close	บมจ.ลีซอิท		2024-11-28	2025-01-28	61	3	2700000	0.15	THB	2024-11-28		2700000			STR011	STR011-PL-บริเวณแทงค์น้ำประปาเขาแกว ม.4 ต.ไร่ใหม่ อ.สามร้อยยอด จ.ประจวบคีรีขันธ์	Non-Active
dm_42b77618	ลีซอิท	LITSM/PBF/67-11104	AW069-PLS-บ้านห้วยทราย ม.6 ต.นาเชือก อ.นาเชือก จ.มหาสารคาม	Close	บมจ.ลีซอิท		2024-11-28	2025-02-27	91	2	1890000	0.15	THB	2024-11-28		1890000			AW069	AW069-PLS-บ้านห้วยทราย ม.6 ต.นาเชือก อ.นาเชือก จ.มหาสารคาม	Non-Active
dm_a60bf4e8	ลีซอิท	LITSM/PBF/67-11105	AW065-PL-บ้านบางเตยเหนือ ม.1 ต.บางเตย อ.เมืองพังงา จ.พังงา	Close	บมจ.ลีซอิท		2024-11-28	2025-02-27	91	3	1890000	0.15	THB	2024-11-28		1890000			AW065	AW065-PL-บ้านบางเตยเหนือ ม.1 ต.บางเตย อ.เมืองพังงา จ.พังงา	Non-Active
dm_d9d2cfb8	ลีซอิท	LITSM/PBF/68-01022	เทศบาลตำบลบัลลังก์ 20 จุด	Close	บมจ.ลีซอิท		2025-01-29	2025-05-02	93	5	12730000	0.15	THB	2025-01-29		12730000			ENC063	เทศบาลตำบลบัลลังก์ 20 จุด	Non-Active
dm_bcedc880	ลีซอิท	LITSM/PBF/68-02031	ENC087-PD-บ้านทะเล ม.4 ต.เสมา อ.สูงเนิน จ.นครราชสีมา	Close	บมจ.ลีซอิท		2025-02-18	2025-05-19	90	5	550000	0.15	THB	2025-02-18		550000			ENC087	ENC087-PD-บ้านทะเล ม.4 ต.เสมา อ.สูงเนิน จ.นครราชสีมา	Non-Active
dm_89aa14bd	ลีซอิท	LITSM/PBF/68-02032	TTI043-PDH-บ้านเขาแดง ม.11 ต.สาริกา อ.เมืองนครนายก จ.นครนายก	Close	บมจ.ลีซอิท		2025-02-18	2025-05-19	90	5	550000	0.15	THB	2025-02-18		550000			TTI043	TTI043-PDH-บ้านเขาแดง ม.11 ต.สาริกา อ.เมืองนครนายก จ.นครนายก	Non-Active
dm_a2ee7b45	ลีซอิท	LITSM/PBF/68-02033	TTI035-PD-ตลาดกลางสินค้าเกษตรสระแก้ว ม.1 ต.ศาลาลำดวน อ.เมืองสระแก้ว จ.สระแก้ว	Close	บมจ.ลีซอิท		2025-02-18	2025-05-19	90	5	550000	0.15	THB	2025-02-18		550000			TTI035	TTI035-PD-ตลาดกลางสินค้าเกษตรสระแก้ว ม.1 ต.ศาลาลำดวน อ.เมืองสระแก้ว จ.สระแก้ว	Non-Active
dm_951a1fed	ลีซอิท	LITSM/PBF/68-01021	ม.1 ต.เขาพระ อ.รัตภูมิจ.สงขลา (5 จุด)	Close	บมจ.ลีซอิท		2025-01-29	2025-05-02	93	5	3245000	0.15	THB	2025-01-29		3245000			PP039	ม.1 ต.เขาพระ อ.รัตภูมิจ.สงขลา (5 จุด)	Non-Active
dm_957be55a	ลีซอิท	LITSM/PBF/68-02034	TTI036-PD-โรงเรียนบ้านศาลาลำดวน ม.2 ต.ศาลาลำดวน อ.เมืองสระแก้ว จ.สระแก้ว	Close	บมจ.ลีซอิท		2025-02-18	2025-05-19	90	5	550000	0.15	THB	2025-02-18		550000			TTI036	TTI036-PD-โรงเรียนบ้านศาลาลำดวน ม.2 ต.ศาลาลำดวน อ.เมืองสระแก้ว จ.สระแก้ว	Non-Active
dm_1ce6f542	ลีซอิท	LITSM/PBF/68-01018	INS026-PD-บ้านม่วงคำ ม.1 ต.ม่วงคำ อ.พาน จ.เชียงราย	Close	บมจ.ลีซอิท		2025-01-29	2025-05-02	93	5	550000	0.15	THB	2025-01-29		550000			INS026	INS026-PD-บ้านม่วงคำ ม.1 ต.ม่วงคำ อ.พาน จ.เชียงราย	Non-Active
dm_7a9699f1	ลีซอิท	LITSM/PBF/68-01019	INS027-PD-บ้านสันผักแค ม.5 ต.ม่วงคำ อ.พาน จ.เชียงราย	Close	บมจ.ลีซอิท		2025-01-29	2025-05-02	93	5	550000	0.15	THB	2025-01-29		550000			INS027	INS027-PD-บ้านสันผักแค ม.5 ต.ม่วงคำ อ.พาน จ.เชียงราย	Non-Active
dm_07df4bb0	ลีซอิท	LITSM/PBF/68-01020	INS028-PD-บ้านสันน้ำบ่อ ม.6 ต.ม่วงคำ อ.พาน จ.เชียงราย	Close	บมจ.ลีซอิท		2025-01-29	2025-05-02	93	5	550000	0.15	THB	2025-01-29		550000			INS028	INS028-PD-บ้านสันน้ำบ่อ ม.6 ต.ม่วงคำ อ.พาน จ.เชียงราย	Non-Active
dm_3a6c05d4	ลีซอิท	LITSM/PBF/68-02038	PP044-PDH-บ้านด่าน ม.1 ต.กะเปอร์ อ.กะเปอร์ จ.ระนอง	Close	บมจ.ลีซอิท		2025-02-21	2025-05-22	90	5	550000	0.15	THB	2025-02-21		550000			PP044	PP044-PDH-บ้านด่าน ม.1 ต.กะเปอร์ อ.กะเปอร์ จ.ระนอง	Non-Active
dm_82335513	ลีซอิท	LITSM/PBF/68-02039	PP038-PDH-บ้านดอนรัก ม.2 ต.ทุ่งกง อ.กาญจนดิษฐ์ จ.สุราษฎร์ธานี	Close	บมจ.ลีซอิท		2025-02-21	2025-05-22	90	5	550000	0.15	THB	2025-02-21		550000			PP038	PP038-PDH-บ้านดอนรัก ม.2 ต.ทุ่งกง อ.กาญจนดิษฐ์ จ.สุราษฎร์ธานี	Non-Active
dm_0766b9bb	ลีซอิท	LITSM/PBF/68-02040	INS025-PDH-บ้านหนองโสน ม.2 ต.เสม็ดใต้ อ.บางคล้า จ.ฉะเชิงเทรา	Close	บมจ.ลีซอิท		2025-02-21	2025-05-22	90	5	550000	0.15	THB	2025-02-21		550000			INS025	INS025-PDH-บ้านหนองโสน ม.2 ต.เสม็ดใต้ อ.บางคล้า จ.ฉะเชิงเทรา	Non-Active
dm_820da5a9	ลีซอิท	LITSM/PBF/68-02041	TTI034-PDH-บ้านโคกโก่ง ม.5 ต.กุดหว้า อ.กุฉินารายณ์ จ.กาฬสินธุ์	Close	บมจ.ลีซอิท		2025-02-21	2025-05-22	90	5	550000	0.15	THB	2025-02-21		550000			TTI034	TTI034-PDH-บ้านโคกโก่ง ม.5 ต.กุดหว้า อ.กุฉินารายณ์ จ.กาฬสินธุ์	Non-Active
dm_924d9926	ลีซอิท	LITSM/PBF/68-02035	ENC095-PL-บ้านโนน ม.1 ต.โนน อ.โนนนารายณ์ จ.สุรินทร์	Close	บมจ.ลีซอิท		2025-02-18	2025-05-19	90	5	2700000	0.15	THB	2025-02-18		2700000			ENC095	ENC095-PL-บ้านโนน ม.1 ต.โนน อ.โนนนารายณ์ จ.สุรินทร์	Non-Active
dm_11f0cfcc	ลีซอิท	LITSM/PBF/68-02042	TTI040-PDH-บ้านห้วยหิน ม.3 ต.นาเชือก อ.นาเชือก จ.มหาสารคาม	Close	บมจ.ลีซอิท		2025-02-21	2025-05-22	90	5	550000	0.15	THB	2025-02-21		550000			TTI040	TTI040-PDH-บ้านห้วยหิน ม.3 ต.นาเชือก อ.นาเชือก จ.มหาสารคาม	Non-Active
dm_64b8e3e0	ลีซอิท	LITSM/PBF/68-02043	ENC094-PD-บ้านดงมะปินหวาน ม.8 ต.ศรีเตี้ย อ.บ้านโฮ่ง จ.ลำพูน	Close	บมจ.ลีซอิท		2025-02-21	2025-05-22	90	5	550000	0.15	THB	2025-02-21		550000			ENC094	ENC094-PD-บ้านดงมะปินหวาน ม.8 ต.ศรีเตี้ย อ.บ้านโฮ่ง จ.ลำพูน	Non-Active
dm_2a06bd4c	ลีซอิท	LITSM/PBF/68-02044	ENC090-PD-บ้านหล่ายแก้ว ม.1 ต.ศรีเตี้ย อ.บ้านโฮ่ง จ.ลำพูน	Close	บมจ.ลีซอิท		2025-02-21	2025-05-22	90	5	550000	0.15	THB	2025-02-21		550000			ENC090	ENC090-PD-บ้านหล่ายแก้ว ม.1 ต.ศรีเตี้ย อ.บ้านโฮ่ง จ.ลำพูน	Non-Active
dm_9e29088a	ลีซอิท	LITSM/PBF/68-02045	ENC092-PD-บ้านหนองสะลิง ม.4 ต.ศรีเตี้ย อ.บ้านโฮ่ง จ.ลำพูน	Close	บมจ.ลีซอิท		2025-02-21	2025-05-22	90	5	550000	0.15	THB	2025-02-21		550000			ENC092	ENC092-PD-บ้านหนองสะลิง ม.4 ต.ศรีเตี้ย อ.บ้านโฮ่ง จ.ลำพูน	Non-Active
dm_21bd44f3	ลีซอิท	LITSM/PBF/68-02046	ENC093-PD-บ้านศรีลาภรณ์ ม.7 ต.ศรีเตี้ย อ.บ้านโฮ่ง จ.ลำพูน	Close	บมจ.ลีซอิท		2025-02-21	2025-05-22	90	5	550000	0.15	THB	2025-02-21		550000			ENC093	ENC093-PD-บ้านศรีลาภรณ์ ม.7 ต.ศรีเตี้ย อ.บ้านโฮ่ง จ.ลำพูน	Non-Active
dm_afa84772	ลีซอิท	LITSM/PBF/68-02047	ENC091-PD-บ้านสันปูเลย ม.2 ต.ศรีเตี้ย อ.บ้านโฮ่ง จ.ลำพูน	Close	บมจ.ลีซอิท		2025-02-21	2025-05-22	90	5	550000	0.15	THB	2025-02-21		550000			ENC091	ENC091-PD-บ้านสันปูเลย ม.2 ต.ศรีเตี้ย อ.บ้านโฮ่ง จ.ลำพูน	Non-Active
dm_d0663905	ลีซอิท	LITSM/PBF/68-02048	STR051-PM-บ้านย่านยาว ม.8 ต.ย่านยาว อ.สามชุก จ.สุพรรณบุรี	Close	บมจ.ลีซอิท		2025-02-21	2025-05-22	90	5	1700000	0.15	THB	2025-02-21		1700000			STR051	STR051-PM-บ้านย่านยาว ม.8 ต.ย่านยาว อ.สามชุก จ.สุพรรณบุรี	Non-Active
dm_3d81d172	ลีซอิท	LITSM/PBF/68-02050	AW144-PLS-บ้านดงมัน ม.4 ต.คำนาดี อ.โพนทอง จ.ร้อยเอ็ด	Close	บมจ.ลีซอิท		2025-02-21	2025-05-22	90	5	2700000	0.15	THB	2025-02-21		2700000			AW144	AW144-PLS-บ้านดงมัน ม.4 ต.คำนาดี อ.โพนทอง จ.ร้อยเอ็ด	Non-Active
dm_902ec0fc	ลีซอิท	LITSM/PBF/68-02051	AW145-PLS-บ้านปากช่อง ม.8 ต.คำนาดี อ.โพนทอง จ.ร้อยเอ็ด	Close	บมจ.ลีซอิท		2025-02-21	2025-05-22	90	5	2700000	0.15	THB	2025-02-21		2700000			AW145	AW145-PLS-บ้านปากช่อง ม.8 ต.คำนาดี อ.โพนทอง จ.ร้อยเอ็ด	Non-Active
dm_459ec790	ลีซอิท	LITSM/PBF/68-02052	AW146-PLS-บ้านบึงงาม ม.10 ต.คำนาดี อ.โพนทอง จ.ร้อยเอ็ด	Close	บมจ.ลีซอิท		2025-02-21	2025-05-22	90	5	2700000	0.15	THB	2025-02-21		2700000			AW146	AW146-PLS-บ้านบึงงาม ม.10 ต.คำนาดี อ.โพนทอง จ.ร้อยเอ็ด	Non-Active
dm_5500798f	ลีซอิท	lITSM/PBF/68-11193	เงินกู้ยืมระยะยาว วงเงิน 20,000,000 บาท	Active	บมจ.ลีซอิท		2025-11-28	2028-11-27	1095	11	20000000		THB	2025-11-28		20000000			-2146826246	เงินกู้ยืมระยะยาว วงเงิน 20,000,000 บาท	Active
dm_e17478c1	ลีซอิท	LITSM/PBF/68-11201	บ้านหัวป่าขลุ่ ม.3 ต.ป่าระกำ อ.ปากพนัง จ.นครศรีธรรมราช	Close	บมจ.ลีซอิท		2025-12-04	2026-04-03	120	4	550000		THB	2025-12-04		550000			PP054	บ้านหัวป่าขลุ่ ม.3 ต.ป่าระกำ อ.ปากพนัง จ.นครศรีธรรมราช	Non-Active
dm_fef7a200	ลีซอิท	LITSM/PBF/68-11201	บ้านป่าระกำ ม.4 ต.ป่าระกำ อ.ปากพนัง จ.นครศรีธรรมราช	Close	บมจ.ลีซอิท		2025-12-04	2026-04-03	120	4	550000		THB	2025-12-04		550000			PP055	บ้านป่าระกำ ม.4 ต.ป่าระกำ อ.ปากพนัง จ.นครศรีธรรมราช	Non-Active
dm_d85518f7	ลีซอิท	LITSM/PBF/68-11201	บ้านในไร่ ม.5 ต.ป่าระกำ อ.ปากพนัง จ.นครศรีธรรมราช	Close	บมจ.ลีซอิท		2025-12-04	2026-04-03	120	4	550000		THB	2025-12-04		550000			PP056	บ้านในไร่ ม.5 ต.ป่าระกำ อ.ปากพนัง จ.นครศรีธรรมราช	Non-Active
dm_114ba1c5	ลีซอิท	LITSM/PBF/68-11201	บ้านป่าระกำเหนือ ม.7 ต.ป่าระกำ อ.ปากพนัง จ.นครศรีธรรมราช	Close	บมจ.ลีซอิท		2025-12-04	2026-04-03	120	4	550000		THB	2025-12-04		550000			PP057	บ้านป่าระกำเหนือ ม.7 ต.ป่าระกำ อ.ปากพนัง จ.นครศรีธรรมราช	Non-Active
dm_9a6cd837	ลีซอิท	LITSM/PBF/68-11201	ENC155-PL-บ้านทุ่ง ม.2 ต.หลวงใต้ อ.งาว จ.ลำปาง	Close	บมจ.ลีซอิท		2025-12-04	2026-04-03	120	4	2695000		THB	2025-12-04		2695000			ENC155	ENC155-PL-บ้านทุ่ง ม.2 ต.หลวงใต้ อ.งาว จ.ลำปาง	Non-Active
dm_87da6755	ลีซอิท	LITSM/PBF/68-11201	บ้านดงสวาง(โคกคำสี่หมื่น) ม.6 ต.สงเปลือย อ.นามน จ.กาฬสินธุ์	Close	บมจ.ลีซอิท		2025-12-04	2026-04-03	120	4	2939500		THB	2025-12-04		2939500			TTI053	บ้านดงสวาง(โคกคำสี่หมื่น) ม.6 ต.สงเปลือย อ.นามน จ.กาฬสินธุ์	Non-Active
dm_cdee5aad	ลีซอิท	LITSM/PBF/68-11201	ม.1 ต.หนองชุมพล อ.เขาย้อย จ.เพชรบุรี	Close	บมจ.ลีซอิท		2025-12-04	2026-04-03	120	4	2697500		THB	2025-12-04		2697500			STR067	ม.1 ต.หนองชุมพล อ.เขาย้อย จ.เพชรบุรี	Non-Active
dm_8560505b	ลีซอิท	LITSM/PBF/68-11201	บ้านพลับ ม.4 ต.ดู่ทุ่ง อ.เมืองยโสธร จ.ยโสธร	Close	บมจ.ลีซอิท		2025-12-04	2026-04-03	120	4	2697500		THB	2025-12-04		2697500			AW147	บ้านพลับ ม.4 ต.ดู่ทุ่ง อ.เมืองยโสธร จ.ยโสธร	Non-Active
dm_869a7d64	ลีซอิท	LITSM/PBF/68-11201	บ้านช่องเอี่ยว ม.7 ต.ทุ่งหลวง อ.ละแม จ.ชุมพร	Close	บมจ.ลีซอิท		2025-12-04	2026-04-03	120	4	2690000		THB	2025-12-04		2690000			PP059	บ้านช่องเอี่ยว ม.7 ต.ทุ่งหลวง อ.ละแม จ.ชุมพร	Non-Active
dm_374dcdfa	ลีซอิท	LITSM/PBF/68-11201	บ้านสระแก ม.7 ต.ทองหลาง อ.บ้านใหม่ไชยพจน์ จ.บุรีรัมย์	Close	บมจ.ลีซอิท		2025-12-04	2026-04-03	120	4	2700000		THB	2025-12-04		2700000			ENC156	บ้านสระแก ม.7 ต.ทองหลาง อ.บ้านใหม่ไชยพจน์ จ.บุรีรัมย์	Non-Active
dm_13dc1f46	ลีซอิท	LITSM/PBF/68-12215	บ้านวังขุม ม.1 ต.เขาวง อ.บ้านตาขุน จ.สุราษฎร์ธานี	Close	บมจ.ลีซอิท		2025-12-22	2026-04-22	120	4	2700000		THB	2025-12-22		2700000			PP063	บ้านวังขุม ม.1 ต.เขาวง อ.บ้านตาขุน จ.สุราษฎร์ธานี	Non-Active
dm_420ed03a	ลีซอิท	LITSM/PBF/68-12215	บ้านหนองแสง ม.1 ต.ศรีสว่าง อ.นาโพธิ์ จ.บุรีรัมย์	Close	บมจ.ลีซอิท		2025-12-22	2026-04-22	120	4	2700000		THB	2025-12-22		2700000			ENC159	บ้านหนองแสง ม.1 ต.ศรีสว่าง อ.นาโพธิ์ จ.บุรีรัมย์	Non-Active
dm_92a0c369	ลีซอิท	LITSM/PBF/68-12215	บ้านหนองไฮ ม.2 ต.หนองไฮ อ.เมือง จ.ศรีสะเกษ	Close	บมจ.ลีซอิท		2025-12-22	2026-04-22	120	4	2700000		THB	2025-12-22		2700000			AW148	บ้านหนองไฮ ม.2 ต.หนองไฮ อ.เมือง จ.ศรีสะเกษ	Non-Active
dm_15fe8672	ลีซอิท	LITSM/PBF/68-12215	บ้านทองหลาง ม.3 ต.บ้านนา อ.กะเปอร์ จ.ระนอง	Active	บมจ.ลีซอิท		2025-12-22	2026-04-22	120	4	2700000		THB	2025-12-22		2700000			PP062	บ้านทองหลาง ม.3 ต.บ้านนา อ.กะเปอร์ จ.ระนอง	Active
dm_db380d85	ลีซอิท	LITSM/PBF/68-12215	บ้านห้วยโต้ ม.4 ต.ทับปริก อ.เมืองกระบี่ จ.กระบี่	Close	บมจ.ลีซอิท		2025-12-22	2026-04-22	120	4	550000		THB	2025-12-22		550000			PP061	บ้านห้วยโต้ ม.4 ต.ทับปริก อ.เมืองกระบี่ จ.กระบี่	Non-Active
dm_7bcc28bf	ลีซอิท	LITSM/PBF/68-12220 (1)	บริเวณด้านหลังเทศบาลบ้านเพชรภูเขียว ม.1 ต.บ้านเพชร อ.ภูเขียว จ.ชัยภูมิ	Close	บมจ.ลีซอิท		2026-02-03	2026-06-04	120	6	649750		THB	2026-02-03		649750			ENC163	บริเวณด้านหลังเทศบาลบ้านเพชรภูเขียว ม.1 ต.บ้านเพชร อ.ภูเขียว จ.ชัยภูมิ	Non-Active
dm_4118437d	ลีซอิท	LITSM/PBF/68-12220 (1)	บ้านสองสลึง ม.6 ต.สองสลึง อ.แกลง จ.ระยอง	Close	บมจ.ลีซอิท		2026-02-03	2026-06-04	120	6	650000		THB	2026-02-03		650000			TWC006	บ้านสองสลึง ม.6 ต.สองสลึง อ.แกลง จ.ระยอง	Non-Active
dm_03803c0b	ลีซอิท	LITSM/PBF/68-12220 (1)	ที่ทำการองค์การบริหารส่วนตำบลวิเชตนคร ม.1 ต.วิเชตนคร อ.แจ้ห่ม จ.ลำปาง	Active	บมจ.ลีซอิท		2026-02-03	2026-06-04	120	6	550000		THB	2026-02-03		550000			ENC167	ที่ทำการองค์การบริหารส่วนตำบลวิเชตนคร ม.1 ต.วิเชตนคร อ.แจ้ห่ม จ.ลำปาง	Active
dm_8c9af056	ลีซอิท	LITSM/PBF/68-12220 (1)	บ้านดู่ทุ่ง ม.2 ต.ดู่ทุ่ง อ.เมืองยโสธร จ.ยโสธร	Close	บมจ.ลีซอิท		2026-02-03	2026-06-04	120	6	549000		THB	2026-02-03		549000			TWC007	บ้านดู่ทุ่ง ม.2 ต.ดู่ทุ่ง อ.เมืองยโสธร จ.ยโสธร	Non-Active
dm_ffc86f76	ลีซอิท	LITSM/PBF/68-12220 (1)	บ้านแม่ขิ ม.1 ต.ศรีดงเย็น อ.ไชยปราการ จ.เชียงใหม่	Close	บมจ.ลีซอิท		2026-02-03	2026-06-04	120	6	2695000		THB	2026-02-03		2695000			ENC164	บ้านแม่ขิ ม.1 ต.ศรีดงเย็น อ.ไชยปราการ จ.เชียงใหม่	Non-Active
dm_dc2169c9	ลีซอิท	LITSM/PBF/68-12220 (1)	บ้านห้วยต่อ ม.1 ต.ไม้ฝาด อ.สิเกา จ.ตรัง	Close	บมจ.ลีซอิท		2026-02-03	2026-06-04	120	6	550000		THB	2026-02-03		550000			PP070	บ้านห้วยต่อ ม.1 ต.ไม้ฝาด อ.สิเกา จ.ตรัง	Non-Active
dm_68b9543c	ลีซอิท	LITSM/PBF/68-12220 (1)	บ้านดงรัง ม.4 ต.วังคัน อ.ด่านช้าง จ.สุพรรณบุรี	Close	บมจ.ลีซอิท		2026-02-03	2026-06-04	120	6	550000		THB	2026-02-03		550000			STR069	บ้านดงรัง ม.4 ต.วังคัน อ.ด่านช้าง จ.สุพรรณบุรี	Non-Active
dm_1096c315	ลีซอิท	LITSM/PBF/68-12220 (1)	บ้านกกซาง ม.8 ต.วังคัน อ.ด่านช้าง จ.สุพรรณบุรี	Close	บมจ.ลีซอิท		2026-02-03	2026-06-04	120	6	550000		THB	2026-02-03		550000			STR070	บ้านกกซาง ม.8 ต.วังคัน อ.ด่านช้าง จ.สุพรรณบุรี	Non-Active
dm_95f378d8	ลีซอิท	LITSM/PBF/68-12220 (1)	บ้านเขาโล้น ม.9 ต.วังคัน อ.ด่านช้าง จ.สุพรรณบุรี	Close	บมจ.ลีซอิท		2026-02-03	2026-06-04	120	6	550000		THB	2026-02-03		550000			STR071	บ้านเขาโล้น ม.9 ต.วังคัน อ.ด่านช้าง จ.สุพรรณบุรี	Non-Active
dm_5be98fc8	ลีซอิท	LITSM/PBF/68-12220 (1)	บ้านโนนปีบ ม.3 ต.โนนอุดม อ.เมืองยาง จ.นครราชสีมา	Active	บมจ.ลีซอิท		2026-02-03	2026-06-04	120	6	2700000		THB	2026-02-03		2700000			ENC165	บ้านโนนปีบ ม.3 ต.โนนอุดม อ.เมืองยาง จ.นครราชสีมา	Active
dm_f557bf70	ลีซอิท	LITSM/PBF/68-12220 (1)	บ้านโนนขาม ม.4 ต.โนนอุดม อ.เมืองยาง จ.นครราชสีมา	Active	บมจ.ลีซอิท		2026-02-03	2026-06-04	120	6	2700000		THB	2026-02-03		2700000			ENC166	บ้านโนนขาม ม.4 ต.โนนอุดม อ.เมืองยาง จ.นครราชสีมา	Active
dm_27df8f5c	ลีซอิท	LITSM/PBF/68-12220 (1)	บ้านปากคลองวัด ม.8 ต.บางอ้อ อ.บ้านนา จ.นครนายก	Active	บมจ.ลีซอิท		2026-02-03	2026-06-04	120	6	2575000		THB	2026-02-03		2575000			TWC003	บ้านปากคลองวัด ม.8 ต.บางอ้อ อ.บ้านนา จ.นครนายก	Active
dm_3d3ddd01	ลีซอิท	LITSM/PBF/68-12220 (2)	บ้านห้วยม่วง ม.2 ต.นาเหลือง อ.เวียงสา จ.น่าน	Active	บมจ.ลีซอิท		2026-03-13	2026-07-12	120	7	2700000		THB	2026-03-13		2700000			INS056	บ้านห้วยม่วง ม.2 ต.นาเหลือง อ.เวียงสา จ.น่าน	Active
dm_eb642757	ลีซอิท	LITSM/PBF/68-12220 (2)	บ้านบ่อนางชี ม.11 ต.โคกสัก อ.บางแก้ว จ.พัทลุง	Active	บมจ.ลีซอิท		2026-03-13	2026-07-12	120	7	2700000		THB	2026-03-13		2700000			PP074	บ้านบ่อนางชี ม.11 ต.โคกสัก อ.บางแก้ว จ.พัทลุง	Active
dm_f4eef6ee	ลีซอิท	LITSM/PBF/68-12220 (2)	บ้านป่าลัน ม.5 ต.ปงน้อย อ.ดอยหลวง จ.เชียงราย	Active	บมจ.ลีซอิท		2026-03-13	2026-07-12	120	7	2700000		THB	2026-03-13		2700000			INS060	บ้านป่าลัน ม.5 ต.ปงน้อย อ.ดอยหลวง จ.เชียงราย	Active
dm_5ee5eb6c	ลีซอิท	LITSM/PBF/68-12220 (2)	สำนักงานองค์การบริหารส่วนตำบลวิเชตนคร ม.1 ต.วิเชตนคร อ.แจ้ห่ม จ.ลำปาง	Active	บมจ.ลีซอิท		2026-03-13	2026-07-12	120	7	2682500		THB	2026-03-13		2682500			ENC168	สำนักงานองค์การบริหารส่วนตำบลวิเชตนคร ม.1 ต.วิเชตนคร อ.แจ้ห่ม จ.ลำปาง	Active
dm_79df6738	ลีซอิท	LITSM/PBF/68-12220 (2)	บ้านสันต้นกอก ม.17 ต.แม่ข้าวต้ม อ.เมืองเชียงราย จ.เชียงราย	Active	บมจ.ลีซอิท		2026-03-13	2026-07-12	120	7	2570500		THB	2026-03-13		2570500			INS057	บ้านสันต้นกอก ม.17 ต.แม่ข้าวต้ม อ.เมืองเชียงราย จ.เชียงราย	Active
dm_8bf33508	ลีซอิท	LITSM/PBF/68-12220 (2)	บ้านชายพรุ ม.7 ต.ดอนประดู่ อ.ปากพะยูน จ.พัทลุง	Close	บมจ.ลีซอิท		2026-03-13	2026-07-12	120	7	650000		THB	2026-03-13		650000			PP071	บ้านชายพรุ ม.7 ต.ดอนประดู่ อ.ปากพะยูน จ.พัทลุง	Non-Active
dm_71fa1bb0	ลีซอิท	LITSM/PBF/68-12220 (2)	โรงเรียนเทศบาลคลองท่อมใต้ ม.2 ต.คลองท่อมใต้ อ.คลองท่อม จ.กระบี่	Active	บมจ.ลีซอิท		2026-03-13	2026-07-12	120	7	650000		THB	2026-03-13		650000			PP072	โรงเรียนเทศบาลคลองท่อมใต้ ม.2 ต.คลองท่อมใต้ อ.คลองท่อม จ.กระบี่	Active
dm_3a2a775a	ลีซอิท	LITSM/PBF/68-12220 (2)	ศูนย์พัฒนาเด็กเล็กเทศบาลตำบลคลองท่อมใต้ ม.1 ต.คลองท่อมใต้ อ.คลองท่อม จ.กระบี่	Active	บมจ.ลีซอิท		2026-03-13	2026-07-12	120	7	650000		THB	2026-03-13		650000			PP073	ศูนย์พัฒนาเด็กเล็กเทศบาลตำบลคลองท่อมใต้ ม.1 ต.คลองท่อมใต้ อ.คลองท่อม จ.กระบี่	Active
dm_aef822e3	ลีซอิท	LITSM/PBF/68-12220 (2)	บ้านดอยจำปี ม.7 ต.ป่าสัก อ.เชียงแสน จ.เชียงราย	Active	บมจ.ลีซอิท		2026-03-13	2026-07-12	120	7	550000		THB	2026-03-13		550000			INS058	บ้านดอยจำปี ม.7 ต.ป่าสัก อ.เชียงแสน จ.เชียงราย	Active
dm_f3660812	ลีซอิท	LITSM/PBF/68-12220 (2)	บ้านป่าสักน้อย ม.13 ต.ป่าสัก อ.เชียงแสน จ.เชียงราย	Active	บมจ.ลีซอิท		2026-03-13	2026-07-12	120	7	550000		THB	2026-03-13		550000			INS059	บ้านป่าสักน้อย ม.13 ต.ป่าสัก อ.เชียงแสน จ.เชียงราย	Active
dm_2be2e1fb	ลีซอิท	LITSM/PBF/68-12220 (2)	บ้านสายกลาง ม.9 ต.หนองธง อ.ป่าบอน จ.พัทลุง	Active	บมจ.ลีซอิท		2026-03-13	2026-07-12	120	7	550000		THB	2026-03-13		550000			PP075	บ้านสายกลาง ม.9 ต.หนองธง อ.ป่าบอน จ.พัทลุง	Active
dm_b36aa81d	ลีซอิท	LITSM/PBF/68-12220 (3)	บ้านป่าเหียง ม.1 ต.ออนใต้ อ.สันกำแพง จ.เชียงใหม่	Active	บมจ.ลีซอิท		2026-03-30	2026-07-29	120	7	2700000		THB	2026-03-30		2700000			ENC169	บ้านป่าเหียง ม.1 ต.ออนใต้ อ.สันกำแพง จ.เชียงใหม่	Active
dm_8d341232	ลีซอิท	LITSM/PBF/68-12220 (3)	บ้านสันเกล็ดทอง ม.7 ต.โป่งงาม อ.แม่สาย จ.เชียงราย	Active	บมจ.ลีซอิท		2026-03-30	2026-07-29	120	7	2700000		THB	2026-03-30		2700000			INS061	บ้านสันเกล็ดทอง ม.7 ต.โป่งงาม อ.แม่สาย จ.เชียงราย	Active
dm_85189f68	ลีซอิท	LITSM/PBF/68-12220 (3)	บ้านลาดบัว ม.3 ต.บ้านช้าง อ.สองพี่น้อง จ.สุพรรณบุรี	Active	บมจ.ลีซอิท		2026-03-30	2026-07-29	120	7	2699000		THB	2026-03-30		2699000			STR072	บ้านลาดบัว ม.3 ต.บ้านช้าง อ.สองพี่น้อง จ.สุพรรณบุรี	Active
dm_97236230	ลีซอิท	LITSM/PBF/68-12220 (3)	วัดโนนสุวรรณ ม.1 ต.โกรกแก้ว อ.โนนสุวรรณ จ.บุรีรัมย์	Active	บมจ.ลีซอิท		2026-03-30	2026-07-29	120	7	649750		THB	2026-03-30		649750			ENC172	วัดโนนสุวรรณ ม.1 ต.โกรกแก้ว อ.โนนสุวรรณ จ.บุรีรัมย์	Active
dm_5b796686	ลีซอิท	LITSM/PBF/68-12220 (3)	ศาลาประชาคม ม.2 ต.โกรกแก้ว อ.โนนสุวรรณ จ.บุรีรัมย์	Active	บมจ.ลีซอิท		2026-03-30	2026-07-29	120	7	649750		THB	2026-03-30		649750			ENC173	ศาลาประชาคม ม.2 ต.โกรกแก้ว อ.โนนสุวรรณ จ.บุรีรัมย์	Active
dm_14f23386	ลีซอิท	LITSM/PBF/68-12220 (3)	ศาลาประชาคม ม.6 ต.โกรกแก้ว อ.โนนสุวรรณ จ.บุรีรัมย์	Active	บมจ.ลีซอิท		2026-03-30	2026-07-29	120	7	649750		THB	2026-03-30		649750			ENC174	ศาลาประชาคม ม.6 ต.โกรกแก้ว อ.โนนสุวรรณ จ.บุรีรัมย์	Active
dm_1644a566	ลีซอิท	LITSM/PBF/68-12220 (3)	ศาลาประชาคม ม.8 ต.โกรกแก้ว อ.โนนสุวรรณ จ.บุรีรัมย์	Active	บมจ.ลีซอิท		2026-03-30	2026-07-29	120	7	649750		THB	2026-03-30		649750			ENC175	ศาลาประชาคม ม.8 ต.โกรกแก้ว อ.โนนสุวรรณ จ.บุรีรัมย์	Active
dm_5c3ccab8	ลีซอิท	LITSM/PBF/68-12220 (3)	บริเวณศูนย์พัฒนาเด็กเล็กเทศบาลตำบลบ้านเพชรภูเขียว ม.8 ต.บ้านเพชร อ.ภูเขียว จ.ชัยภูมิ	Active	บมจ.ลีซอิท		2026-03-30	2026-07-29	120	7	649750		THB	2026-03-30		649750			ENC171	บริเวณศูนย์พัฒนาเด็กเล็กเทศบาลตำบลบ้านเพชรภูเขียว ม.8 ต.บ้านเพชร อ.ภูเขียว จ.ชัยภูมิ	Active
dm_b545c935	ลีซอิท	FT-PU-69000541	บ้านดู่ทุ่ง ม.2 ต.ดู่ทุ่ง อ.เมืองยโสธร จ.ยโสธร	Close	บมจ.ลีซอิท		2026-04-10	2026-07-31	112	7	878400		THB	2026-04-10		878400			TWC007	บ้านดู่ทุ่ง ม.2 ต.ดู่ทุ่ง อ.เมืองยโสธร จ.ยโสธร	Non-Active
dm_29fc0ac6	ลีซอิท	FT-PU-69000540	บ้านทองหลาง ม.3 ต.บ้านนา อ.กะเปอร์ จ.ระนอง	Close	บมจ.ลีซอิท		2026-04-10	2026-07-31	112	7	1728000		THB	2026-04-10		1728000			PP062	บ้านทองหลาง ม.3 ต.บ้านนา อ.กะเปอร์ จ.ระนอง	Non-Active
dm_3f1b9d20	ลีซอิท	FT-PU-69000545	บ้านแม่ขิ ม.1 ต.ศรีดงเย็น อ.ไชยปราการ จ.เชียงใหม่	Active	บมจ.ลีซอิท		2026-04-10	2026-07-31	112	7	2587200		THB	2026-04-10		2587200			ENC164	บ้านแม่ขิ ม.1 ต.ศรีดงเย็น อ.ไชยปราการ จ.เชียงใหม่	Active
dm_8201b904	ลีซอิท	FT-PU-69000545	บ้านหนองแสง ม.1 ต.ศรีสว่าง อ.นาโพธิ์ จ.บุรีรัมย์	Active	บมจ.ลีซอิท		2026-04-10	2026-07-31	112	7	2592000		THB	2026-04-10		2592000			ENC159	บ้านหนองแสง ม.1 ต.ศรีสว่าง อ.นาโพธิ์ จ.บุรีรัมย์	Active
dm_cdff40d8	ลีซอิท	LITSM/PBF/68-12220 (4)	บ้านหนองดู่ ม.3 ต.กฤษณา อ.สีคิ้ว จ.นครราชสีมา	Active	บมจ.ลีซอิท		2026-04-28				2700000		THB	2026-04-28		2700000			ENC178	บ้านหนองดู่ ม.3 ต.กฤษณา อ.สีคิ้ว จ.นครราชสีมา	Active
dm_d49c302b	ลีซอิท	LITSM/PBF/68-12220 (4)	บ้านบุญเรืองใต้ ม.2 ต.บุญเรือง อ.เชียงของ จ.เชียงราย	Active	บมจ.ลีซอิท		2026-04-28				2774500		THB	2026-04-28		2774500			INS063	บ้านบุญเรืองใต้ ม.2 ต.บุญเรือง อ.เชียงของ จ.เชียงราย	Active
dm_24f24cd3	ลีซอิท	LITSM/PBF/68-12220 (4)	บ้านแดนเมือง ม.6 ต.บุญเรือง อ.เชียงของ จ.เชียงราย	Active	บมจ.ลีซอิท		2026-04-28				2774500		THB	2026-04-28		2774500			INS064	บ้านแดนเมือง ม.6 ต.บุญเรือง อ.เชียงของ จ.เชียงราย	Active
dm_8ac02a8b	ลีซอิท	LITSM/PBF/68-12220 (4)	บ้านป่าคาใต้ ม.8 ต.แม่เงิน อ.เชียงแสน จ.เชียงราย	Active	บมจ.ลีซอิท		2026-04-28				2773500		THB	2026-04-28		2773500			INS062	บ้านป่าคาใต้ ม.8 ต.แม่เงิน อ.เชียงแสน จ.เชียงราย	Active
dm_648c98ae	ลีซอิท	LITSM/PBF/68-12220 (4)	ม.1 ต.หนองปรือ อ.รัษฎา จ.ตรัง	Active	บมจ.ลีซอิท		2026-04-28				2700000		THB	2026-04-28		2700000			PP076	ม.1 ต.หนองปรือ อ.รัษฎา จ.ตรัง	Active
dm_90d0448e	STS	STS-WTP670529-001	ENC002-PL-บ้านไร่ ม.8 ต.นายาง อ.สบปราบ จ.ลำปาง	Close			2024-05-24				540000	0.15	THB	2024-06-17		540000			ENC002	ENC002-PL-บ้านไร่ ม.8 ต.นายาง อ.สบปราบ จ.ลำปาง	STS โอนสิทธิ์ - มูลค่าสัญญา 5400000
dm_eb0328e4	WCI-Project	STS-WTP670529-001-WCI	ENC002-PL-บ้านไร่ ม.8 ต.นายาง อ.สบปราบ จ.ลำปาง	Close			2024-05-24				2008000	0.10	THB	2024-05-15		2008000			ENC002	ENC002-PL-บ้านไร่ ม.8 ต.นายาง อ.สบปราบ จ.ลำปาง	WCI โอนสิทธิ์ (ผูกกับ STS=STS-WTP670529-001)
dm_8960ca8c	STS	STS-WTP670513-001(130)	PP001-PL-ม.8 ต.ท่าบอน อ.ระโนด จ.สงขลา	Close			2024-03-21				540000	0.15	THB	2024-06-05		540000			PP001	PP001-PL-ม.8 ต.ท่าบอน อ.ระโนด จ.สงขลา	STS โอนสิทธิ์ - มูลค่าสัญญา 5400000
dm_26b98c72	WCI-Project	STS-WTP670513-001(130)-WCI	PP001-PL-ม.8 ต.ท่าบอน อ.ระโนด จ.สงขลา	Close			2024-03-21				2160000	0.10	THB	2024-05-15		2160000			PP001	PP001-PL-ม.8 ต.ท่าบอน อ.ระโนด จ.สงขลา	WCI โอนสิทธิ์ (ผูกกับ STS=STS-WTP670513-001(130))
dm_ca3eafc1	STS	STS-WTP670529-002	INS001-PL-บ้านนาขุม ม.1 ต.นาขุม อ.บ้านโคก จ.อุตรดิตถ์	Close			2024-05-23				540000	0.15	THB	2024-06-27		540000			INS001	INS001-PL-บ้านนาขุม ม.1 ต.นาขุม อ.บ้านโคก จ.อุตรดิตถ์	STS โอนสิทธิ์ - มูลค่าสัญญา 5400000
dm_1f334ac7	WCI-Project	STS-WTP670529-002-WCI	INS001-PL-บ้านนาขุม ม.1 ต.นาขุม อ.บ้านโคก จ.อุตรดิตถ์	Close			2024-05-23				2160000	0.10	THB	2024-05-15		2160000			INS001	INS001-PL-บ้านนาขุม ม.1 ต.นาขุม อ.บ้านโคก จ.อุตรดิตถ์	WCI โอนสิทธิ์ (ผูกกับ STS=STS-WTP670529-002)
dm_d61e9660	STS	STS-WTP670529-003	PP002-PL-บ้านหารบัว ม.9 ต.ทุ่งนารี อ.ป่าบอน จ.พัทลุง	Close			2024-05-27				540000	0.15	THB	2024-06-27		540000			PP002	PP002-PL-บ้านหารบัว ม.9 ต.ทุ่งนารี อ.ป่าบอน จ.พัทลุง	STS โอนสิทธิ์ - มูลค่าสัญญา 5400000
dm_f6371325	WCI-Project	STS-WTP670529-003-WCI	PP002-PL-บ้านหารบัว ม.9 ต.ทุ่งนารี อ.ป่าบอน จ.พัทลุง	Close			2024-05-27				2008000	0.10	THB	2024-06-04		2008000			PP002	PP002-PL-บ้านหารบัว ม.9 ต.ทุ่งนารี อ.ป่าบอน จ.พัทลุง	WCI โอนสิทธิ์ (ผูกกับ STS=STS-WTP670529-003)
dm_57c98660	STS	STS-WTP670529-004	TTI001-PL-บ้านหนองรี ม.5 ต.เมืองเก่า อ.กบินทร์บุรี จ.ปราจีนบุรี	Close			2024-05-28				539900	0.15	THB	2024-06-27		539900			TTI001	TTI001-PL-บ้านหนองรี ม.5 ต.เมืองเก่า อ.กบินทร์บุรี จ.ปราจีนบุรี	STS โอนสิทธิ์ - มูลค่าสัญญา 5399000
dm_b0b0239d	WCI-Project	STS-WTP670529-004-WCI	TTI001-PL-บ้านหนองรี ม.5 ต.เมืองเก่า อ.กบินทร์บุรี จ.ปราจีนบุรี	Close			2024-05-28				2159600	0.10	THB	2024-06-04		2159600			TTI001	TTI001-PL-บ้านหนองรี ม.5 ต.เมืองเก่า อ.กบินทร์บุรี จ.ปราจีนบุรี	WCI โอนสิทธิ์ (ผูกกับ STS=STS-WTP670529-004)
dm_21d4dd29	STS	STS-WTP670610-001(142)	ENC018-PL-บ้านเนินสำราญ ม.2 ต.ไทรงาม อ.ไทรงาม จ.กำแพงเพชร	Close			2024-06-11				540000	0.15	THB	2024-07-31		540000			ENC018	ENC018-PL-บ้านเนินสำราญ ม.2 ต.ไทรงาม อ.ไทรงาม จ.กำแพงเพชร	STS โอนสิทธิ์ - มูลค่าสัญญา 5400000
dm_4a8a1a20	WCI-Project	STS-WTP670610-001(142)-WCI	ENC018-PL-บ้านเนินสำราญ ม.2 ต.ไทรงาม อ.ไทรงาม จ.กำแพงเพชร	Close			2024-06-11				2008000	0.10	THB	2024-06-05		2008000			ENC018	ENC018-PL-บ้านเนินสำราญ ม.2 ต.ไทรงาม อ.ไทรงาม จ.กำแพงเพชร	WCI โอนสิทธิ์ (ผูกกับ STS=STS-WTP670610-001(142))
dm_60f6b087	STS	STS-WTP670610-002(143)	STR007-PL-บ้านย่านยาว ม.3 ต.ย่านยาว อ.สามชุก จ.สุพรรณบุรี	Close			2024-06-10				540000	0.15	THB	2024-07-31		540000			STR007	STR007-PL-บ้านย่านยาว ม.3 ต.ย่านยาว อ.สามชุก จ.สุพรรณบุรี	STS โอนสิทธิ์ - มูลค่าสัญญา 5400000
dm_c487dd61	WCI-Project	STS-WTP670610-002(143)-WCI	STR007-PL-บ้านย่านยาว ม.3 ต.ย่านยาว อ.สามชุก จ.สุพรรณบุรี	Close			2024-06-10				2160000	0.10	THB	2024-06-07		2160000			STR007	STR007-PL-บ้านย่านยาว ม.3 ต.ย่านยาว อ.สามชุก จ.สุพรรณบุรี	WCI โอนสิทธิ์ (ผูกกับ STS=STS-WTP670610-002(143))
dm_fef5ec8b	STS	STS-WTP670529-009 (140)	ENC001-PL-บ้านนา ม.2 ต.บ้านนา อ.วชิรบารมี จ.พิจิตร	Close			2024-05-24				540000	0.15	THB	2024-07-30		540000			ENC001	ENC001-PL-บ้านนา ม.2 ต.บ้านนา อ.วชิรบารมี จ.พิจิตร	STS โอนสิทธิ์ - มูลค่าสัญญา 5397000
dm_436225cf	WCI-Project	STS-WTP670529-009 (140)-WCI	ENC001-PL-บ้านนา ม.2 ต.บ้านนา อ.วชิรบารมี จ.พิจิตร	Close			2024-05-24				2160000	0.10	THB	2024-06-19		2160000			ENC001	ENC001-PL-บ้านนา ม.2 ต.บ้านนา อ.วชิรบารมี จ.พิจิตร	WCI โอนสิทธิ์ (ผูกกับ STS=STS-WTP670529-009 (140))
dm_893e1c40	STS	STS-WTP670529-005 (136)	ENC006-PL-บ้านโนนสะอาด ม.2 ต.บ้านแวง อ.พุทไธสง จ.บุรีรัมย์	Close			2024-05-27				540000	0.15	THB	2024-07-15		540000			ENC006	ENC006-PL-บ้านโนนสะอาด ม.2 ต.บ้านแวง อ.พุทไธสง จ.บุรีรัมย์	STS โอนสิทธิ์ - มูลค่าสัญญา 5400000
dm_14d65de1	WCI-Project	STS-WTP670529-005 (136)-WCI	ENC006-PL-บ้านโนนสะอาด ม.2 ต.บ้านแวง อ.พุทไธสง จ.บุรีรัมย์	Close			2024-05-27				2160000	0.10	THB	2024-06-21		2160000			ENC006	ENC006-PL-บ้านโนนสะอาด ม.2 ต.บ้านแวง อ.พุทไธสง จ.บุรีรัมย์	WCI โอนสิทธิ์ (ผูกกับ STS=STS-WTP670529-005 (136))
dm_828a136c	STS	STS-WTP670529-006 (137)	ENC005-PL-บ้านแวง ม.1 ต.บ้านแวง อ.พุทไธสง จ.บุรีรัมย์	Close			2024-05-27				540000	0.15	THB	2024-07-30		540000			ENC005	ENC005-PL-บ้านแวง ม.1 ต.บ้านแวง อ.พุทไธสง จ.บุรีรัมย์	STS โอนสิทธิ์ - มูลค่าสัญญา 5400000
dm_255c6c7e	WCI-Project	STS-WTP670529-006 (137)-WCI	ENC005-PL-บ้านแวง ม.1 ต.บ้านแวง อ.พุทไธสง จ.บุรีรัมย์	Close			2024-05-27				2160000	0.10	THB	2024-06-21		2160000			ENC005	ENC005-PL-บ้านแวง ม.1 ต.บ้านแวง อ.พุทไธสง จ.บุรีรัมย์	WCI โอนสิทธิ์ (ผูกกับ STS=STS-WTP670529-006 (137))
dm_6f8b9bdc	STS	STS-WTP670529-007 (138)	ENC007-PL-บ้านสระแวง ม.7 ต.บ้านแวง อ.พุทไธสง จ.บุรีรัมย์	Close			2024-05-27				540000	0.15	THB	2024-07-30		540000			ENC007	ENC007-PL-บ้านสระแวง ม.7 ต.บ้านแวง อ.พุทไธสง จ.บุรีรัมย์	STS โอนสิทธิ์ - มูลค่าสัญญา 5400000
dm_e5af6d1d	WCI-Project	STS-WTP670529-007 (138)-WCI	ENC007-PL-บ้านสระแวง ม.7 ต.บ้านแวง อ.พุทไธสง จ.บุรีรัมย์	Close			2024-05-27				2160000	0.10	THB	2024-06-21		2160000			ENC007	ENC007-PL-บ้านสระแวง ม.7 ต.บ้านแวง อ.พุทไธสง จ.บุรีรัมย์	WCI โอนสิทธิ์ (ผูกกับ STS=STS-WTP670529-007 (138))
dm_eba53800	STS	STS-WTP670529-008 (139)	ENC003-PL-บ้านทรายขาว ม.7 ต.ศรีดงเย็น อ.ไชยปราการ จ.เชียงใหม่	Close			2024-05-24				540000	0.15	THB	2024-07-30		540000			ENC003	ENC003-PL-บ้านทรายขาว ม.7 ต.ศรีดงเย็น อ.ไชยปราการ จ.เชียงใหม่	STS โอนสิทธิ์ - มูลค่าสัญญา 5400000
dm_26041882	WCI-Project	STS-WTP670529-008 (139)-WCI	ENC003-PL-บ้านทรายขาว ม.7 ต.ศรีดงเย็น อ.ไชยปราการ จ.เชียงใหม่	Close			2024-05-24				2160000	0.10	THB	2024-06-21		2160000			ENC003	ENC003-PL-บ้านทรายขาว ม.7 ต.ศรีดงเย็น อ.ไชยปราการ จ.เชียงใหม่	WCI โอนสิทธิ์ (ผูกกับ STS=STS-WTP670529-008 (139))
dm_dc2567b9	STS	STS-WTP670627-001(145)	PP003-PL-บ้านม่วง ม.3 ต.เขาย่า อ.ศรีบรรพต จ.พัทลุง	Close			2024-05-28				520000	0.15	THB	2024-07-30		520000			PP003	PP003-PL-บ้านม่วง ม.3 ต.เขาย่า อ.ศรีบรรพต จ.พัทลุง	STS โอนสิทธิ์ - มูลค่าสัญญา 5200000
dm_7bc92efa	WCI-Project	STS-WTP670627-001(145)-WCI	PP003-PL-บ้านม่วง ม.3 ต.เขาย่า อ.ศรีบรรพต จ.พัทลุง	Close			2024-05-28				2080000	0.10	THB	2024-06-27		2080000			PP003	PP003-PL-บ้านม่วง ม.3 ต.เขาย่า อ.ศรีบรรพต จ.พัทลุง	WCI โอนสิทธิ์ (ผูกกับ STS=STS-WTP670627-001(145))
dm_3cb946d5	STS	STS-WTP670627-001(146)	ENC008-PM-บ้านหนองพนัง ม.1 ต.โป่งน้ำร้อน อ.ฝาง จ.เชียงใหม่	Close			2024-05-28				340000	0.15	THB	2024-07-31		340000			ENC008	ENC008-PM-บ้านหนองพนัง ม.1 ต.โป่งน้ำร้อน อ.ฝาง จ.เชียงใหม่	STS โอนสิทธิ์ - มูลค่าสัญญา 3400000
dm_b3cadcb8	WCI-Project	STS-WTP670627-001(146)-WCI	ENC008-PM-บ้านหนองพนัง ม.1 ต.โป่งน้ำร้อน อ.ฝาง จ.เชียงใหม่	Close			2024-05-28				1360000	0.10	THB	2024-06-27		1360000			ENC008	ENC008-PM-บ้านหนองพนัง ม.1 ต.โป่งน้ำร้อน อ.ฝาง จ.เชียงใหม่	WCI โอนสิทธิ์ (ผูกกับ STS=STS-WTP670627-001(146))
dm_16a902df	STS	STS-WTP670627-001(147)	ENC017-PM-บ้านจิตเสือเต้น ม.4 ต.เขาเจ็ดลูก อ.ทับคล้อ จ.พิจิตร	Close			2024-06-10				338000	0.15	THB	2024-07-31		338000			ENC017	ENC017-PM-บ้านจิตเสือเต้น ม.4 ต.เขาเจ็ดลูก อ.ทับคล้อ จ.พิจิตร	STS โอนสิทธิ์ - มูลค่าสัญญา 3380000
dm_7b7dbfdf	WCI-Project	STS-WTP670627-001(147)-WCI	ENC017-PM-บ้านจิตเสือเต้น ม.4 ต.เขาเจ็ดลูก อ.ทับคล้อ จ.พิจิตร	Close			2024-06-10				2008000	0.10	THB	2024-06-27		2008000			ENC017	ENC017-PM-บ้านจิตเสือเต้น ม.4 ต.เขาเจ็ดลูก อ.ทับคล้อ จ.พิจิตร	WCI โอนสิทธิ์ (ผูกกับ STS=STS-WTP670627-001(147))
dm_32f5b75c	STS	STS-WTP670627-001(148)	ENC004-PL-บ้านหว้า ม.2 ต.ตาเสา อ.ห้วยราช จ.บุรีรัมย์	Close			2024-05-27				520000	0.15	THB	2024-07-31		520000			ENC004	ENC004-PL-บ้านหว้า ม.2 ต.ตาเสา อ.ห้วยราช จ.บุรีรัมย์	STS โอนสิทธิ์ - มูลค่าสัญญา 5200000
dm_13333507	WCI-Project	STS-WTP670627-001(148)-WCI	ENC004-PL-บ้านหว้า ม.2 ต.ตาเสา อ.ห้วยราช จ.บุรีรัมย์	Close			2024-05-27				2008000	0.10	THB	2024-06-27		2008000			ENC004	ENC004-PL-บ้านหว้า ม.2 ต.ตาเสา อ.ห้วยราช จ.บุรีรัมย์	WCI โอนสิทธิ์ (ผูกกับ STS=STS-WTP670627-001(148))
dm_870902a3	STS	STS-WTP670529-010(141)	INS002-PL-บ้านหลวงป่ายาง ม.2 ต.น้ำอ่าง อ.ตรอน จ.อุตรดิตถ์	Close			2024-05-27				540000	0.15	THB	2024-08-27		540000			INS002	INS002-PL-บ้านหลวงป่ายาง ม.2 ต.น้ำอ่าง อ.ตรอน จ.อุตรดิตถ์	STS โอนสิทธิ์ - มูลค่าสัญญา 5382196.24
dm_d76465f9	WCI-Project	STS-WTP670529-010(141)-WCI	INS002-PL-บ้านหลวงป่ายาง ม.2 ต.น้ำอ่าง อ.ตรอน จ.อุตรดิตถ์	Close			2024-05-27				2008000	0.10	THB	2024-07-12		2008000			INS002	INS002-PL-บ้านหลวงป่ายาง ม.2 ต.น้ำอ่าง อ.ตรอน จ.อุตรดิตถ์	WCI โอนสิทธิ์ (ผูกกับ STS=STS-WTP670529-010(141))
dm_a8e84831	STS	STS-WTP670730-001(152)	PP007-PL-บ้านท่าสะอาด ม.7 ต.คำสร้างเที่ยง อ.สามชัย จ.กาฬสินธุ์	Close			2024-06-11				540000	0.15	THB	2024-07-31		540000			PP007	PP007-PL-บ้านท่าสะอาด ม.7 ต.คำสร้างเที่ยง อ.สามชัย จ.กาฬสินธุ์	STS โอนสิทธิ์ - มูลค่าสัญญา 5400000
dm_f93077b7	WCI-Project	STS-WTP670730-001(152)-WCI	PP007-PL-บ้านท่าสะอาด ม.7 ต.คำสร้างเที่ยง อ.สามชัย จ.กาฬสินธุ์	Close			2024-06-11				2160000	0.10	THB	2024-07-30		2160000			PP007	PP007-PL-บ้านท่าสะอาด ม.7 ต.คำสร้างเที่ยง อ.สามชัย จ.กาฬสินธุ์	WCI โอนสิทธิ์ (ผูกกับ STS=STS-WTP670730-001(152))
dm_3fa19e59	STS	STS-WTP670730-002(153)	PP008-PL-บ้านพิมูล ม.2 ต.พิมูล อ.ห้วยเม็ก จ.กาฬสินธุ์	Close			2024-06-12				540000	0.15	THB	2024-07-31		540000			PP008	PP008-PL-บ้านพิมูล ม.2 ต.พิมูล อ.ห้วยเม็ก จ.กาฬสินธุ์	STS โอนสิทธิ์ - มูลค่าสัญญา 5400000
dm_fdc810ad	WCI-Project	STS-WTP670730-002(153)-WCI	PP008-PL-บ้านพิมูล ม.2 ต.พิมูล อ.ห้วยเม็ก จ.กาฬสินธุ์	Close			2024-06-12				2008000	0.10	THB	2024-07-30		2008000			PP008	PP008-PL-บ้านพิมูล ม.2 ต.พิมูล อ.ห้วยเม็ก จ.กาฬสินธุ์	WCI โอนสิทธิ์ (ผูกกับ STS=STS-WTP670730-002(153))
dm_bada10cb	STS	STS-WTP670730-003(154)	STR008-PL-เปรงพุทรา ม.10 ต.เลาขวัญ อ.เลาขวัญ จ.กาญจนบุรี	Close			2024-06-17				540000	0.15	THB	2024-07-31		540000			STR008	STR008-PL-เปรงพุทรา ม.10 ต.เลาขวัญ อ.เลาขวัญ จ.กาญจนบุรี	STS โอนสิทธิ์ - มูลค่าสัญญา 5395974.52
dm_5d63ac09	WCI-Project	STS-WTP670730-003(154)-WCI	STR008-PL-เปรงพุทรา ม.10 ต.เลาขวัญ อ.เลาขวัญ จ.กาญจนบุรี	Close			2024-06-17				2160000	0.10	THB	2024-07-30		2160000			STR008	STR008-PL-เปรงพุทรา ม.10 ต.เลาขวัญ อ.เลาขวัญ จ.กาญจนบุรี	WCI โอนสิทธิ์ (ผูกกับ STS=STS-WTP670730-003(154))
dm_c2fb88dd	STS	STS-WTP670730-004(155)	STR006-PL-บ้านลำพระยา ม.1 ต.ย่านยาว อ.สามชุก จ.สุพรรณบุรี	Close			2024-06-10				540000	0.15	THB	2024-07-31		540000			STR006	STR006-PL-บ้านลำพระยา ม.1 ต.ย่านยาว อ.สามชุก จ.สุพรรณบุรี	STS โอนสิทธิ์ - มูลค่าสัญญา 5400000
dm_b55a4ef3	WCI-Project	STS-WTP670730-004(155)-WCI	STR006-PL-บ้านลำพระยา ม.1 ต.ย่านยาว อ.สามชุก จ.สุพรรณบุรี	Close			2024-06-10				560000	0.10	THB	2024-07-30		560000			STR006	STR006-PL-บ้านลำพระยา ม.1 ต.ย่านยาว อ.สามชุก จ.สุพรรณบุรี	WCI โอนสิทธิ์ (ผูกกับ STS=STS-WTP670730-004(155))
dm_c4c69952	STS	STS-WTP670730-005(156)	TTI004-PL-บ้านทุ่งกราด ม.8 ต.สะตอ อ.เขาสมิง จ.ตราด	Close			2024-06-21				540000	0.15	THB	2024-07-31		540000			TTI004	TTI004-PL-บ้านทุ่งกราด ม.8 ต.สะตอ อ.เขาสมิง จ.ตราด	STS โอนสิทธิ์ - มูลค่าสัญญา 5400000
dm_28994ba5	WCI-Project	STS-WTP670730-005(156)-WCI	TTI004-PL-บ้านทุ่งกราด ม.8 ต.สะตอ อ.เขาสมิง จ.ตราด	Close			2024-06-21				2160000	0.10	THB	2024-08-14		2160000			TTI004	TTI004-PL-บ้านทุ่งกราด ม.8 ต.สะตอ อ.เขาสมิง จ.ตราด	WCI โอนสิทธิ์ (ผูกกับ STS=STS-WTP670730-005(156))
dm_9737a421	STS	STS-WTP670731-002(159)	PP011-PL-คำบอน ม.3 ต.ยางอู้ม อ.ท่าคันโท จ.กาฬสินธุ์	Close			2024-06-17				540000	0.15	THB	2024-07-31		540000			PP011	PP011-PL-คำบอน ม.3 ต.ยางอู้ม อ.ท่าคันโท จ.กาฬสินธุ์	STS โอนสิทธิ์ - มูลค่าสัญญา 5400000
dm_7214600b	WCI-Project	STS-WTP670731-002(159)-WCI	PP011-PL-คำบอน ม.3 ต.ยางอู้ม อ.ท่าคันโท จ.กาฬสินธุ์	Close			2024-06-17				2008000	0.10	THB	2024-08-16		2008000			PP011	PP011-PL-คำบอน ม.3 ต.ยางอู้ม อ.ท่าคันโท จ.กาฬสินธุ์	WCI โอนสิทธิ์ (ผูกกับ STS=STS-WTP670731-002(159))
dm_ca1ff44e	STS	STS-WTP670731-003(160)	ENC019-PL-บ้านดอนไชย ม.4 ต.หลวงเหนือ อ.งาว จ.ลำปาง	Close			2024-06-12				540000	0.15	THB	2024-07-31		540000			ENC019	ENC019-PL-บ้านดอนไชย ม.4 ต.หลวงเหนือ อ.งาว จ.ลำปาง	STS โอนสิทธิ์ - มูลค่าสัญญา 5400000
dm_b62c0491	WCI-Project	STS-WTP670731-003(160)-WCI	ENC019-PL-บ้านดอนไชย ม.4 ต.หลวงเหนือ อ.งาว จ.ลำปาง	Close			2024-06-12				2008000	0.10	THB	2024-08-16		2008000			ENC019	ENC019-PL-บ้านดอนไชย ม.4 ต.หลวงเหนือ อ.งาว จ.ลำปาง	WCI โอนสิทธิ์ (ผูกกับ STS=STS-WTP670731-003(160))
dm_308d4cf0	STS	STS-WTP670731-001(158)/1	PP012-PM-บ้านบางหิน ม.5 ต.คลองชะอุ่น อ.พนม จ.สุราษฎร์ธานี	Close			2024-06-18				140000	0.15	THB	2024-07-31		140000			PP012	PP012-PM-บ้านบางหิน ม.5 ต.คลองชะอุ่น อ.พนม จ.สุราษฎร์ธานี	STS โอนสิทธิ์ - มูลค่าสัญญา 3400000
dm_0a7196e5	WCI-Project	STS-WTP670731-001(158)/1-WCI	PP012-PM-บ้านบางหิน ม.5 ต.คลองชะอุ่น อ.พนม จ.สุราษฎร์ธานี	Close			2024-06-18				1019376	0.10	THB	2024-08-14		1019376			PP012	PP012-PM-บ้านบางหิน ม.5 ต.คลองชะอุ่น อ.พนม จ.สุราษฎร์ธานี	WCI โอนสิทธิ์ (ผูกกับ STS=STS-WTP670731-001(158)/1)
dm_082a97e3	STS	STS-WTP6708001-001(161)	ENC032-PL-บ้านหนองนกคุ้ม ม.7 ต.หนองขาม อ.จักราช จ.นครราชสีมา	Close			2024-08-29	1			540000	0.15	THB	2024-08-01		540000			ENC032	ENC032-PL-บ้านหนองนกคุ้ม ม.7 ต.หนองขาม อ.จักราช จ.นครราชสีมา	STS โอนสิทธิ์ - มูลค่าสัญญา 5400000
dm_d11dd69d	WCI-Project	STS-WTP6708001-001(161)-WCI	ENC032-PL-บ้านหนองนกคุ้ม ม.7 ต.หนองขาม อ.จักราช จ.นครราชสีมา	Close			2024-08-29	1			2160000	0.10	THB	2024-08-16		2160000			ENC032	ENC032-PL-บ้านหนองนกคุ้ม ม.7 ต.หนองขาม อ.จักราช จ.นครราชสีมา	WCI โอนสิทธิ์ (ผูกกับ STS=STS-WTP6708001-001(161))
dm_5cb0827f	STS	STS-WTP6708001-002(162)	ENC028-PL-หมู่บ้านหนองนกเขา ม.15 ต.หลุ่งตะเคียน อ.ห้วยแถลง จ.นครราชสีมา	Close			2024-08-09				540000	0.15	THB	2024-08-01		540000			ENC028	ENC028-PL-หมู่บ้านหนองนกเขา ม.15 ต.หลุ่งตะเคียน อ.ห้วยแถลง จ.นครราชสีมา	STS โอนสิทธิ์ - มูลค่าสัญญา 5400000
dm_e7ebefac	WCI-Project	STS-WTP6708001-002(162)-WCI	ENC028-PL-หมู่บ้านหนองนกเขา ม.15 ต.หลุ่งตะเคียน อ.ห้วยแถลง จ.นครราชสีมา	Close			2024-08-09				2160000	0.10	THB	2024-08-16		2160000			ENC028	ENC028-PL-หมู่บ้านหนองนกเขา ม.15 ต.หลุ่งตะเคียน อ.ห้วยแถลง จ.นครราชสีมา	WCI โอนสิทธิ์ (ผูกกับ STS=STS-WTP6708001-002(162))
dm_fc3813de	STS	STS-WTP671030-001(176)	AW077-PSL-ม.1 ต.โคกยาง อ.เหนือคลอง จ.กระบี่	Close			2024-10-17	12			450000	0.15	THB	2024-10-30		450000			AW077	AW077-PSL-ม.1 ต.โคกยาง อ.เหนือคลอง จ.กระบี่	STS โอนสิทธิ์ - มูลค่าสัญญา 4498000
dm_3a419291	WCI-Project	STS-WTP671030-001(176)-WCI	AW077-PSL-ม.1 ต.โคกยาง อ.เหนือคลอง จ.กระบี่	Close			2024-10-17	12			1800000	0.10	THB	2024-08-16		1800000			AW077	AW077-PSL-ม.1 ต.โคกยาง อ.เหนือคลอง จ.กระบี่	WCI โอนสิทธิ์ (ผูกกับ STS=STS-WTP671030-001(176))
dm_a62fc2e2	STS	STS-WTP671030-002(177)	AW078-PSL-ม.2 ต.โคกยาง อ.เหนือคลอง จ.กระบี่	Close			2024-10-17	13			450000	0.15	THB	2024-10-30		450000			AW078	AW078-PSL-ม.2 ต.โคกยาง อ.เหนือคลอง จ.กระบี่	STS โอนสิทธิ์ - มูลค่าสัญญา 4498000
dm_6e3780dc	WCI-Project	STS-WTP671030-002(177)-WCI	AW078-PSL-ม.2 ต.โคกยาง อ.เหนือคลอง จ.กระบี่	Close			2024-10-17	13			1719376	0.10	THB	2024-08-16		1719376			AW078	AW078-PSL-ม.2 ต.โคกยาง อ.เหนือคลอง จ.กระบี่	WCI โอนสิทธิ์ (ผูกกับ STS=STS-WTP671030-002(177))
dm_38500b92	STS	STS-WTP671030-003(178)	AW079-PSL-ม.3 ต.โคกยาง อ.เหนือคลอง จ.กระบี่	Close			2024-10-17	14			450000	0.15	THB	2024-10-30		450000			AW079	AW079-PSL-ม.3 ต.โคกยาง อ.เหนือคลอง จ.กระบี่	STS โอนสิทธิ์ - มูลค่าสัญญา 4498000
dm_0fa63b68	WCI-Project	STS-WTP671030-003(178)-WCI	AW079-PSL-ม.3 ต.โคกยาง อ.เหนือคลอง จ.กระบี่	Close			2024-10-17	14			1084376	0.10	THB	2024-08-23		1084376			AW079	AW079-PSL-ม.3 ต.โคกยาง อ.เหนือคลอง จ.กระบี่	WCI โอนสิทธิ์ (ผูกกับ STS=STS-WTP671030-003(178))
dm_c05d7212	STS	STS-WTP671030-004(179)	AW080-PSL-ม.4 ต.โคกยาง อ.เหนือคลอง จ.กระบี่	Close			2024-10-17	15			450000	0.15	THB	2024-10-30		450000			AW080	AW080-PSL-ม.4 ต.โคกยาง อ.เหนือคลอง จ.กระบี่	STS โอนสิทธิ์ - มูลค่าสัญญา 4498000
dm_65161560	WCI-Project	STS-WTP671030-004(179)-WCI	AW080-PSL-ม.4 ต.โคกยาง อ.เหนือคลอง จ.กระบี่	Close			2024-10-17	15			1800000	0.10	THB	2024-08-26		1800000			AW080	AW080-PSL-ม.4 ต.โคกยาง อ.เหนือคลอง จ.กระบี่	WCI โอนสิทธิ์ (ผูกกับ STS=STS-WTP671030-004(179))
dm_435b36b1	STS	STS-WTP671129-009(206)	AW099-PL-ม.6 ต.น้ำเป็น อ.เขาชะเมา จ.ระยอง	Close			2024-10-28				540000	0.15	THB	2024-11-29		540000			AW099	AW099-PL-ม.6 ต.น้ำเป็น อ.เขาชะเมา จ.ระยอง	STS โอนสิทธิ์ - มูลค่าสัญญา 5400000
dm_2b9bdee5	WCI-Project	STS-WTP671129-009(206)-WCI	AW099-PL-ม.6 ต.น้ำเป็น อ.เขาชะเมา จ.ระยอง	Close			2024-10-28				2160000	0.10	THB	2024-08-30		2160000			AW099	AW099-PL-ม.6 ต.น้ำเป็น อ.เขาชะเมา จ.ระยอง	WCI โอนสิทธิ์ (ผูกกับ STS=STS-WTP671129-009(206))
dm_74f62db1	STS	STS-WTP671129-010(207)	บ้านสว่าง ม.8 ต.หินตั้ง อ.บ้านไผ่ จ.ขอนแก่น	Close							540000	0.15	THB	2024-11-29		540000			0	บ้านสว่าง ม.8 ต.หินตั้ง อ.บ้านไผ่ จ.ขอนแก่น	STS โอนสิทธิ์ - มูลค่าสัญญา 5400000
dm_beb72bd9	WCI-Project	STS-WTP671129-010(207)-WCI	บ้านสว่าง ม.8 ต.หินตั้ง อ.บ้านไผ่ จ.ขอนแก่น	Close							1040000	0.10	THB	2024-08-30		1040000			0	บ้านสว่าง ม.8 ต.หินตั้ง อ.บ้านไผ่ จ.ขอนแก่น	WCI โอนสิทธิ์ (ผูกกับ STS=STS-WTP671129-010(207))
dm_e7c7d9e3	STS	STS-WTP671030-005(180)	AW089-PL-ม.3 ต.เกษตรสุวรรณ อ.บ่อทอง จ.ชลบุรี	Close			2024-10-21	9			540000	0.15	THB	2024-10-30		540000			AW089	AW089-PL-ม.3 ต.เกษตรสุวรรณ อ.บ่อทอง จ.ชลบุรี	STS โอนสิทธิ์ - มูลค่าสัญญา 5382196.24
dm_e8580ae9	WCI-Project	STS-WTP671030-005(180)-WCI	AW089-PL-ม.3 ต.เกษตรสุวรรณ อ.บ่อทอง จ.ชลบุรี	Close			2024-10-21	9			1864376	0.10	THB	2024-09-10		1864376			AW089	AW089-PL-ม.3 ต.เกษตรสุวรรณ อ.บ่อทอง จ.ชลบุรี	WCI โอนสิทธิ์ (ผูกกับ STS=STS-WTP671030-005(180))
dm_4a5ee105	STS	STS-WTP671129-011(208)	บ้านแม่วะ ม.3 ต.สันดอกแก้ว อ.แม่ทะ จ.ลำปาง	Close							510000	0.15	THB	2024-11-29		510000			AW137	บ้านแม่วะ ม.3 ต.สันดอกแก้ว อ.แม่ทะ จ.ลำปาง	STS โอนสิทธิ์ - มูลค่าสัญญา 5400000
dm_61126f1a	WCI-Project	STS-WTP671129-011(208)-WCI	บ้านแม่วะ ม.3 ต.สันดอกแก้ว อ.แม่ทะ จ.ลำปาง	Close							2160000	0.10	THB	2024-09-13		2160000			AW137	บ้านแม่วะ ม.3 ต.สันดอกแก้ว อ.แม่ทะ จ.ลำปาง	WCI โอนสิทธิ์ (ผูกกับ STS=STS-WTP671129-011(208))
dm_56d84ea0	STS	STS-WTP671206-001(211)	บ้านแม่หีด ม.1 ต.วังแก้ว อ.วังเหนือ จ.ลำปาง	Close			2025-06-16				540000	0.15	THB	2024-12-06		540000			AW136	บ้านแม่หีด ม.1 ต.วังแก้ว อ.วังเหนือ จ.ลำปาง	STS โอนสิทธิ์ - มูลค่าสัญญา 5375000
dm_edba4b87	WCI-Project	STS-WTP671206-001(211)-WCI	บ้านแม่หีด ม.1 ต.วังแก้ว อ.วังเหนือ จ.ลำปาง	Close			2025-06-16				2160000	0.10	THB	2024-09-13		2160000			AW136	บ้านแม่หีด ม.1 ต.วังแก้ว อ.วังเหนือ จ.ลำปาง	WCI โอนสิทธิ์ (ผูกกับ STS=STS-WTP671206-001(211))
dm_95e66934	STS	STS-WTP671206-002(212)	บ้านน้ำม้า ม.3 ต.สถาน อ.เชียงของ จ.เชียงราย PL	Close							540000	0.15	THB	2024-12-06		540000			0	บ้านน้ำม้า ม.3 ต.สถาน อ.เชียงของ จ.เชียงราย PL	STS โอนสิทธิ์ - มูลค่าสัญญา 5400000
dm_ec1ac9a9	WCI-Project	STS-WTP671206-002(212)-WCI	บ้านน้ำม้า ม.3 ต.สถาน อ.เชียงของ จ.เชียงราย PL	Close							2160000	0.10	THB	2024-09-13		2160000			0	บ้านน้ำม้า ม.3 ต.สถาน อ.เชียงของ จ.เชียงราย PL	WCI โอนสิทธิ์ (ผูกกับ STS=STS-WTP671206-002(212))
dm_9e392c6c	STS	STS-WTP671017-001(169)	AW068-PL-บ้านทุ่งไก่ดัก ม.4 ต.ท่ากุ่ม อ.เมืองตราด จ.ตราด	Close			2024-10-08	2			540000	0.15	THB	2024-10-17		540000			AW068	AW068-PL-บ้านทุ่งไก่ดัก ม.4 ต.ท่ากุ่ม อ.เมืองตราด จ.ตราด	STS โอนสิทธิ์ - มูลค่าสัญญา 5400000
dm_2be065e6	WCI-Project	STS-WTP671017-001(169)-WCI	AW068-PL-บ้านทุ่งไก่ดัก ม.4 ต.ท่ากุ่ม อ.เมืองตราด จ.ตราด	Close			2024-10-08	2			1120000	0.10	THB	2024-09-13		1120000			AW068	AW068-PL-บ้านทุ่งไก่ดัก ม.4 ต.ท่ากุ่ม อ.เมืองตราด จ.ตราด	WCI โอนสิทธิ์ (ผูกกับ STS=STS-WTP671017-001(169))
dm_e4a5c54a	STS	STS-WTP671030-006(181)	AW081-PSL-ม.5 ต.โคกยาง อ.เหนือคลอง จ.กระบี่	Close			2024-10-17	16			450000	0.15	THB	2024-10-30		450000			AW081	AW081-PSL-ม.5 ต.โคกยาง อ.เหนือคลอง จ.กระบี่	STS โอนสิทธิ์ - มูลค่าสัญญา 4498000
dm_ada99df6	WCI-Project	STS-WTP671030-006(181)-WCI	AW081-PSL-ม.5 ต.โคกยาง อ.เหนือคลอง จ.กระบี่	Close			2024-10-17	16			1700000	0.10	THB	2024-09-18		1700000			AW081	AW081-PSL-ม.5 ต.โคกยาง อ.เหนือคลอง จ.กระบี่	WCI โอนสิทธิ์ (ผูกกับ STS=STS-WTP671030-006(181))
dm_5abed215	STS	STS-WTP671206-003(213)	INS029-PL-บ้านเขาสะท้อนบน ม.10 ต.หนองไม้แก่น อ.แปลงยาว จ.ฉะเชิงเทรา	Close			2025-01-23				540000	0.15	THB	2024-12-06		540000			0	INS029-PL-บ้านเขาสะท้อนบน ม.10 ต.หนองไม้แก่น อ.แปลงยาว จ.ฉะเชิงเทรา	STS โอนสิทธิ์ - มูลค่าสัญญา 5400000
dm_aabd26e0	WCI-Project	STS-WTP671206-003(213)-WCI	INS029-PL-บ้านเขาสะท้อนบน ม.10 ต.หนองไม้แก่น อ.แปลงยาว จ.ฉะเชิงเทรา	Close			2025-01-23				2160000	0.10	THB	2024-09-27		2160000			0	INS029-PL-บ้านเขาสะท้อนบน ม.10 ต.หนองไม้แก่น อ.แปลงยาว จ.ฉะเชิงเทรา	WCI โอนสิทธิ์ (ผูกกับ STS=STS-WTP671206-003(213))
dm_fe2ba58e	STS	STS-WTP680219-001	โรงเรียนเทศบาลพญาเม็งราย ๑ (ทุ่งเจ้า) ต.แม่เปา อ.พญาเม็งราย จ.เชียงราย	Close							540000	0.15	THB	2025-02-20		540000				โรงเรียนเทศบาลพญาเม็งราย ๑ (ทุ่งเจ้า) ต.แม่เปา อ.พญาเม็งราย จ.เชียงราย	STS โอนสิทธิ์ - มูลค่าสัญญา 5400000
dm_bf029ed1	WCI-Project	STS-WTP680219-001-WCI	โรงเรียนเทศบาลพญาเม็งราย ๑ (ทุ่งเจ้า) ต.แม่เปา อ.พญาเม็งราย จ.เชียงราย	Close							2160000	0.10	THB	2024-09-27		2160000				โรงเรียนเทศบาลพญาเม็งราย ๑ (ทุ่งเจ้า) ต.แม่เปา อ.พญาเม็งราย จ.เชียงราย	WCI โอนสิทธิ์ (ผูกกับ STS=STS-WTP680219-001)
dm_bbc51b2f	STS	STS-WTP671218-001(229)	ENC114-PL-บ้านดอนข่า ม.5 ต.ทรายทอง อ.ศรีบุญเรือง จ.หนองบัวลำภู	Close			2025-04-18				540000	0.15	THB	2024-12-18		540000			0	ENC114-PL-บ้านดอนข่า ม.5 ต.ทรายทอง อ.ศรีบุญเรือง จ.หนองบัวลำภู	STS โอนสิทธิ์ - มูลค่าสัญญา 5400000
dm_ba9f849a	WCI-Project	STS-WTP671218-001(229)-WCI	ENC114-PL-บ้านดอนข่า ม.5 ต.ทรายทอง อ.ศรีบุญเรือง จ.หนองบัวลำภู	Close			2025-04-18				2160000	0.10	THB	2024-09-27		2160000			0	ENC114-PL-บ้านดอนข่า ม.5 ต.ทรายทอง อ.ศรีบุญเรือง จ.หนองบัวลำภู	WCI โอนสิทธิ์ (ผูกกับ STS=STS-WTP671218-001(229))
dm_4c261388	STS	STS-WTP671129-008(205)	AW111-PL-ม.4 ต.พรุพี อ.บ้านนาสาร จ.สุราษฎร์ธานี	Close			2024-11-05				540000	0.15	THB	2024-11-29		540000			AW111	AW111-PL-ม.4 ต.พรุพี อ.บ้านนาสาร จ.สุราษฎร์ธานี	STS โอนสิทธิ์ - มูลค่าสัญญา 5400000
dm_b33212fa	WCI-Project	STS-WTP671129-008(205)-WCI	AW111-PL-ม.4 ต.พรุพี อ.บ้านนาสาร จ.สุราษฎร์ธานี	Close			2024-11-05				1020000	0.10	THB	2024-09-27		1020000			AW111	AW111-PL-ม.4 ต.พรุพี อ.บ้านนาสาร จ.สุราษฎร์ธานี	WCI โอนสิทธิ์ (ผูกกับ STS=STS-WTP671129-008(205))
dm_8951ed48	STS	STS-WTP671031-001(184)	INS012-PL-บ้านผามูบ ม.7 ต.แม่พูล อ.ลับแล จ.อุตรดิตถ์	Close			2024-11-12				540000	0.15	THB	2024-10-31		540000			INS012	INS012-PL-บ้านผามูบ ม.7 ต.แม่พูล อ.ลับแล จ.อุตรดิตถ์	STS โอนสิทธิ์ - มูลค่าสัญญา 5398000
dm_35fcc55e	WCI-Project	STS-WTP671031-001(184)-WCI	INS012-PL-บ้านผามูบ ม.7 ต.แม่พูล อ.ลับแล จ.อุตรดิตถ์	Close			2024-11-12				2160000	0.10	THB	2024-10-08		2160000			INS012	INS012-PL-บ้านผามูบ ม.7 ต.แม่พูล อ.ลับแล จ.อุตรดิตถ์	WCI โอนสิทธิ์ (ผูกกับ STS=STS-WTP671031-001(184))
dm_5318f57b	STS	STS-WTP671031-002(185)	AW071-PL-ม.7 ต.ดอนยอ อ.เมืองนครนายก จ.นครนายก	Close			2024-10-10	17			540000	0.15	THB	2024-10-31		540000			AW071	AW071-PL-ม.7 ต.ดอนยอ อ.เมืองนครนายก จ.นครนายก	STS โอนสิทธิ์ - มูลค่าสัญญา 5400000
dm_2c0ed99f	WCI-Project	STS-WTP671031-002(185)-WCI	AW071-PL-ม.7 ต.ดอนยอ อ.เมืองนครนายก จ.นครนายก	Close			2024-10-10	17			2160000	0.10	THB	2024-10-30		2160000			AW071	AW071-PL-ม.7 ต.ดอนยอ อ.เมืองนครนายก จ.นครนายก	WCI โอนสิทธิ์ (ผูกกับ STS=STS-WTP671031-002(185))
dm_fa7e8fd4	STS	STS-WTP671031-003(186)	AW076-PL-บ้านโนนสำโรง ม.8 ต.ขามเฒ่า อ.โนนสูง จ.นครราชสีมา	Close			2024-10-16	18			540000	0.15	THB	2024-10-31		540000			AW076	AW076-PL-บ้านโนนสำโรง ม.8 ต.ขามเฒ่า อ.โนนสูง จ.นครราชสีมา	STS โอนสิทธิ์ - มูลค่าสัญญา 5400000
dm_31e9a173	WCI-Project	STS-WTP671031-003(186)-WCI	AW076-PL-บ้านโนนสำโรง ม.8 ต.ขามเฒ่า อ.โนนสูง จ.นครราชสีมา	Close			2024-10-16	18			2160000	0.10	THB	2024-10-08		2160000			AW076	AW076-PL-บ้านโนนสำโรง ม.8 ต.ขามเฒ่า อ.โนนสูง จ.นครราชสีมา	WCI โอนสิทธิ์ (ผูกกับ STS=STS-WTP671031-003(186))
dm_95b782f4	STS	STS-WTP671018-005(174)	AW073-PL-บ้านหนองปรือ ม.4 ต.ดงเสือเหลือง อ.โพธิ์ประทับช้าง จ.พิจิตร	Close			2024-10-16	7			540000	0.15	THB	2024-10-18		540000			AW073	AW073-PL-บ้านหนองปรือ ม.4 ต.ดงเสือเหลือง อ.โพธิ์ประทับช้าง จ.พิจิตร	STS โอนสิทธิ์ - มูลค่าสัญญา 5399000
dm_f1ffc3d7	WCI-Project	STS-WTP671018-005(174)-WCI	AW073-PL-บ้านหนองปรือ ม.4 ต.ดงเสือเหลือง อ.โพธิ์ประทับช้าง จ.พิจิตร	Close			2024-10-16	7			2160000	0.10	THB	2024-10-08		2160000			AW073	AW073-PL-บ้านหนองปรือ ม.4 ต.ดงเสือเหลือง อ.โพธิ์ประทับช้าง จ.พิจิตร	WCI โอนสิทธิ์ (ผูกกับ STS=STS-WTP671018-005(174))
dm_951231d0	STS	STS-WTP671017-002(170)	AW083-PL-บ้านหนองปรือสมอ ม.3 ต.สาหร่าย อ.ชุมพวง จ.นครราชสีมา	Close			2024-10-18	2			540000	0.15	THB	2024-10-17		540000			AW083	AW083-PL-บ้านหนองปรือสมอ ม.3 ต.สาหร่าย อ.ชุมพวง จ.นครราชสีมา	STS โอนสิทธิ์ - มูลค่าสัญญา 5400000
dm_d0a85723	WCI-Project	STS-WTP671017-002(170)-WCI	AW083-PL-บ้านหนองปรือสมอ ม.3 ต.สาหร่าย อ.ชุมพวง จ.นครราชสีมา	Close			2024-10-18	2			2160000	0.10	THB	2024-10-08		2160000			AW083	AW083-PL-บ้านหนองปรือสมอ ม.3 ต.สาหร่าย อ.ชุมพวง จ.นครราชสีมา	WCI โอนสิทธิ์ (ผูกกับ STS=STS-WTP671017-002(170))
dm_fbdf54ba	STS	STS-WTP671018-006(175)	STR012-PLS-บ้านคอกช้างพัฒนา ม.9 ต.หนองพลับ อ.หัวหิน จ.ประจวบคีรีขันธ์	Close			2024-10-18	8			567600	0.15	THB	2024-10-18		567600			STR012	STR012-PLS-บ้านคอกช้างพัฒนา ม.9 ต.หนองพลับ อ.หัวหิน จ.ประจวบคีรีขันธ์	STS โอนสิทธิ์ - มูลค่าสัญญา 5676000
dm_19e3be76	WCI-Project	STS-WTP671018-006(175)-WCI	STR012-PLS-บ้านคอกช้างพัฒนา ม.9 ต.หนองพลับ อ.หัวหิน จ.ประจวบคีรีขันธ์	Close			2024-10-18	8			1624376	0.10	THB	2024-10-08		1624376			STR012	STR012-PLS-บ้านคอกช้างพัฒนา ม.9 ต.หนองพลับ อ.หัวหิน จ.ประจวบคีรีขันธ์	WCI โอนสิทธิ์ (ผูกกับ STS=STS-WTP671018-006(175))
dm_5f8ee7c4	STS	STS-WTP680219-001	บ้านเขาเฒ่า ม.3 ต.บางเตย อ.เมืองพังงา จ.พังงา	Close							540000	0.15	THB	2025-02-20		540000				บ้านเขาเฒ่า ม.3 ต.บางเตย อ.เมืองพังงา จ.พังงา	STS โอนสิทธิ์ - มูลค่าสัญญา 5400000
dm_efcc4976	WCI-Project	STS-WTP680219-001-WCI	บ้านเขาเฒ่า ม.3 ต.บางเตย อ.เมืองพังงา จ.พังงา	Close							1204376	0.10	THB	2024-10-10		1204376				บ้านเขาเฒ่า ม.3 ต.บางเตย อ.เมืองพังงา จ.พังงา	WCI โอนสิทธิ์ (ผูกกับ STS=STS-WTP680219-001)
dm_8adbbaa7	STS	STS-WTP671206-004(214)	AW086-PL-บ้านหนองหัวช้าง ม.3 ต.กลางหมื่น อ.เมืองกาฬสินธุ์ จ.กาฬสินธุ์	Close			2024-10-18	10			596440	0.15	THB	2024-12-06		596440			AW086	AW086-PL-บ้านหนองหัวช้าง ม.3 ต.กลางหมื่น อ.เมืองกาฬสินธุ์ จ.กาฬสินธุ์	STS โอนสิทธิ์ - มูลค่าสัญญา 5964000
dm_1f195b1e	WCI-Project	STS-WTP671206-004(214)-WCI	AW086-PL-บ้านหนองหัวช้าง ม.3 ต.กลางหมื่น อ.เมืองกาฬสินธุ์ จ.กาฬสินธุ์	Close			2024-10-18	10			2385760	0.10	THB	2024-10-11		2385760			AW086	AW086-PL-บ้านหนองหัวช้าง ม.3 ต.กลางหมื่น อ.เมืองกาฬสินธุ์ จ.กาฬสินธุ์	WCI โอนสิทธิ์ (ผูกกับ STS=STS-WTP671206-004(214))
dm_b77e5889	STS	STS-WTP680219-001	ม.8 ต.วังเย็น อ.แปลงยาว จ.ฉะเชิงเทรา	Close			2025-05-19				540000	0.15	THB	2025-02-20		540000			0	ม.8 ต.วังเย็น อ.แปลงยาว จ.ฉะเชิงเทรา	STS โอนสิทธิ์ - มูลค่าสัญญา 5400000
dm_09237205	WCI-Project	STS-WTP680219-001-WCI	ม.8 ต.วังเย็น อ.แปลงยาว จ.ฉะเชิงเทรา	Close			2025-05-19				1308216	0.10	THB	2024-10-11		1308216			0	ม.8 ต.วังเย็น อ.แปลงยาว จ.ฉะเชิงเทรา	WCI โอนสิทธิ์ (ผูกกับ STS=STS-WTP680219-001)
dm_749c139d	STS	STS-WTP671129-007(204)	STR014-PL-บ้านวไลย ม.1 ต.หนองพลับ อ.หัวหิน จ.ประจวบคีรีขันธ์	Close			2024-10-18	19			540000	0.15	THB	2024-11-29		540000			STR014	STR014-PL-บ้านวไลย ม.1 ต.หนองพลับ อ.หัวหิน จ.ประจวบคีรีขันธ์	STS โอนสิทธิ์ - มูลค่าสัญญา 5400000
dm_67c87bd5	WCI-Project	STS-WTP671129-007(204)-WCI	STR014-PL-บ้านวไลย ม.1 ต.หนองพลับ อ.หัวหิน จ.ประจวบคีรีขันธ์	Close			2024-10-18	19			2160000	0.10	THB	2024-10-15		2160000			STR014	STR014-PL-บ้านวไลย ม.1 ต.หนองพลับ อ.หัวหิน จ.ประจวบคีรีขันธ์	WCI โอนสิทธิ์ (ผูกกับ STS=STS-WTP671129-007(204))
dm_f725a148	STS	STS-WTP671218-002(230)	STR044-PDH-ม.8 ต.นนทรี อ.กบินทร์บุรี จ.ปราจีนบุรี	Close			2024-11-29				130000	0.15	THB	2024-12-18		130000			STR044	STR044-PDH-ม.8 ต.นนทรี อ.กบินทร์บุรี จ.ปราจีนบุรี	STS โอนสิทธิ์ - มูลค่าสัญญา 1300000
dm_a1ceeed0	WCI-Project	STS-WTP671218-002(230)-WCI	STR044-PDH-ม.8 ต.นนทรี อ.กบินทร์บุรี จ.ปราจีนบุรี	Close			2024-11-29				520000	0.10	THB	2024-10-15		520000			STR044	STR044-PDH-ม.8 ต.นนทรี อ.กบินทร์บุรี จ.ปราจีนบุรี	WCI โอนสิทธิ์ (ผูกกับ STS=STS-WTP671218-002(230))
dm_6d861b0f	STS	STS-WTP671129-001(198)	STR045-PDH-ม.9 ต.นนทรี อ.กบินทร์บุรี จ.ปราจีนบุรี	Close			2024-11-29				130000	0.15	THB	2024-11-29		130000			STR045	STR045-PDH-ม.9 ต.นนทรี อ.กบินทร์บุรี จ.ปราจีนบุรี	STS โอนสิทธิ์ - มูลค่าสัญญา 1300000
dm_1950e80d	WCI-Project	STS-WTP671129-001(198)-WCI	STR045-PDH-ม.9 ต.นนทรี อ.กบินทร์บุรี จ.ปราจีนบุรี	Close			2024-11-29				168216	0.10	THB	2024-10-15		168216			STR045	STR045-PDH-ม.9 ต.นนทรี อ.กบินทร์บุรี จ.ปราจีนบุรี	WCI โอนสิทธิ์ (ผูกกับ STS=STS-WTP671129-001(198))
dm_405bc5f8	STS	STS-WTP671017-003(171)	AW101-PL-บ้านชำฆ้อ ม.3 ต.ชำฆ้อ อ.เขาชะเมา จ.ระยอง	Close			2024-10-28	4			540000	0.15	THB	2024-10-17		540000			AW101	AW101-PL-บ้านชำฆ้อ ม.3 ต.ชำฆ้อ อ.เขาชะเมา จ.ระยอง	STS โอนสิทธิ์ - มูลค่าสัญญา 5390320.85
dm_a8fd79fc	WCI-Project	STS-WTP671017-003(171)-WCI	AW101-PL-บ้านชำฆ้อ ม.3 ต.ชำฆ้อ อ.เขาชะเมา จ.ระยอง	Close			2024-10-28	4			2000000	0.10	THB	2024-10-16		2000000			AW101	AW101-PL-บ้านชำฆ้อ ม.3 ต.ชำฆ้อ อ.เขาชะเมา จ.ระยอง	WCI โอนสิทธิ์ (ผูกกับ STS=STS-WTP671017-003(171))
dm_ad490fae	STS	STS-WTP671017-004(172)	AW102-PL-บ้านสวนขนุน ม.5 ต.ชำฆ้อ อ.เขาชะเมา จ.ระยอง	Close			2024-10-28	5			540000	0.15	THB	2024-10-17		540000			AW102	AW102-PL-บ้านสวนขนุน ม.5 ต.ชำฆ้อ อ.เขาชะเมา จ.ระยอง	STS โอนสิทธิ์ - มูลค่าสัญญา 5390320.85
dm_d71e5f9c	WCI-Project	STS-WTP671017-004(172)-WCI	AW102-PL-บ้านสวนขนุน ม.5 ต.ชำฆ้อ อ.เขาชะเมา จ.ระยอง	Close			2024-10-28	5			2160000	0.10	THB	2024-10-22		2160000			AW102	AW102-PL-บ้านสวนขนุน ม.5 ต.ชำฆ้อ อ.เขาชะเมา จ.ระยอง	WCI โอนสิทธิ์ (ผูกกับ STS=STS-WTP671017-004(172))
dm_56f69129	STS	STS-WTP671017-005(173)	AW129-PL-บ้านโป่งสะท้อน ม.6 ต.ชำฆ้อ อ.เขาชะเมา จ.ระยอง	Close			2024-11-27	6			540000	0.15	THB	2024-10-17		540000			AW129	AW129-PL-บ้านโป่งสะท้อน ม.6 ต.ชำฆ้อ อ.เขาชะเมา จ.ระยอง	STS โอนสิทธิ์ - มูลค่าสัญญา 5390320.85
dm_a85601c4	WCI-Project	STS-WTP671017-005(173)-WCI	AW129-PL-บ้านโป่งสะท้อน ม.6 ต.ชำฆ้อ อ.เขาชะเมา จ.ระยอง	Close			2024-11-27	6			500000	0.10	THB	2024-10-22		500000			AW129	AW129-PL-บ้านโป่งสะท้อน ม.6 ต.ชำฆ้อ อ.เขาชะเมา จ.ระยอง	WCI โอนสิทธิ์ (ผูกกับ STS=STS-WTP671017-005(173))
dm_8bea23ea	STS	STS-	รอโครงการใหม่	Close							566500	0.15	THB	2024-10-18		566500				รอโครงการใหม่	STS โอนสิทธิ์ - มูลค่าสัญญา 5665000
dm_4d708de7	WCI-Project	STS--WCI	รอโครงการใหม่	Close							2266000	0.10	THB	2024-10-18		2266000				รอโครงการใหม่	WCI โอนสิทธิ์ (ผูกกับ STS=STS-)
dm_ae21ed60	STS	STS-WTP671129-004(201)	AW114-PLS-บ้านแกเปะน้อย ม.10 ต.เชียงเครือ อ.เมืองกาฬสินธุ์ จ.กาฬสินธุ์	Close			2024-11-06				540000	0.15	THB	2024-11-29		540000			AW114	AW114-PLS-บ้านแกเปะน้อย ม.10 ต.เชียงเครือ อ.เมืองกาฬสินธุ์ จ.กาฬสินธุ์	STS โอนสิทธิ์ - มูลค่าสัญญา 5400000
dm_83080970	WCI-Project	STS-WTP671129-004(201)-WCI	AW114-PLS-บ้านแกเปะน้อย ม.10 ต.เชียงเครือ อ.เมืองกาฬสินธุ์ จ.กาฬสินธุ์	Close			2024-11-06				2160000	0.10	THB	2024-10-18		2160000			AW114	AW114-PLS-บ้านแกเปะน้อย ม.10 ต.เชียงเครือ อ.เมืองกาฬสินธุ์ จ.กาฬสินธุ์	WCI โอนสิทธิ์ (ผูกกับ STS=STS-WTP671129-004(201))
dm_164d988a	STS	STS-	รอโครงการใหม่	Close							540000	0.15	THB	2024-10-18		540000				รอโครงการใหม่	STS โอนสิทธิ์ - มูลค่าสัญญา 5400000
dm_c56fec16	WCI-Project	STS--WCI	รอโครงการใหม่	Close							2160000	0.10	THB	2024-10-18		2160000				รอโครงการใหม่	WCI โอนสิทธิ์ (ผูกกับ STS=STS-)
dm_3b6515ae	STS	STS-WTP680219-001	บ้านหนองไฮ ม.5 ต.นนทรี อ.กบินทร์บุรี จ.ปราจีนบุรี	Active							540000	0.15	THB	2025-02-20		540000				บ้านหนองไฮ ม.5 ต.นนทรี อ.กบินทร์บุรี จ.ปราจีนบุรี	STS โอนสิทธิ์ - มูลค่าสัญญา 5400000
dm_dba722ae	WCI-Project	STS-WTP680219-001-WCI	บ้านหนองไฮ ม.5 ต.นนทรี อ.กบินทร์บุรี จ.ปราจีนบุรี	Active							2160000	0.10	THB	2024-10-18		2160000				บ้านหนองไฮ ม.5 ต.นนทรี อ.กบินทร์บุรี จ.ปราจีนบุรี	WCI โอนสิทธิ์ (ผูกกับ STS=STS-WTP680219-001)
dm_def7e8c9	STS	STS-WTP680219-001	บ้านปง ม.8 ต.ออนใต้ อ.สันกำแพง จ.เชียงใหม่	Active							540000	0.15	THB	2025-02-20		540000				บ้านปง ม.8 ต.ออนใต้ อ.สันกำแพง จ.เชียงใหม่	STS โอนสิทธิ์ - มูลค่าสัญญา 5400000
dm_800911fd	WCI-Project	STS-WTP680219-001-WCI	บ้านปง ม.8 ต.ออนใต้ อ.สันกำแพง จ.เชียงใหม่	Active							254000	0.10	THB	2024-10-18		254000				บ้านปง ม.8 ต.ออนใต้ อ.สันกำแพง จ.เชียงใหม่	WCI โอนสิทธิ์ (ผูกกับ STS=STS-WTP680219-001)
dm_05074cce	STS	STS-WTP671031-004(187) /  STS-WTP671128-010(197)	AW100-PL-ม.2 ต.ชำฆ้อ อ.เขาชะเมา จ.ระยอง	Close			2024-10-28	11			380000	0.15	THB	2024-10-31		380000			AW100	AW100-PL-ม.2 ต.ชำฆ้อ อ.เขาชะเมา จ.ระยอง	STS โอนสิทธิ์ - มูลค่าสัญญา 5390320.85
dm_751afa85	WCI-Project	STS-WTP671031-004(187) /  STS-WTP671128-010(197)-WCI	AW100-PL-ม.2 ต.ชำฆ้อ อ.เขาชะเมา จ.ระยอง	Close			2024-10-28	11			2160000	0.10	THB	2024-10-25		2160000			AW100	AW100-PL-ม.2 ต.ชำฆ้อ อ.เขาชะเมา จ.ระยอง	WCI โอนสิทธิ์ (ผูกกับ STS=STS-WTP671031-004(187) /  STS-WTP671128-010(197))
dm_2c8400e0	STS	STS-WTP671206-005(215)	AW066-PL-บ้านสมศักดิ์พัฒนา ม.2 ต.ผาขาว อ.ผาขาว จ.เลย	Close			2024-10-07	20			540000	0.15	THB	2024-12-06		540000			AW066	AW066-PL-บ้านสมศักดิ์พัฒนา ม.2 ต.ผาขาว อ.ผาขาว จ.เลย	STS โอนสิทธิ์ - มูลค่าสัญญา 5381567.87
dm_b171fc6f	WCI-Project	STS-WTP671206-005(215)-WCI	AW066-PL-บ้านสมศักดิ์พัฒนา ม.2 ต.ผาขาว อ.ผาขาว จ.เลย	Close			2024-10-07	20			2160000	0.10	THB	2024-10-25		2160000			AW066	AW066-PL-บ้านสมศักดิ์พัฒนา ม.2 ต.ผาขาว อ.ผาขาว จ.เลย	WCI โอนสิทธิ์ (ผูกกับ STS=STS-WTP671206-005(215))
dm_3e261bcd	STS	STS-WTP671206-006(216)	AW067-PL-บ้านห้วยลาดเหนือ ม.11 ต.ผาขาว อ.ผาขาว จ.เลย	Close			2024-10-07	21			540000	0.15	THB	2024-12-06		540000			AW067	AW067-PL-บ้านห้วยลาดเหนือ ม.11 ต.ผาขาว อ.ผาขาว จ.เลย	STS โอนสิทธิ์ - มูลค่าสัญญา 5381567.87
dm_88248d36	WCI-Project	STS-WTP671206-006(216)-WCI	AW067-PL-บ้านห้วยลาดเหนือ ม.11 ต.ผาขาว อ.ผาขาว จ.เลย	Close			2024-10-07	21			1642216	0.10	THB	2024-10-25		1642216			AW067	AW067-PL-บ้านห้วยลาดเหนือ ม.11 ต.ผาขาว อ.ผาขาว จ.เลย	WCI โอนสิทธิ์ (ผูกกับ STS=STS-WTP671206-006(216))
dm_5578ecea	STS	STS-WTP671128-009(196)	AW098-PLS-บ้านหัวดง ม.12 ต.ศรีสว่าง อ.โพนทราย จ.ร้อยเอ็ด	Close			2024-10-28	22			540000	0.15	THB	2024-11-28		540000			AW098	AW098-PLS-บ้านหัวดง ม.12 ต.ศรีสว่าง อ.โพนทราย จ.ร้อยเอ็ด	STS โอนสิทธิ์ - มูลค่าสัญญา 5400000
dm_11ab44e4	WCI-Project	STS-WTP671128-009(196)-WCI	AW098-PLS-บ้านหัวดง ม.12 ต.ศรีสว่าง อ.โพนทราย จ.ร้อยเอ็ด	Close			2024-10-28	22			482216	0.10	THB	2024-10-29		482216			AW098	AW098-PLS-บ้านหัวดง ม.12 ต.ศรีสว่าง อ.โพนทราย จ.ร้อยเอ็ด	WCI โอนสิทธิ์ (ผูกกับ STS=STS-WTP671128-009(196))
dm_ab07473f	STS	STS-WTP671030-007(182)	STR013-PMS-บ้านหนองหอย ม.10 ต.หนองพลับ อ.หัวหิน จ.ประจวบคีรีขันธ์	Close			2024-10-18	23			361800	0.15	THB	2024-10-30		361800			STR013	STR013-PMS-บ้านหนองหอย ม.10 ต.หนองพลับ อ.หัวหิน จ.ประจวบคีรีขันธ์	STS โอนสิทธิ์ - มูลค่าสัญญา 3618000
dm_4eb017b1	WCI-Project	STS-WTP671030-007(182)-WCI	STR013-PMS-บ้านหนองหอย ม.10 ต.หนองพลับ อ.หัวหิน จ.ประจวบคีรีขันธ์	Close			2024-10-18	23			2008000	0.10	THB	2024-10-30		2008000			STR013	STR013-PMS-บ้านหนองหอย ม.10 ต.หนองพลับ อ.หัวหิน จ.ประจวบคีรีขันธ์	WCI โอนสิทธิ์ (ผูกกับ STS=STS-WTP671030-007(182))
dm_db982241	STS	STS-WTP671206-007(217)	AW084-PL-บ้านเมืองพลับพลา ม.1 ต.เมืองพลับพลา อ.ห้วยแถลง จ.นครราชสีมา	Close			2024-10-18	24			540000	0.15	THB	2024-12-06		540000			AW084	AW084-PL-บ้านเมืองพลับพลา ม.1 ต.เมืองพลับพลา อ.ห้วยแถลง จ.นครราชสีมา	STS โอนสิทธิ์ - มูลค่าสัญญา 5400000
dm_98471d2a	WCI-Project	STS-WTP671206-007(217)-WCI	AW084-PL-บ้านเมืองพลับพลา ม.1 ต.เมืองพลับพลา อ.ห้วยแถลง จ.นครราชสีมา	Close			2024-10-18	24			2160000	0.10	THB	2024-10-30		2160000			AW084	AW084-PL-บ้านเมืองพลับพลา ม.1 ต.เมืองพลับพลา อ.ห้วยแถลง จ.นครราชสีมา	WCI โอนสิทธิ์ (ผูกกับ STS=STS-WTP671206-007(217))
dm_fd52231a	STS	STS-WTP671206-008(218)	AW090-PL-บ้านหนองนา ม.8 ต.งิ้ว อ.ห้วยแถลง จ.นครราชสีมา	Close			2024-10-21	25			540000	0.15	THB	2024-12-06		540000			AW090	AW090-PL-บ้านหนองนา ม.8 ต.งิ้ว อ.ห้วยแถลง จ.นครราชสีมา	STS โอนสิทธิ์ - มูลค่าสัญญา 5400000
dm_297e1d8a	WCI-Project	STS-WTP671206-008(218)-WCI	AW090-PL-บ้านหนองนา ม.8 ต.งิ้ว อ.ห้วยแถลง จ.นครราชสีมา	Close			2024-10-21	25			2160000	0.10	THB	2024-10-30		2160000			AW090	AW090-PL-บ้านหนองนา ม.8 ต.งิ้ว อ.ห้วยแถลง จ.นครราชสีมา	WCI โอนสิทธิ์ (ผูกกับ STS=STS-WTP671206-008(218))
dm_e4484230	STS	STS-WTP671128-002(189)	AW085-PL-บ้านบางสาว ม.2 ต.เขาวง อ.บ้านตาขุน จ.สุราษฎร์ธานี	Close			2024-10-18	10			540000	0.15	THB	2024-11-28		540000			AW085	AW085-PL-บ้านบางสาว ม.2 ต.เขาวง อ.บ้านตาขุน จ.สุราษฎร์ธานี	STS โอนสิทธิ์ - มูลค่าสัญญา 5400000
dm_f0535eeb	WCI-Project	STS-WTP671128-002(189)-WCI	AW085-PL-บ้านบางสาว ม.2 ต.เขาวง อ.บ้านตาขุน จ.สุราษฎร์ธานี	Close			2024-10-18	10			1506816	0.10	THB	2024-10-30		1506816			AW085	AW085-PL-บ้านบางสาว ม.2 ต.เขาวง อ.บ้านตาขุน จ.สุราษฎร์ธานี	WCI โอนสิทธิ์ (ผูกกับ STS=STS-WTP671128-002(189))
dm_16ed6b5e	STS	STS-WTP671128-001(188)	AW075-PL-บ้านหนองพลอง ม.4 ต.ขามเฒ่า อ.โนนสูง จ.นครราชสีมา	Close			2024-10-16	26			540000	0.15	THB	2024-11-28		540000			AW075	AW075-PL-บ้านหนองพลอง ม.4 ต.ขามเฒ่า อ.โนนสูง จ.นครราชสีมา	STS โอนสิทธิ์ - มูลค่าสัญญา 5400000
dm_6c7e73a2	WCI-Project	STS-WTP671128-001(188)-WCI	AW075-PL-บ้านหนองพลอง ม.4 ต.ขามเฒ่า อ.โนนสูง จ.นครราชสีมา	Close			2024-10-16	26			2160000	0.10	THB	2024-10-31		2160000			AW075	AW075-PL-บ้านหนองพลอง ม.4 ต.ขามเฒ่า อ.โนนสูง จ.นครราชสีมา	WCI โอนสิทธิ์ (ผูกกับ STS=STS-WTP671128-001(188))
dm_f75d47fe	STS	STS-WTP671128-003(190)	AW091-PL-บ้านหนองขาม ม.15 ต.หนองขาม อ.จักราช จ.นครราชสีมา	Close			2024-10-22				540000	0.15	THB	2024-11-28		540000			AW091	AW091-PL-บ้านหนองขาม ม.15 ต.หนองขาม อ.จักราช จ.นครราชสีมา	STS โอนสิทธิ์ - มูลค่าสัญญา 5400000
dm_c0a092e0	WCI-Project	STS-WTP671128-003(190)-WCI	AW091-PL-บ้านหนองขาม ม.15 ต.หนองขาม อ.จักราช จ.นครราชสีมา	Close			2024-10-22				2160000	0.10	THB	2024-11-06		2160000			AW091	AW091-PL-บ้านหนองขาม ม.15 ต.หนองขาม อ.จักราช จ.นครราชสีมา	WCI โอนสิทธิ์ (ผูกกับ STS=STS-WTP671128-003(190))
dm_010eddcc	STS	STS-WTP671128-006(193)	AW094-PL-บ้านหนองเสม็ด ม.6 ต.สองสลึง อ.แกลง จ.ระยอง	Close			2024-10-24				540000	0.15	THB	2024-11-28		540000			AW094	AW094-PL-บ้านหนองเสม็ด ม.6 ต.สองสลึง อ.แกลง จ.ระยอง	STS โอนสิทธิ์ - มูลค่าสัญญา 5400000
dm_9d636f1f	WCI-Project	STS-WTP671128-006(193)-WCI	AW094-PL-บ้านหนองเสม็ด ม.6 ต.สองสลึง อ.แกลง จ.ระยอง	Close			2024-10-24				2160000	0.10	THB	2024-11-06		2160000			AW094	AW094-PL-บ้านหนองเสม็ด ม.6 ต.สองสลึง อ.แกลง จ.ระยอง	WCI โอนสิทธิ์ (ผูกกับ STS=STS-WTP671128-006(193))
dm_9d94de7d	STS	STS-WTP671128-005(192)	AW092-PL-บ้านสองพี่น้อง ม.2 ต.สองสลึง อ.แกลง จ.ระยอง	Close			2024-10-24				540000	0.15	THB	2024-11-28		540000			AW092	AW092-PL-บ้านสองพี่น้อง ม.2 ต.สองสลึง อ.แกลง จ.ระยอง	STS โอนสิทธิ์ - มูลค่าสัญญา 5400000
dm_42be0ad2	WCI-Project	STS-WTP671128-005(192)-WCI	AW092-PL-บ้านสองพี่น้อง ม.2 ต.สองสลึง อ.แกลง จ.ระยอง	Close			2024-10-24				2160000	0.10	THB	2024-11-06		2160000			AW092	AW092-PL-บ้านสองพี่น้อง ม.2 ต.สองสลึง อ.แกลง จ.ระยอง	WCI โอนสิทธิ์ (ผูกกับ STS=STS-WTP671128-005(192))
dm_4efce28d	STS	STS-WTP671128-004(191)	AW093-PL-บ้านบ่อทอง ม.5 ต.สองสลึง อ.แกลง จ.ระยอง	Close			2024-10-24				540000	0.15	THB	2024-11-28		540000			AW093	AW093-PL-บ้านบ่อทอง ม.5 ต.สองสลึง อ.แกลง จ.ระยอง	STS โอนสิทธิ์ - มูลค่าสัญญา 5400000
dm_b0225a18	WCI-Project	STS-WTP671128-004(191)-WCI	AW093-PL-บ้านบ่อทอง ม.5 ต.สองสลึง อ.แกลง จ.ระยอง	Close			2024-10-24				2160000	0.10	THB	2024-11-06		2160000			AW093	AW093-PL-บ้านบ่อทอง ม.5 ต.สองสลึง อ.แกลง จ.ระยอง	WCI โอนสิทธิ์ (ผูกกับ STS=STS-WTP671128-004(191))
dm_8f856f49	STS	STS-WTP671128-007(194)	AW096-PLS-บ้านนามล ม.2 ต.โคกสมบูรณ์ อ.กมลาไสย จ.กาฬสินธุ์	Close			2024-10-25				540000	0.15	THB	2024-11-28		540000			AW096	AW096-PLS-บ้านนามล ม.2 ต.โคกสมบูรณ์ อ.กมลาไสย จ.กาฬสินธุ์	STS โอนสิทธิ์ - มูลค่าสัญญา 5400000
dm_b2e5ec29	WCI-Project	STS-WTP671128-007(194)-WCI	AW096-PLS-บ้านนามล ม.2 ต.โคกสมบูรณ์ อ.กมลาไสย จ.กาฬสินธุ์	Close			2024-10-25				2160000	0.10	THB	2024-11-06		2160000			AW096	AW096-PLS-บ้านนามล ม.2 ต.โคกสมบูรณ์ อ.กมลาไสย จ.กาฬสินธุ์	WCI โอนสิทธิ์ (ผูกกับ STS=STS-WTP671128-007(194))
dm_6d4addc7	STS	STS-WTP671128-008(195)	AW095-PLS-บ้านราษฎร์สำราญ ม.8 ต.โคกสมบูรณ์ อ.กมลาไสย จ.กาฬสินธุ์	Close			2024-10-25				540000	0.15	THB	2024-11-28		540000			AW095	AW095-PLS-บ้านราษฎร์สำราญ ม.8 ต.โคกสมบูรณ์ อ.กมลาไสย จ.กาฬสินธุ์	STS โอนสิทธิ์ - มูลค่าสัญญา 5400000
dm_090fa9dc	WCI-Project	STS-WTP671128-008(195)-WCI	AW095-PLS-บ้านราษฎร์สำราญ ม.8 ต.โคกสมบูรณ์ อ.กมลาไสย จ.กาฬสินธุ์	Close			2024-10-25				2160000	0.10	THB	2024-11-06		2160000			AW095	AW095-PLS-บ้านราษฎร์สำราญ ม.8 ต.โคกสมบูรณ์ อ.กมลาไสย จ.กาฬสินธุ์	WCI โอนสิทธิ์ (ผูกกับ STS=STS-WTP671128-008(195))
dm_070c57ae	STS	STS-WTP671129-002(199)	AW103-PL-บ้านปลักซิมปอ ม.6 ต.ควนสตอ อ.ควนโดน จ.สตูล	Close			2024-10-29				540000	0.15	THB	2024-11-29		540000			AW103	AW103-PL-บ้านปลักซิมปอ ม.6 ต.ควนสตอ อ.ควนโดน จ.สตูล	STS โอนสิทธิ์ - มูลค่าสัญญา 5400000
dm_a3eb0ab3	WCI-Project	STS-WTP671129-002(199)-WCI	AW103-PL-บ้านปลักซิมปอ ม.6 ต.ควนสตอ อ.ควนโดน จ.สตูล	Close			2024-10-29				2160000	0.10	THB	2024-11-06		2160000			AW103	AW103-PL-บ้านปลักซิมปอ ม.6 ต.ควนสตอ อ.ควนโดน จ.สตูล	WCI โอนสิทธิ์ (ผูกกับ STS=STS-WTP671129-002(199))
dm_e5875bd0	STS	STS-WTP671129-003(200)	AW104-PL-ม.9 ต.ควนสตอ อ.ควนโดน จ.สตูล	Close			2024-10-29				540000	0.15	THB	2024-11-29		540000			AW104	AW104-PL-ม.9 ต.ควนสตอ อ.ควนโดน จ.สตูล	STS โอนสิทธิ์ - มูลค่าสัญญา 5400000
dm_c8f652a2	WCI-Project	STS-WTP671129-003(200)-WCI	AW104-PL-ม.9 ต.ควนสตอ อ.ควนโดน จ.สตูล	Close			2024-10-29				2160000	0.10	THB	2024-11-06		2160000			AW104	AW104-PL-ม.9 ต.ควนสตอ อ.ควนโดน จ.สตูล	WCI โอนสิทธิ์ (ผูกกับ STS=STS-WTP671129-003(200))
dm_79ed77e5	STS	STS-WTP671129-005(202)	AW107-PL-บ้านย่านซื่อ ม.2 ต.ย่านซื่อ อ.ควนโดน จ.สตูล	Close			2024-10-30				540000	0.15	THB	2024-11-29		540000			AW107	AW107-PL-บ้านย่านซื่อ ม.2 ต.ย่านซื่อ อ.ควนโดน จ.สตูล	STS โอนสิทธิ์ - มูลค่าสัญญา 5400000
dm_039eb0a7	WCI-Project	STS-WTP671129-005(202)-WCI	AW107-PL-บ้านย่านซื่อ ม.2 ต.ย่านซื่อ อ.ควนโดน จ.สตูล	Close			2024-10-30				2160000	0.10	THB	2024-11-06		2160000			AW107	AW107-PL-บ้านย่านซื่อ ม.2 ต.ย่านซื่อ อ.ควนโดน จ.สตูล	WCI โอนสิทธิ์ (ผูกกับ STS=STS-WTP671129-005(202))
dm_973cd5ed	STS	STS-WTP671129-006(203)	AW108-PLS-บ้านสระแก้ว ม.4 ต.สระแก้ว อ.พนมไพร จ.ร้อยเอ็ด	Close			2024-11-01				540000	0.15	THB	2024-11-29		540000			AW108	AW108-PLS-บ้านสระแก้ว ม.4 ต.สระแก้ว อ.พนมไพร จ.ร้อยเอ็ด	STS โอนสิทธิ์ - มูลค่าสัญญา 5400000
dm_8aaa6fa9	WCI-Project	STS-WTP671129-006(203)-WCI	AW108-PLS-บ้านสระแก้ว ม.4 ต.สระแก้ว อ.พนมไพร จ.ร้อยเอ็ด	Close			2024-11-01				560000	0.10	THB	2024-11-06		560000			AW108	AW108-PLS-บ้านสระแก้ว ม.4 ต.สระแก้ว อ.พนมไพร จ.ร้อยเอ็ด	WCI โอนสิทธิ์ (ผูกกับ STS=STS-WTP671129-006(203))
dm_1e99657b	STS	STS-WTP671206-009(219)	AW074-PLS-บ้านโนนศิลาเลิง(หนองบึงแวง) ม.1 ต.โนนศิลาเลิง อ.ฆ้องชัย จ.กาฬสินธุ์	Close			2024-10-16				540000	0.15	THB	2024-12-06		540000			AW074	AW074-PLS-บ้านโนนศิลาเลิง(หนองบึงแวง) ม.1 ต.โนนศิลาเลิง อ.ฆ้องชัย จ.กาฬสินธุ์	STS โอนสิทธิ์ - มูลค่าสัญญา 5400000
dm_6470bddf	WCI-Project	STS-WTP671206-009(219)-WCI	AW074-PLS-บ้านโนนศิลาเลิง(หนองบึงแวง) ม.1 ต.โนนศิลาเลิง อ.ฆ้องชัย จ.กาฬสินธุ์	Close			2024-10-16				2160000	0.10	THB	2024-11-08		2160000			AW074	AW074-PLS-บ้านโนนศิลาเลิง(หนองบึงแวง) ม.1 ต.โนนศิลาเลิง อ.ฆ้องชัย จ.กาฬสินธุ์	WCI โอนสิทธิ์ (ผูกกับ STS=STS-WTP671206-009(219))
dm_b2a2ebf0	STS	STS-WTP671206-010(220)	บ้านสายทอง ม.12 ต.หลุ่งตะเคียน อ.ห้วยแถลง จ.นครราชสีมา	Close			2024-12-18				540000	0.15	THB	2024-12-06		540000				บ้านสายทอง ม.12 ต.หลุ่งตะเคียน อ.ห้วยแถลง จ.นครราชสีมา	STS โอนสิทธิ์ - มูลค่าสัญญา 5400000
dm_3a3445bd	WCI-Project	STS-WTP671206-010(220)-WCI	บ้านสายทอง ม.12 ต.หลุ่งตะเคียน อ.ห้วยแถลง จ.นครราชสีมา	Close			2024-12-18				326816	0.10	THB	2024-11-08		326816				บ้านสายทอง ม.12 ต.หลุ่งตะเคียน อ.ห้วยแถลง จ.นครราชสีมา	WCI โอนสิทธิ์ (ผูกกับ STS=STS-WTP671206-010(220))
dm_b4f332f7	STS	STS-WTP671206-011(221)	AW105-ST II S-บ้านแจ้งจม ม.7 ต.เจ้าท่า อ.กมลาไสย จ.กาฬสินธุ์	Close			2024-10-29				515000	0.15	THB	2024-12-06		515000			AW105	AW105-ST II S-บ้านแจ้งจม ม.7 ต.เจ้าท่า อ.กมลาไสย จ.กาฬสินธุ์	STS โอนสิทธิ์ - มูลค่าสัญญา 5150000
dm_4a6945b6	WCI-Project	STS-WTP671206-011(221)-WCI	AW105-ST II S-บ้านแจ้งจม ม.7 ต.เจ้าท่า อ.กมลาไสย จ.กาฬสินธุ์	Close			2024-10-29				1200000	0.10	THB	2024-11-29		1200000			AW105	AW105-ST II S-บ้านแจ้งจม ม.7 ต.เจ้าท่า อ.กมลาไสย จ.กาฬสินธุ์	WCI โอนสิทธิ์ (ผูกกับ STS=STS-WTP671206-011(221))
dm_fbef98a0	STS	STS-WTP680219-001	รอโครงการใหม่	Close							540000	0.15	THB	2025-02-20		540000				รอโครงการใหม่	STS โอนสิทธิ์ - มูลค่าสัญญา 5400000
dm_fb0458f4	STS	STS-	รอโครงการใหม่	Close							540000	0.15	THB	2024-11-29		540000				รอโครงการใหม่	STS โอนสิทธิ์ - มูลค่าสัญญา 5400000
dm_f9f5b26d	WCI-Project	STS--WCI	รอโครงการใหม่	Close							2151600	0.10	THB	2024-11-29		2151600				รอโครงการใหม่	WCI โอนสิทธิ์ (ผูกกับ STS=STS-)
dm_d157b16f	STS	STS-WTP671206-012(222)	AW113-ST II S-บ้านเหล่าค้อ ม.4 ต.เชียงเครือ อ.เมืองกาฬสินธุ์ จ.กาฬสินธุ์	Close			2024-11-06				515000	0.15	THB	2024-12-06		515000			AW113	AW113-ST II S-บ้านเหล่าค้อ ม.4 ต.เชียงเครือ อ.เมืองกาฬสินธุ์ จ.กาฬสินธุ์	STS โอนสิทธิ์ - มูลค่าสัญญา 5150000
dm_ace026e7	WCI-Project	STS-WTP671206-012(222)-WCI	AW113-ST II S-บ้านเหล่าค้อ ม.4 ต.เชียงเครือ อ.เมืองกาฬสินธุ์ จ.กาฬสินธุ์	Close			2024-11-06				2060000	0.10	THB	2024-11-29		2060000			AW113	AW113-ST II S-บ้านเหล่าค้อ ม.4 ต.เชียงเครือ อ.เมืองกาฬสินธุ์ จ.กาฬสินธุ์	WCI โอนสิทธิ์ (ผูกกับ STS=STS-WTP671206-012(222))
dm_a222a7ca	STS	STS-WTP671218-003(231)	STR049-PL-ม.7 ต.ม่วงเตี้ย อ.วิเศษชัยชาญ จ.อ่างทอง (จุดที่ 2)	Close			2024-11-29				540000	0.15	THB	2024-12-18		540000			STR049	STR049-PL-ม.7 ต.ม่วงเตี้ย อ.วิเศษชัยชาญ จ.อ่างทอง (จุดที่ 2)	STS โอนสิทธิ์ - มูลค่าสัญญา 5400000
dm_52d702a0	WCI-Project	STS-WTP671218-003(231)-WCI	STR049-PL-ม.7 ต.ม่วงเตี้ย อ.วิเศษชัยชาญ จ.อ่างทอง (จุดที่ 2)	Close			2024-11-29				1288400	0.10	THB	2024-11-29		1288400			STR049	STR049-PL-ม.7 ต.ม่วงเตี้ย อ.วิเศษชัยชาญ จ.อ่างทอง (จุดที่ 2)	WCI โอนสิทธิ์ (ผูกกับ STS=STS-WTP671218-003(231))
dm_0726d150	STS	STS-WTP671206-013(223)	AW112-PL-บ้านดอนงูเหลือม ม.7 ต.หนองแค อ.ราษีไศล จ.ศรีสะเกษ	Close			2024-11-05				540000	0.15	THB	2024-12-06		540000			AW112	AW112-PL-บ้านดอนงูเหลือม ม.7 ต.หนองแค อ.ราษีไศล จ.ศรีสะเกษ	STS โอนสิทธิ์ - มูลค่าสัญญา 5400000
dm_60a31483	WCI-Project	STS-WTP671206-013(223)-WCI	AW112-PL-บ้านดอนงูเหลือม ม.7 ต.หนองแค อ.ราษีไศล จ.ศรีสะเกษ	Close			2024-11-05				2160000	0.10	THB	2024-11-29		2160000			AW112	AW112-PL-บ้านดอนงูเหลือม ม.7 ต.หนองแค อ.ราษีไศล จ.ศรีสะเกษ	WCI โอนสิทธิ์ (ผูกกับ STS=STS-WTP671206-013(223))
dm_223ec593	STS	STS-WTP671206-014(224)	AW110-PL-บ้านบางหลุด ม.13 ต.คลองชะอุ่น อ.พนม จ.สุราษฎร์ธานี	Close			2024-11-04				540000	0.15	THB	2024-12-06		540000			AW110	AW110-PL-บ้านบางหลุด ม.13 ต.คลองชะอุ่น อ.พนม จ.สุราษฎร์ธานี	STS โอนสิทธิ์ - มูลค่าสัญญา 5400000
dm_df4579cd	WCI-Project	STS-WTP671206-014(224)-WCI	AW110-PL-บ้านบางหลุด ม.13 ต.คลองชะอุ่น อ.พนม จ.สุราษฎร์ธานี	Close			2024-11-04				2160000	0.10	THB	2024-11-29		2160000			AW110	AW110-PL-บ้านบางหลุด ม.13 ต.คลองชะอุ่น อ.พนม จ.สุราษฎร์ธานี	WCI โอนสิทธิ์ (ผูกกับ STS=STS-WTP671206-014(224))
dm_8a257390	STS	STS-WTP671206-015(225)	AW070-PLS-บ้านหัวช้าง ม.8 ต.นาเชือก อ.นาเชือก จ.มหาสารคาม	Close			2024-10-09				540000	0.15	THB	2024-12-06		540000			AW070	AW070-PLS-บ้านหัวช้าง ม.8 ต.นาเชือก อ.นาเชือก จ.มหาสารคาม	STS โอนสิทธิ์ - มูลค่าสัญญา 5400000
dm_cef700a6	WCI-Project	STS-WTP671206-015(225)-WCI	AW070-PLS-บ้านหัวช้าง ม.8 ต.นาเชือก อ.นาเชือก จ.มหาสารคาม	Close			2024-10-09				2160000	0.10	THB	2024-10-11		2160000			AW070	AW070-PLS-บ้านหัวช้าง ม.8 ต.นาเชือก อ.นาเชือก จ.มหาสารคาม	WCI โอนสิทธิ์ (ผูกกับ STS=STS-WTP671206-015(225))
dm_6ea78629	STS	STS-WTP671206-016(226),STS-WTP671218-004(232)	TTI037-PL-ตลาดกลางสินค้าเกษตรสระแก้ว ม.1 ต.ศาลาลำดวน อ.เมืองสระแก้ว จ.สระแก้ว	Close			2024-11-29				353560	0.15	THB	2024-12-06		353560			TTI037	TTI037-PL-ตลาดกลางสินค้าเกษตรสระแก้ว ม.1 ต.ศาลาลำดวน อ.เมืองสระแก้ว จ.สระแก้ว	STS โอนสิทธิ์ - มูลค่าสัญญา 5400000
dm_43c8518f	WCI-Project	STS-WTP671206-016(226),STS-WTP671218-004(232)-WCI	TTI037-PL-ตลาดกลางสินค้าเกษตรสระแก้ว ม.1 ต.ศาลาลำดวน อ.เมืองสระแก้ว จ.สระแก้ว	Close			2024-11-29				2160000	0.10	THB	2024-12-06		2160000			TTI037	TTI037-PL-ตลาดกลางสินค้าเกษตรสระแก้ว ม.1 ต.ศาลาลำดวน อ.เมืองสระแก้ว จ.สระแก้ว	WCI โอนสิทธิ์ (ผูกกับ STS=STS-WTP671206-016(226),STS-WTP671218-004(232))
dm_3eba2cc9	STS	STS-WTP671206-017(227)	TTI038-PL-โรงเรียนบ้านศาลาลำดวน ม.2 ต.ศาลาลำดวน อ.เมืองสระแก้ว จ.สระแก้ว	Close			2024-11-29				540000	0.15	THB	2024-12-06		540000			TTI038	TTI038-PL-โรงเรียนบ้านศาลาลำดวน ม.2 ต.ศาลาลำดวน อ.เมืองสระแก้ว จ.สระแก้ว	STS โอนสิทธิ์ - มูลค่าสัญญา 5400000
dm_573e5e79	WCI-Project	STS-WTP671206-017(227)-WCI	TTI038-PL-โรงเรียนบ้านศาลาลำดวน ม.2 ต.ศาลาลำดวน อ.เมืองสระแก้ว จ.สระแก้ว	Close			2024-11-29				2160000	0.10	THB	2024-12-06		2160000			TTI038	TTI038-PL-โรงเรียนบ้านศาลาลำดวน ม.2 ต.ศาลาลำดวน อ.เมืองสระแก้ว จ.สระแก้ว	WCI โอนสิทธิ์ (ผูกกับ STS=STS-WTP671206-017(227))
dm_3fb53144	STS	STS-WTP680219-001	รอโครงการใหม่	Close							540000	0.15	THB	2025-02-20		540000				รอโครงการใหม่	STS โอนสิทธิ์ - มูลค่าสัญญา 5400000
dm_6e29cab8	STS	STS-	รอโครงการใหม่	Close							540000	0.15	THB	2024-12-06		540000				รอโครงการใหม่	STS โอนสิทธิ์ - มูลค่าสัญญา 5400000
dm_959ce409	WCI-Project	STS--WCI	รอโครงการใหม่	Close							2160000	0.10	THB	2024-12-06		2160000				รอโครงการใหม่	WCI โอนสิทธิ์ (ผูกกับ STS=STS-)
dm_6af52300	STS	STS-WTP680219-001	บ้านคลองตามั่น ม.11 ต.เขาไม้แก้ว อ.กบินทร์บุรี จ.ปราจีนบุรี	Close			-2146826246				540000	0.15	THB	2025-02-20		540000				บ้านคลองตามั่น ม.11 ต.เขาไม้แก้ว อ.กบินทร์บุรี จ.ปราจีนบุรี	STS โอนสิทธิ์ - มูลค่าสัญญา 5400000
dm_46988a7e	WCI-Project	STS-WTP680219-001-WCI	บ้านคลองตามั่น ม.11 ต.เขาไม้แก้ว อ.กบินทร์บุรี จ.ปราจีนบุรี	Close			-2146826246				2060000	0.10	THB	2024-12-20		2060000				บ้านคลองตามั่น ม.11 ต.เขาไม้แก้ว อ.กบินทร์บุรี จ.ปราจีนบุรี	WCI โอนสิทธิ์ (ผูกกับ STS=STS-WTP680219-001)
dm_c9a34643	STS	STS-WTP680219-001	รอโครงการใหม่	Close							540000	0.15	THB	2025-02-20		540000				รอโครงการใหม่	STS โอนสิทธิ์ - มูลค่าสัญญา 5400000
dm_a38c52fc	STS	STS-	รอโครงการใหม่	Close							540000	0.15	THB	2024-12-12		540000				รอโครงการใหม่	STS โอนสิทธิ์ - มูลค่าสัญญา 5400000
dm_e278a363	WCI-Project	STS--WCI	รอโครงการใหม่	Close							1367743.32	0.10	THB	2024-12-12		1367743.32				รอโครงการใหม่	WCI โอนสิทธิ์ (ผูกกับ STS=STS-)
dm_2a2aa1c3	STS	STS-WTP680219-001	รอโครงการใหม่	Close							540000	0.15	THB	2025-02-20		540000				รอโครงการใหม่	STS โอนสิทธิ์ - มูลค่าสัญญา 5400000
dm_8415b169	STS	STS-	รอโครงการใหม่	Close							540000	0.15	THB	2024-12-12		540000				รอโครงการใหม่	STS โอนสิทธิ์ - มูลค่าสัญญา 5400000
dm_8a64606a	WCI-Project	STS--WCI	รอโครงการใหม่	Close							2156128.34	0.10	THB	2024-12-12		2156128.34				รอโครงการใหม่	WCI โอนสิทธิ์ (ผูกกับ STS=STS-)
dm_3285d66d	STS	STS-WTP680219-001	รอโครงการใหม่	Close							540000	0.15	THB	2025-02-20		540000				รอโครงการใหม่	STS โอนสิทธิ์ - มูลค่าสัญญา 5400000
dm_6fb9591b	STS	STS-	รอโครงการใหม่	Close							540000	0.15	THB	2024-12-12		540000				รอโครงการใหม่	STS โอนสิทธิ์ - มูลค่าสัญญา 5400000
dm_7906b0ff	WCI-Project	STS--WCI	รอโครงการใหม่	Close							2160000	0.10	THB	2024-12-12		2160000				รอโครงการใหม่	WCI โอนสิทธิ์ (ผูกกับ STS=STS-)
dm_7bb77cae	STS	STS-AW128	AW128-PL-บ้านศรีประชา ม.1 ต.ชำฆ้อ อ.เขาชะเมา จ.ระยอง	Close			2024-11-27				539032.085	0.15	THB	2024-12-12		539032.085			AW128	AW128-PL-บ้านศรีประชา ม.1 ต.ชำฆ้อ อ.เขาชะเมา จ.ระยอง	STS โอนสิทธิ์ - มูลค่าสัญญา 5390320.85
dm_5780ce5a	WCI-Project	STS-AW128-WCI	AW128-PL-บ้านศรีประชา ม.1 ต.ชำฆ้อ อ.เขาชะเมา จ.ระยอง	Close			2024-11-27				2156128.34	0.10	THB	2024-12-12		2156128.34			AW128	AW128-PL-บ้านศรีประชา ม.1 ต.ชำฆ้อ อ.เขาชะเมา จ.ระยอง	WCI โอนสิทธิ์ (ผูกกับ STS=STS-AW128)
dm_77152740	STS	STS-	รอโครงการใหม่	Close							540000	0.15	THB	2024-12-12		540000				รอโครงการใหม่	STS โอนสิทธิ์ - มูลค่าสัญญา 5400000
dm_463527e1	WCI-Project	STS--WCI	รอโครงการใหม่	Close							2160000	0.10	THB	2024-12-12		2160000				รอโครงการใหม่	WCI โอนสิทธิ์ (ผูกกับ STS=STS-)
dm_b14362f5	STS	STS-	รอโครงการใหม่	Close							542400	0.15	THB	2024-12-25		542400				รอโครงการใหม่	STS โอนสิทธิ์ - มูลค่าสัญญา 5424000
dm_8c0a0f30	WCI-Project	STS--WCI	รอโครงการใหม่	Close							2060000	0.10	THB	2024-12-25		2060000				รอโครงการใหม่	WCI โอนสิทธิ์ (ผูกกับ STS=STS-)
dm_25d6b12f	STS	STS-	รอโครงการใหม่	Close							515000	0.15	THB	2024-12-25		515000				รอโครงการใหม่	STS โอนสิทธิ์ - มูลค่าสัญญา 5150000
dm_359d91e4	WCI-Project	STS--WCI	รอโครงการใหม่	Close							2060000	0.10	THB	2024-12-25		2060000				รอโครงการใหม่	WCI โอนสิทธิ์ (ผูกกับ STS=STS-)
dm_d529be19	STS	STS-	AW082-PSL-ม.6 ต.โคกยาง อ.เหนือคลอง จ.กระบี่	Close			2024-10-17				449800	0.15	THB	2024-12-25		449800				AW082-PSL-ม.6 ต.โคกยาง อ.เหนือคลอง จ.กระบี่	STS โอนสิทธิ์ - มูลค่าสัญญา 4498000
dm_e41a69f8	WCI-Project	STS--WCI	AW082-PSL-ม.6 ต.โคกยาง อ.เหนือคลอง จ.กระบี่	Close			2024-10-17				530000	0.10	THB	2024-12-25		530000				AW082-PSL-ม.6 ต.โคกยาง อ.เหนือคลอง จ.กระบี่	WCI โอนสิทธิ์ (ผูกกับ STS=STS-)
dm_da05be07	STS	STS-WTP680219-001	บ้านเทื่อม ม.3 ต.เขือน้ำ อ.บ้านผือ จ.อุดรธานี	Close			2025-06-09				540000	0.15	THB	2025-02-20		540000				บ้านเทื่อม ม.3 ต.เขือน้ำ อ.บ้านผือ จ.อุดรธานี	STS โอนสิทธิ์ - มูลค่าสัญญา 5377196.24
dm_4e5ae902	WCI-Project	STS-WTP680219-001-WCI	บ้านเทื่อม ม.3 ต.เขือน้ำ อ.บ้านผือ จ.อุดรธานี	Close			2025-06-09				2160000	0.10	THB	2025-01-15		2160000				บ้านเทื่อม ม.3 ต.เขือน้ำ อ.บ้านผือ จ.อุดรธานี	WCI โอนสิทธิ์ (ผูกกับ STS=STS-WTP680219-001)
dm_87448695	STS	STS-WTP680219-001	บ้านดอกคำใต้ ม.1 ต.แม่ตีบ อ.งาว จ.ลำปาง	Close			2025-06-12				540000	0.15	THB	2025-02-20		540000				บ้านดอกคำใต้ ม.1 ต.แม่ตีบ อ.งาว จ.ลำปาง	STS โอนสิทธิ์ - มูลค่าสัญญา 5397000
dm_de3efea0	WCI-Project	STS-WTP680219-001-WCI	บ้านดอกคำใต้ ม.1 ต.แม่ตีบ อ.งาว จ.ลำปาง	Close			2025-06-12				886943.32	0.10	THB	2025-01-15		886943.32				บ้านดอกคำใต้ ม.1 ต.แม่ตีบ อ.งาว จ.ลำปาง	WCI โอนสิทธิ์ (ผูกกับ STS=STS-WTP680219-001)
dm_d79a5ac3	STS	STS-WTP680219-001	บ้านเหลิ่งหิน ม.11 ต.โนนจาน อ.บัวลาย จ.นครราชสีมา	Close			2025-06-11				540000	0.15	THB	2025-02-20		540000				บ้านเหลิ่งหิน ม.11 ต.โนนจาน อ.บัวลาย จ.นครราชสีมา	STS โอนสิทธิ์ - มูลค่าสัญญา 5400000
dm_de3efac7	WCI-Project	STS-WTP680219-001-WCI	บ้านเหลิ่งหิน ม.11 ต.โนนจาน อ.บัวลาย จ.นครราชสีมา	Close			2025-06-11				1726943.32	0.10	THB	2025-01-16		1726943.32				บ้านเหลิ่งหิน ม.11 ต.โนนจาน อ.บัวลาย จ.นครราชสีมา	WCI โอนสิทธิ์ (ผูกกับ STS=STS-WTP680219-001)
dm_a09a95a8	STS	STS-WTP680219-001	รอโครงการใหม่	Close							540000	0.15	THB	2025-02-20		540000				รอโครงการใหม่	STS โอนสิทธิ์ - มูลค่าสัญญา 5400000
dm_35fca26b	STS	STS-	รอโครงการใหม่	Close							540000	0.15	THB	2025-02-21		540000				รอโครงการใหม่	STS โอนสิทธิ์ - มูลค่าสัญญา 5400000
dm_1aca897c	WCI-Project	STS--WCI	รอโครงการใหม่	Close							1500000	0.10	THB	2025-02-21		1500000				รอโครงการใหม่	WCI โอนสิทธิ์ (ผูกกับ STS=STS-)
dm_76232c45	STS	STS-	รอโครงการใหม่	Close							540000	0.15	THB	2025-02-07		540000				รอโครงการใหม่	STS โอนสิทธิ์ - มูลค่าสัญญา 5400000
dm_c38812ea	WCI-Project	STS--WCI	รอโครงการใหม่	Close							2160000	0.10	THB	2025-02-07		2160000				รอโครงการใหม่	WCI โอนสิทธิ์ (ผูกกับ STS=STS-)
dm_d22a8520	STS	STS-WTP680219-001	บ้านหนองปล้อง ม.1 ต.หนองปล้อง อ.วังทรายพูน จ.พิจิตร	Active							540000	0.15	THB	2025-02-20		540000				บ้านหนองปล้อง ม.1 ต.หนองปล้อง อ.วังทรายพูน จ.พิจิตร	STS โอนสิทธิ์ - มูลค่าสัญญา 5400000
dm_f69c4374	WCI-Project	STS-WTP680219-001-WCI	บ้านหนองปล้อง ม.1 ต.หนองปล้อง อ.วังทรายพูน จ.พิจิตร	Active							2160000	0.10	THB	2025-02-20		2160000				บ้านหนองปล้อง ม.1 ต.หนองปล้อง อ.วังทรายพูน จ.พิจิตร	WCI โอนสิทธิ์ (ผูกกับ STS=STS-WTP680219-001)
dm_b7a066df	STS	STS-WTP680219-001	บ้านตระกาจ ม.4 ต.ตระกาจ อ.กันทรลักษ์ จ.ศรีสะเกษ	Close			2025-05-06				540000	0.15	THB	2025-02-20		540000				บ้านตระกาจ ม.4 ต.ตระกาจ อ.กันทรลักษ์ จ.ศรีสะเกษ	STS โอนสิทธิ์ - มูลค่าสัญญา 5400000
dm_49968b15	WCI-Project	STS-WTP680219-001-WCI	บ้านตระกาจ ม.4 ต.ตระกาจ อ.กันทรลักษ์ จ.ศรีสะเกษ	Close			2025-05-06				2160000	0.10	THB	2025-02-07		2160000				บ้านตระกาจ ม.4 ต.ตระกาจ อ.กันทรลักษ์ จ.ศรีสะเกษ	WCI โอนสิทธิ์ (ผูกกับ STS=STS-WTP680219-001)
dm_2372c94c	STS	STS-WTP680219-001	รอโครงการใหม่	Close							540000	0.15	THB	2025-02-20		540000				รอโครงการใหม่	STS โอนสิทธิ์ - มูลค่าสัญญา 5400000
dm_946b4a49	STS	STS-	รอโครงการใหม่	Close							540000	0.15	THB	2025-02-07		540000				รอโครงการใหม่	STS โอนสิทธิ์ - มูลค่าสัญญา 5400000
dm_a473d31e	WCI-Project	STS--WCI	รอโครงการใหม่	Close							1120000	0.10	THB	2025-02-07		1120000				รอโครงการใหม่	WCI โอนสิทธิ์ (ผูกกับ STS=STS-)
dm_d04c968a	STS	STS-WTP680219-001	บ้านทุ่ง ม.5 ต.หัวเสือ อ.แม่ทะ จ.ลำปาง	Close			2025-04-24				540000	0.15	THB	2025-02-20		540000				บ้านทุ่ง ม.5 ต.หัวเสือ อ.แม่ทะ จ.ลำปาง	STS โอนสิทธิ์ - มูลค่าสัญญา 5380269.71
dm_74803026	WCI-Project	STS-WTP680219-001-WCI	บ้านทุ่ง ม.5 ต.หัวเสือ อ.แม่ทะ จ.ลำปาง	Close			2025-04-24				2160000	0.10	THB	2025-03-12		2160000				บ้านทุ่ง ม.5 ต.หัวเสือ อ.แม่ทะ จ.ลำปาง	WCI โอนสิทธิ์ (ผูกกับ STS=STS-WTP680219-001)
dm_3cb1e0ba	STS	STS-WTP680219-001	บ้านตันหาร ม.3 ต.วังสรรพรส อ.ขลุง จ.จันทบุรี	Active							540000	0.15	THB	2025-02-20		540000				บ้านตันหาร ม.3 ต.วังสรรพรส อ.ขลุง จ.จันทบุรี	STS โอนสิทธิ์ - มูลค่าสัญญา 5400000
dm_99d566e6	WCI-Project	STS-WTP680219-001-WCI	บ้านตันหาร ม.3 ต.วังสรรพรส อ.ขลุง จ.จันทบุรี	Active							2160000	0.10	THB	2025-03-12		2160000				บ้านตันหาร ม.3 ต.วังสรรพรส อ.ขลุง จ.จันทบุรี	WCI โอนสิทธิ์ (ผูกกับ STS=STS-WTP680219-001)
dm_caabe484	STS	STS-WTP680219-001	บ้านโนนสว่าง ม.4 ต.วังม่วง อ.เปือยน้อย จ.ขอนแก่น	Active							540000	0.15	THB	2025-02-20		540000				บ้านโนนสว่าง ม.4 ต.วังม่วง อ.เปือยน้อย จ.ขอนแก่น	STS โอนสิทธิ์ - มูลค่าสัญญา 5400000
dm_75f4fede	WCI-Project	STS-WTP680219-001-WCI	บ้านโนนสว่าง ม.4 ต.วังม่วง อ.เปือยน้อย จ.ขอนแก่น	Active							2160000	0.10	THB	2025-03-12		2160000				บ้านโนนสว่าง ม.4 ต.วังม่วง อ.เปือยน้อย จ.ขอนแก่น	WCI โอนสิทธิ์ (ผูกกับ STS=STS-WTP680219-001)
dm_cabfbee8	STS	STS-WTP680219-001	รอโครงการใหม่	Close							540000	0.15	THB	2025-02-20		540000				รอโครงการใหม่	STS โอนสิทธิ์ - มูลค่าสัญญา 5400000
dm_e34469a7	WCI-Project	STS-WTP680219-001-WCI	รอโครงการใหม่	Close							2160000	0.10	THB	2025-03-12		2160000				รอโครงการใหม่	WCI โอนสิทธิ์ (ผูกกับ STS=STS-WTP680219-001)
dm_2309d787	STS	STS-WTP680219-001	รอโครงการใหม่	Close							540000	0.15	THB	2025-02-20		540000				รอโครงการใหม่	STS โอนสิทธิ์ - มูลค่าสัญญา 5400000
dm_8de51dfe	WCI-Project	STS-WTP680219-001-WCI	รอโครงการใหม่	Close							2160000	0.10	THB	2025-03-12		2160000				รอโครงการใหม่	WCI โอนสิทธิ์ (ผูกกับ STS=STS-WTP680219-001)
dm_cbf4505e	STS	STS-WTP680219-001	รอโครงการใหม่	Close							540000	0.15	THB	2025-02-20		540000				รอโครงการใหม่	STS โอนสิทธิ์ - มูลค่าสัญญา 5400000
dm_f2aeaa7d	WCI-Project	STS-WTP680219-001-WCI	รอโครงการใหม่	Close							2160000	0.10	THB	2025-03-12		2160000				รอโครงการใหม่	WCI โอนสิทธิ์ (ผูกกับ STS=STS-WTP680219-001)
dm_bf1a0408	STS	STS-WTP680219-001	บ้านป่าตาล ม.2 ต.เถินบุรี อ.เถิน จ.ลำปาง	Close			2025-05-23				540000	0.15	THB	2025-02-20		540000				บ้านป่าตาล ม.2 ต.เถินบุรี อ.เถิน จ.ลำปาง	STS โอนสิทธิ์ - มูลค่าสัญญา 5340000
dm_9ec35c00	WCI-Project	STS-WTP680219-001-WCI	บ้านป่าตาล ม.2 ต.เถินบุรี อ.เถิน จ.ลำปาง	Close			2025-05-23				2040000	0.10	THB	2025-03-12		2040000				บ้านป่าตาล ม.2 ต.เถินบุรี อ.เถิน จ.ลำปาง	WCI โอนสิทธิ์ (ผูกกับ STS=STS-WTP680219-001)
dm_430fd7e9	STS	STS-WTP680219-001	รอโครงการใหม่	Close							540000	0.15	THB	2025-02-20		540000				รอโครงการใหม่	STS โอนสิทธิ์ - มูลค่าสัญญา 5400000
dm_c2c0f8dd	WCI-Project	STS-WTP680219-001-WCI	รอโครงการใหม่	Close							2160000	0.10	THB	2025-03-14		2160000				รอโครงการใหม่	WCI โอนสิทธิ์ (ผูกกับ STS=STS-WTP680219-001)
dm_a04c2030	STS	STS-WTP680219-001	รอโครงการใหม่	Close							420000	0.15	THB	2025-02-20		420000				รอโครงการใหม่	STS โอนสิทธิ์ - มูลค่าสัญญา 5400000
dm_0ec8e69e	WCI-Project	STS-WTP680219-001-WCI	รอโครงการใหม่	Close							2160000	0.10	THB	2025-03-20		2160000				รอโครงการใหม่	WCI โอนสิทธิ์ (ผูกกับ STS=STS-WTP680219-001)
dm_fde3f527	STS	STS-	รอโครงการใหม่	Close							540000	0.15	THB	2025-03-20		540000				รอโครงการใหม่	STS โอนสิทธิ์ - มูลค่าสัญญา 5400000
dm_c3a4111d	WCI-Project	STS--WCI	รอโครงการใหม่	Close							2160000	0.10	THB	2025-03-20		2160000				รอโครงการใหม่	WCI โอนสิทธิ์ (ผูกกับ STS=STS-)
dm_c58437ca	STS	STS-	บ้านยั้งเมิน ม.3 ต.ยั้งเมิน อ.สะเมิง จ.เชียงใหม่	Close			2025-05-29				528800	0.15	THB	2025-03-20		528800				บ้านยั้งเมิน ม.3 ต.ยั้งเมิน อ.สะเมิง จ.เชียงใหม่	STS โอนสิทธิ์ - มูลค่าสัญญา 5288000
dm_6eb39de7	WCI-Project	STS--WCI	บ้านยั้งเมิน ม.3 ต.ยั้งเมิน อ.สะเมิง จ.เชียงใหม่	Close			2025-05-29				2160000	0.10	THB	2025-03-20		2160000				บ้านยั้งเมิน ม.3 ต.ยั้งเมิน อ.สะเมิง จ.เชียงใหม่	WCI โอนสิทธิ์ (ผูกกับ STS=STS-)
dm_d7b90d11	STS	STS-	บ้านวังแดง ม.3 ต.วังแดง อ.ตรอน จ.อุตรดิตถ์	Close			2025-06-09				538119.624	0.15	THB	2025-03-20		538119.624				บ้านวังแดง ม.3 ต.วังแดง อ.ตรอน จ.อุตรดิตถ์	STS โอนสิทธิ์ - มูลค่าสัญญา 5381196.24
dm_2e75d696	WCI-Project	STS--WCI	บ้านวังแดง ม.3 ต.วังแดง อ.ตรอน จ.อุตรดิตถ์	Close			2025-06-09				2160000	0.10	THB	2025-03-20		2160000				บ้านวังแดง ม.3 ต.วังแดง อ.ตรอน จ.อุตรดิตถ์	WCI โอนสิทธิ์ (ผูกกับ STS=STS-)
dm_f29a1622	STS	STS-	บ้านสองแควปินหวาน ม.5 ต.เถินบุรี อ.เถิน จ.ลำปาง	Close			2025-05-23				534000	0.15	THB	2025-03-20		534000				บ้านสองแควปินหวาน ม.5 ต.เถินบุรี อ.เถิน จ.ลำปาง	STS โอนสิทธิ์ - มูลค่าสัญญา 5340000
dm_4eed0e80	WCI-Project	STS--WCI	บ้านสองแควปินหวาน ม.5 ต.เถินบุรี อ.เถิน จ.ลำปาง	Close			2025-05-23				2160000	0.10	THB	2025-03-20		2160000				บ้านสองแควปินหวาน ม.5 ต.เถินบุรี อ.เถิน จ.ลำปาง	WCI โอนสิทธิ์ (ผูกกับ STS=STS-)
dm_61d7393e	STS	STS-	รอโครงการใหม่	Close							562000	0.15	THB	2025-03-27		562000				รอโครงการใหม่	STS โอนสิทธิ์ - มูลค่าสัญญา 5620000
dm_554a4a6d	WCI-Project	STS--WCI	รอโครงการใหม่	Close							2248000	0.10	THB	2025-03-27		2248000				รอโครงการใหม่	WCI โอนสิทธิ์ (ผูกกับ STS=STS-)
dm_1be939bd	STS	STS-	รอโครงการใหม่	Close							542400	0.15	THB	2025-03-27		542400				รอโครงการใหม่	STS โอนสิทธิ์ - มูลค่าสัญญา 5424000
dm_3a16df93	WCI-Project	STS--WCI	รอโครงการใหม่	Close							2060000	0.10	THB	2025-03-27		2060000				รอโครงการใหม่	WCI โอนสิทธิ์ (ผูกกับ STS=STS-)
dm_5e6ffb56	STS	STS-	รอโครงการใหม่	Close							540000	0.15	THB	2025-03-27		540000				รอโครงการใหม่	STS โอนสิทธิ์ - มูลค่าสัญญา 5400000
dm_87a5761b	WCI-Project	STS--WCI	รอโครงการใหม่	Close							2160000	0.10	THB	2025-03-27		2160000				รอโครงการใหม่	WCI โอนสิทธิ์ (ผูกกับ STS=STS-)
dm_74aa7a39	STS	STS-	รอโครงการใหม่	Close							540000	0.15	THB	2025-03-27		540000				รอโครงการใหม่	STS โอนสิทธิ์ - มูลค่าสัญญา 5400000
dm_f6eb5db4	WCI-Project	STS--WCI	รอโครงการใหม่	Close							2160000	0.10	THB	2025-03-27		2160000				รอโครงการใหม่	WCI โอนสิทธิ์ (ผูกกับ STS=STS-)
dm_1484b2c3	STS	STS-	รอโครงการใหม่	Close							540000	0.15	THB	2025-03-27		540000				รอโครงการใหม่	STS โอนสิทธิ์ - มูลค่าสัญญา 5400000
dm_a6d36107	WCI-Project	STS--WCI	รอโครงการใหม่	Close							2160000	0.10	THB	2025-03-27		2160000				รอโครงการใหม่	WCI โอนสิทธิ์ (ผูกกับ STS=STS-)
dm_afe684fb	STS	STS-	รอโครงการใหม่	Close							540000	0.15	THB	2025-03-27		540000				รอโครงการใหม่	STS โอนสิทธิ์ - มูลค่าสัญญา 5400000
dm_730f9436	WCI-Project	STS--WCI	รอโครงการใหม่	Close							2160000	0.10	THB	2025-03-27		2160000				รอโครงการใหม่	WCI โอนสิทธิ์ (ผูกกับ STS=STS-)
dm_d91e887e	STS	STS-	รอโครงการใหม่	Close							540000	0.15	THB	2025-03-27		540000				รอโครงการใหม่	STS โอนสิทธิ์ - มูลค่าสัญญา 5400000
dm_1dc33e0c	WCI-Project	STS--WCI	รอโครงการใหม่	Close							2160000	0.10	THB	2025-03-27		2160000				รอโครงการใหม่	WCI โอนสิทธิ์ (ผูกกับ STS=STS-)
dm_82515fd3	STS	STS-	บ้านหัวแรต ม.10 ต.บัวโคก อ.ท่าตูม จ.สุรินทร์	Close			2025-05-13				540000	0.15	THB	2025-03-27		540000				บ้านหัวแรต ม.10 ต.บัวโคก อ.ท่าตูม จ.สุรินทร์	STS โอนสิทธิ์ - มูลค่าสัญญา 5397000
dm_fb1676b4	WCI-Project	STS--WCI	บ้านหัวแรต ม.10 ต.บัวโคก อ.ท่าตูม จ.สุรินทร์	Close			2025-05-13				2160000	0.10	THB	2025-03-27		2160000				บ้านหัวแรต ม.10 ต.บัวโคก อ.ท่าตูม จ.สุรินทร์	WCI โอนสิทธิ์ (ผูกกับ STS=STS-)
dm_02bd56d7	STS	STS-	รอโครงการใหม่	Close							450000	0.15	THB	2025-03-27		450000				รอโครงการใหม่	STS โอนสิทธิ์ - มูลค่าสัญญา 4500000
dm_a81da901	WCI-Project	STS--WCI	รอโครงการใหม่	Close							1800000	0.10	THB	2025-03-27		1800000				รอโครงการใหม่	WCI โอนสิทธิ์ (ผูกกับ STS=STS-)
dm_08061ca1	STS	STS-	ม.10 ต.วังเย็น อ.แปลงยาว จ.ฉะเชิงเทรา	Close			2025-04-28				450000	0.15	THB	2025-03-27		450000				ม.10 ต.วังเย็น อ.แปลงยาว จ.ฉะเชิงเทรา	STS โอนสิทธิ์ - มูลค่าสัญญา 4500000
dm_17d2ef77	WCI-Project	STS--WCI	ม.10 ต.วังเย็น อ.แปลงยาว จ.ฉะเชิงเทรา	Close			2025-04-28				1800000	0.10	THB	2025-03-27		1800000				ม.10 ต.วังเย็น อ.แปลงยาว จ.ฉะเชิงเทรา	WCI โอนสิทธิ์ (ผูกกับ STS=STS-)
dm_595cd1ef	STS	STS-	รอโครงการใหม่	Close							340000	0.15	THB	2025-03-27		340000				รอโครงการใหม่	STS โอนสิทธิ์ - มูลค่าสัญญา 3400000
dm_4f936be1	WCI-Project	STS--WCI	รอโครงการใหม่	Close							1360000	0.10	THB	2025-03-27		1360000				รอโครงการใหม่	WCI โอนสิทธิ์ (ผูกกับ STS=STS-)
dm_53392716	STS	STS-	รอโครงการใหม่	Close							340000	0.15	THB	2025-03-27		340000				รอโครงการใหม่	STS โอนสิทธิ์ - มูลค่าสัญญา 3400000
dm_24a7d38b	WCI-Project	STS--WCI	รอโครงการใหม่	Close							1360000	0.10	THB	2025-03-27		1360000				รอโครงการใหม่	WCI โอนสิทธิ์ (ผูกกับ STS=STS-)
dm_81aed6b6	STS	STS-	รอโครงการใหม่	Close							340000	0.15	THB	2025-03-27		340000				รอโครงการใหม่	STS โอนสิทธิ์ - มูลค่าสัญญา 3400000
dm_7e83f7a7	WCI-Project	STS--WCI	รอโครงการใหม่	Close							1360000	0.10	THB	2025-03-27		1360000				รอโครงการใหม่	WCI โอนสิทธิ์ (ผูกกับ STS=STS-)
dm_e1369223	STS	STS-	รอโครงการใหม่	Close							340000	0.15	THB	2025-03-27		340000				รอโครงการใหม่	STS โอนสิทธิ์ - มูลค่าสัญญา 3400000
dm_0940981f	WCI-Project	STS--WCI	รอโครงการใหม่	Close							1360000	0.10	THB	2025-03-27		1360000				รอโครงการใหม่	WCI โอนสิทธิ์ (ผูกกับ STS=STS-)
dm_66de34f9	STS	STS-	รอโครงการใหม่	Close							340000	0.15	THB	2025-03-27		340000				รอโครงการใหม่	STS โอนสิทธิ์ - มูลค่าสัญญา 3400000
dm_f25dcb42	WCI-Project	STS--WCI	รอโครงการใหม่	Close							1360000	0.10	THB	2025-03-27		1360000				รอโครงการใหม่	WCI โอนสิทธิ์ (ผูกกับ STS=STS-)
dm_e459b28f	STS	STS-	รอโครงการใหม่	Close							300000	0.15	THB	2025-03-27		300000				รอโครงการใหม่	STS โอนสิทธิ์ - มูลค่าสัญญา 3000000
dm_25cb243a	WCI-Project	STS--WCI	รอโครงการใหม่	Close							1200000	0.10	THB	2025-03-27		1200000				รอโครงการใหม่	WCI โอนสิทธิ์ (ผูกกับ STS=STS-)
dm_3ce4076a	STS	STS-	รอโครงการใหม่	Close							130000	0.15	THB	2025-03-27		130000				รอโครงการใหม่	STS โอนสิทธิ์ - มูลค่าสัญญา 1300000
dm_e325d830	WCI-Project	STS--WCI	รอโครงการใหม่	Close							520000	0.10	THB	2025-03-27		520000				รอโครงการใหม่	WCI โอนสิทธิ์ (ผูกกับ STS=STS-)
dm_6858c870	STS	STS-	รอโครงการใหม่	Close							130000	0.15	THB	2025-03-27		130000				รอโครงการใหม่	STS โอนสิทธิ์ - มูลค่าสัญญา 1300000
dm_12689502	WCI-Project	STS--WCI	รอโครงการใหม่	Close							520000	0.10	THB	2025-03-27		520000				รอโครงการใหม่	WCI โอนสิทธิ์ (ผูกกับ STS=STS-)
dm_bc90b756	STS	STS-	รอโครงการใหม่	Close							130000	0.15	THB	2025-03-27		130000				รอโครงการใหม่	STS โอนสิทธิ์ - มูลค่าสัญญา 1300000
dm_e19680f5	WCI-Project	STS--WCI	รอโครงการใหม่	Close							520000	0.10	THB	2025-03-27		520000				รอโครงการใหม่	WCI โอนสิทธิ์ (ผูกกับ STS=STS-)
dm_e2258d3c	STS	STS-	รอโครงการใหม่	Close							130000	0.15	THB	2025-03-27		130000				รอโครงการใหม่	STS โอนสิทธิ์ - มูลค่าสัญญา 1300000
dm_5f47278d	WCI-Project	STS--WCI	รอโครงการใหม่	Close							520000	0.10	THB	2025-03-27		520000				รอโครงการใหม่	WCI โอนสิทธิ์ (ผูกกับ STS=STS-)
dm_ba32084c	STS	STS-	รอโครงการใหม่	Close							130000	0.15	THB	2025-03-27		130000				รอโครงการใหม่	STS โอนสิทธิ์ - มูลค่าสัญญา 1300000
dm_2008687c	WCI-Project	STS--WCI	รอโครงการใหม่	Close							520000	0.10	THB	2025-03-27		520000				รอโครงการใหม่	WCI โอนสิทธิ์ (ผูกกับ STS=STS-)
dm_bdd5bcff	STS	STS-	รอโครงการใหม่	Close							130000	0.15	THB	2025-03-27		130000				รอโครงการใหม่	STS โอนสิทธิ์ - มูลค่าสัญญา 1300000
dm_3e5ff10d	WCI-Project	STS--WCI	รอโครงการใหม่	Close							520000	0.10	THB	2025-03-27		520000				รอโครงการใหม่	WCI โอนสิทธิ์ (ผูกกับ STS=STS-)
dm_ceaab2ed	STS	STS-	บ้านโนนดินแดง ม.5 ต.โนนดินแดง อ.โนนดินแดง จ.บุรีรัมย์	Close			2025-05-16				130000	0.15	THB	2025-03-27		130000				บ้านโนนดินแดง ม.5 ต.โนนดินแดง อ.โนนดินแดง จ.บุรีรัมย์	STS โอนสิทธิ์ - มูลค่าสัญญา 1298500
dm_0634074f	WCI-Project	STS--WCI	บ้านโนนดินแดง ม.5 ต.โนนดินแดง อ.โนนดินแดง จ.บุรีรัมย์	Close			2025-05-16				520000	0.10	THB	2025-03-27		520000				บ้านโนนดินแดง ม.5 ต.โนนดินแดง อ.โนนดินแดง จ.บุรีรัมย์	WCI โอนสิทธิ์ (ผูกกับ STS=STS-)
dm_4d6bb578	STS	STS-	บ้านโนนดินแดง(ศาลาประชาคม) ม.1 ต.โนนดินแดง อ.โนนดินแดง จ.บุรีรัมย์	Close			2025-05-16				130000	0.15	THB	2025-03-27		130000				บ้านโนนดินแดง(ศาลาประชาคม) ม.1 ต.โนนดินแดง อ.โนนดินแดง จ.บุรีรัมย์	STS โอนสิทธิ์ - มูลค่าสัญญา 1298500
dm_eabf97bc	WCI-Project	STS--WCI	บ้านโนนดินแดง(ศาลาประชาคม) ม.1 ต.โนนดินแดง อ.โนนดินแดง จ.บุรีรัมย์	Close			2025-05-16				520000	0.10	THB	2025-03-27		520000				บ้านโนนดินแดง(ศาลาประชาคม) ม.1 ต.โนนดินแดง อ.โนนดินแดง จ.บุรีรัมย์	WCI โอนสิทธิ์ (ผูกกับ STS=STS-)
dm_aa2446ee	STS	STS-	บ้านโนนดินแดง(ศาลาประชาคม) ม.13 ต.โนนดินแดง อ.โนนดินแดง จ.บุรีรัมย์	Close			2025-05-16				130000	0.15	THB	2025-03-27		130000				บ้านโนนดินแดง(ศาลาประชาคม) ม.13 ต.โนนดินแดง อ.โนนดินแดง จ.บุรีรัมย์	STS โอนสิทธิ์ - มูลค่าสัญญา 1298500
dm_6cf96dbd	WCI-Project	STS--WCI	บ้านโนนดินแดง(ศาลาประชาคม) ม.13 ต.โนนดินแดง อ.โนนดินแดง จ.บุรีรัมย์	Close			2025-05-16				520000	0.10	THB	2025-03-27		520000				บ้านโนนดินแดง(ศาลาประชาคม) ม.13 ต.โนนดินแดง อ.โนนดินแดง จ.บุรีรัมย์	WCI โอนสิทธิ์ (ผูกกับ STS=STS-)
dm_17a18d4e	STS	STS-	บ้านโนนดินแดง(ศาลาประชาคม) ม.3 ต.โนนดินแดง อ.โนนดินแดง จ.บุรีรัมย์	Close			2025-05-16				130000	0.15	THB	2025-03-27		130000				บ้านโนนดินแดง(ศาลาประชาคม) ม.3 ต.โนนดินแดง อ.โนนดินแดง จ.บุรีรัมย์	STS โอนสิทธิ์ - มูลค่าสัญญา 1298500
dm_aba35b36	WCI-Project	STS--WCI	บ้านโนนดินแดง(ศาลาประชาคม) ม.3 ต.โนนดินแดง อ.โนนดินแดง จ.บุรีรัมย์	Close			2025-05-16				520000	0.10	THB	2025-03-27		520000				บ้านโนนดินแดง(ศาลาประชาคม) ม.3 ต.โนนดินแดง อ.โนนดินแดง จ.บุรีรัมย์	WCI โอนสิทธิ์ (ผูกกับ STS=STS-)
dm_a5c77e0a	STS	STS-	บ้านโนนดินแดง(ศาลาประชาคม) ม.4 ต.โนนดินแดง อ.โนนดินแดง จ.บุรีรัมย์	Close			2025-05-16				130000	0.15	THB	2025-03-27		130000				บ้านโนนดินแดง(ศาลาประชาคม) ม.4 ต.โนนดินแดง อ.โนนดินแดง จ.บุรีรัมย์	STS โอนสิทธิ์ - มูลค่าสัญญา 1298500
dm_dc266421	WCI-Project	STS--WCI	บ้านโนนดินแดง(ศาลาประชาคม) ม.4 ต.โนนดินแดง อ.โนนดินแดง จ.บุรีรัมย์	Close			2025-05-16				520000	0.10	THB	2025-03-27		520000				บ้านโนนดินแดง(ศาลาประชาคม) ม.4 ต.โนนดินแดง อ.โนนดินแดง จ.บุรีรัมย์	WCI โอนสิทธิ์ (ผูกกับ STS=STS-)
dm_57064af6	STS	STS-	บ้านโนนดินแดง(ศาลาประชาคม) ม.6 ต.โนนดินแดง อ.โนนดินแดง จ.บุรีรัมย์	Close			2025-05-16				130000	0.15	THB	2025-03-27		130000				บ้านโนนดินแดง(ศาลาประชาคม) ม.6 ต.โนนดินแดง อ.โนนดินแดง จ.บุรีรัมย์	STS โอนสิทธิ์ - มูลค่าสัญญา 1298500
dm_0f4733e3	WCI-Project	STS--WCI	บ้านโนนดินแดง(ศาลาประชาคม) ม.6 ต.โนนดินแดง อ.โนนดินแดง จ.บุรีรัมย์	Close			2025-05-16				520000	0.10	THB	2025-03-27		520000				บ้านโนนดินแดง(ศาลาประชาคม) ม.6 ต.โนนดินแดง อ.โนนดินแดง จ.บุรีรัมย์	WCI โอนสิทธิ์ (ผูกกับ STS=STS-)
dm_bbe2a74f	STS	STS-	บ้านโนนดินแดง(ศาลาประชาคม) ม.7 ต.โนนดินแดง อ.โนนดินแดง จ.บุรีรัมย์	Close			2025-05-16				130000	0.15	THB	2025-03-27		130000				บ้านโนนดินแดง(ศาลาประชาคม) ม.7 ต.โนนดินแดง อ.โนนดินแดง จ.บุรีรัมย์	STS โอนสิทธิ์ - มูลค่าสัญญา 1298500
dm_b962a2ba	WCI-Project	STS--WCI	บ้านโนนดินแดง(ศาลาประชาคม) ม.7 ต.โนนดินแดง อ.โนนดินแดง จ.บุรีรัมย์	Close			2025-05-16				520000	0.10	THB	2025-03-27		520000				บ้านโนนดินแดง(ศาลาประชาคม) ม.7 ต.โนนดินแดง อ.โนนดินแดง จ.บุรีรัมย์	WCI โอนสิทธิ์ (ผูกกับ STS=STS-)
dm_0152a9a6	STS	STS-	บ้านโนนดินแดง(ศาลาประชาคม) ม.8 ต.โนนดินแดง อ.โนนดินแดง จ.บุรีรัมย์	Close			2025-05-16				130000	0.15	THB	2025-03-27		130000				บ้านโนนดินแดง(ศาลาประชาคม) ม.8 ต.โนนดินแดง อ.โนนดินแดง จ.บุรีรัมย์	STS โอนสิทธิ์ - มูลค่าสัญญา 1298500
dm_2f5662fd	WCI-Project	STS--WCI	บ้านโนนดินแดง(ศาลาประชาคม) ม.8 ต.โนนดินแดง อ.โนนดินแดง จ.บุรีรัมย์	Close			2025-05-16				520000	0.10	THB	2025-03-27		520000				บ้านโนนดินแดง(ศาลาประชาคม) ม.8 ต.โนนดินแดง อ.โนนดินแดง จ.บุรีรัมย์	WCI โอนสิทธิ์ (ผูกกับ STS=STS-)
dm_8e2e1f86	STS	STS-	บ้านโนนดินแดง(ศาลาประชาคม) ม.9 ต.โนนดินแดง อ.โนนดินแดง จ.บุรีรัมย์	Close			2025-05-16				130000	0.15	THB	2025-03-27		130000				บ้านโนนดินแดง(ศาลาประชาคม) ม.9 ต.โนนดินแดง อ.โนนดินแดง จ.บุรีรัมย์	STS โอนสิทธิ์ - มูลค่าสัญญา 1298500
dm_816718a7	WCI-Project	STS--WCI	บ้านโนนดินแดง(ศาลาประชาคม) ม.9 ต.โนนดินแดง อ.โนนดินแดง จ.บุรีรัมย์	Close			2025-05-16				520000	0.10	THB	2025-03-27		520000				บ้านโนนดินแดง(ศาลาประชาคม) ม.9 ต.โนนดินแดง อ.โนนดินแดง จ.บุรีรัมย์	WCI โอนสิทธิ์ (ผูกกับ STS=STS-)
dm_f31acaf7	STS	STS-	บ้านน้อยสะแกกวน(ศาลาประชาคม) ม.3 ต.ส้มป่อย อ.โนนดินแดง จ.บุรีรัมย์	Close			2025-05-16				130000	0.15	THB	2025-03-27		130000				บ้านน้อยสะแกกวน(ศาลาประชาคม) ม.3 ต.ส้มป่อย อ.โนนดินแดง จ.บุรีรัมย์	STS โอนสิทธิ์ - มูลค่าสัญญา 1298500
dm_23a47a9f	WCI-Project	STS--WCI	บ้านน้อยสะแกกวน(ศาลาประชาคม) ม.3 ต.ส้มป่อย อ.โนนดินแดง จ.บุรีรัมย์	Close			2025-05-16				520000	0.10	THB	2025-03-27		520000				บ้านน้อยสะแกกวน(ศาลาประชาคม) ม.3 ต.ส้มป่อย อ.โนนดินแดง จ.บุรีรัมย์	WCI โอนสิทธิ์ (ผูกกับ STS=STS-)
dm_6f250003	STS	STS-	บ้านหนองสะแกกวน(ศาลาประชาคม) ม.6 ต.ส้มป่อย อ.โนนดินแดง จ.บุรีรัมย์	Close			2025-05-16				130000	0.15	THB	2025-03-27		130000				บ้านหนองสะแกกวน(ศาลาประชาคม) ม.6 ต.ส้มป่อย อ.โนนดินแดง จ.บุรีรัมย์	STS โอนสิทธิ์ - มูลค่าสัญญา 1298500
dm_6e755c65	WCI-Project	STS--WCI	บ้านหนองสะแกกวน(ศาลาประชาคม) ม.6 ต.ส้มป่อย อ.โนนดินแดง จ.บุรีรัมย์	Close			2025-05-16				520000	0.10	THB	2025-03-27		520000				บ้านหนองสะแกกวน(ศาลาประชาคม) ม.6 ต.ส้มป่อย อ.โนนดินแดง จ.บุรีรัมย์	WCI โอนสิทธิ์ (ผูกกับ STS=STS-)
dm_8a1e225e	STS	STS-	รอโครงการใหม่	Close							130000	0.15	THB	2025-03-27		130000				รอโครงการใหม่	STS โอนสิทธิ์ - มูลค่าสัญญา 1300000
dm_615dfd55	WCI-Project	STS--WCI	รอโครงการใหม่	Close							520000	0.10	THB	2025-03-27		520000				รอโครงการใหม่	WCI โอนสิทธิ์ (ผูกกับ STS=STS-)
dm_faaa893c	STS	STS-	รอโครงการใหม่	Close							130000	0.15	THB	2025-03-27		130000				รอโครงการใหม่	STS โอนสิทธิ์ - มูลค่าสัญญา 1300000
dm_ffbf4c3b	WCI-Project	STS--WCI	รอโครงการใหม่	Close							520000	0.10	THB	2025-03-27		520000				รอโครงการใหม่	WCI โอนสิทธิ์ (ผูกกับ STS=STS-)
dm_5bf79346	STS	STS-	รอโครงการใหม่	Close							130000	0.15	THB	2025-03-27		130000				รอโครงการใหม่	STS โอนสิทธิ์ - มูลค่าสัญญา 1300000
dm_b57f1430	WCI-Project	STS--WCI	รอโครงการใหม่	Close							520000	0.10	THB	2025-03-27		520000				รอโครงการใหม่	WCI โอนสิทธิ์ (ผูกกับ STS=STS-)
dm_c152b735	STS	STS-	รอโครงการใหม่	Close							130000	0.15	THB	2025-03-27		130000				รอโครงการใหม่	STS โอนสิทธิ์ - มูลค่าสัญญา 1300000
dm_a0f0cb49	WCI-Project	STS--WCI	รอโครงการใหม่	Close							520000	0.10	THB	2025-03-27		520000				รอโครงการใหม่	WCI โอนสิทธิ์ (ผูกกับ STS=STS-)
dm_cf2a0473	STS	STS-	รอโครงการใหม่	Close							110000	0.15	THB	2025-03-27		110000				รอโครงการใหม่	STS โอนสิทธิ์ - มูลค่าสัญญา 1100000
dm_51dae09e	WCI-Project	STS--WCI	รอโครงการใหม่	Close							440000	0.10	THB	2025-03-27		440000				รอโครงการใหม่	WCI โอนสิทธิ์ (ผูกกับ STS=STS-)
dm_d0ea9db7	STS	STS-	รอโครงการใหม่	Close							110000	0.15	THB	2025-03-27		110000				รอโครงการใหม่	STS โอนสิทธิ์ - มูลค่าสัญญา 1100000
dm_68d1e66a	WCI-Project	STS--WCI	รอโครงการใหม่	Close							440000	0.10	THB	2025-03-27		440000				รอโครงการใหม่	WCI โอนสิทธิ์ (ผูกกับ STS=STS-)
dm_70eed36a	STS	STS-	รอโครงการใหม่	Close							110000	0.15	THB	2025-03-27		110000				รอโครงการใหม่	STS โอนสิทธิ์ - มูลค่าสัญญา 1100000
dm_89756a0b	WCI-Project	STS--WCI	รอโครงการใหม่	Close							440000	0.10	THB	2025-03-27		440000				รอโครงการใหม่	WCI โอนสิทธิ์ (ผูกกับ STS=STS-)
dm_f7185f58	STS	STS-	รอโครงการใหม่	Close							110000	0.15	THB	2025-03-27		110000				รอโครงการใหม่	STS โอนสิทธิ์ - มูลค่าสัญญา 1100000
dm_a8960278	WCI-Project	STS--WCI	รอโครงการใหม่	Close							440000	0.10	THB	2025-03-27		440000				รอโครงการใหม่	WCI โอนสิทธิ์ (ผูกกับ STS=STS-)
dm_40b465cf	STS	STS-	รอโครงการใหม่	Close							110000	0.15	THB	2025-03-27		110000				รอโครงการใหม่	STS โอนสิทธิ์ - มูลค่าสัญญา 1100000
dm_76345ef0	WCI-Project	STS--WCI	รอโครงการใหม่	Close							440000	0.10	THB	2025-03-27		440000				รอโครงการใหม่	WCI โอนสิทธิ์ (ผูกกับ STS=STS-)
dm_6219c7d1	STS	STS-	รอโครงการใหม่	Close							110000	0.15	THB	2025-03-27		110000				รอโครงการใหม่	STS โอนสิทธิ์ - มูลค่าสัญญา 1100000
dm_33e8a996	WCI-Project	STS--WCI	รอโครงการใหม่	Close							440000	0.10	THB	2025-03-27		440000				รอโครงการใหม่	WCI โอนสิทธิ์ (ผูกกับ STS=STS-)
dm_912436ca	STS	STS-	รอโครงการใหม่	Close							110000	0.15	THB	2025-03-27		110000				รอโครงการใหม่	STS โอนสิทธิ์ - มูลค่าสัญญา 1100000
dm_daeeee6f	WCI-Project	STS--WCI	รอโครงการใหม่	Close							440000	0.10	THB	2025-03-27		440000				รอโครงการใหม่	WCI โอนสิทธิ์ (ผูกกับ STS=STS-)
dm_b20248e8	STS	STS-	รอโครงการใหม่	Close							110000	0.15	THB	2025-03-27		110000				รอโครงการใหม่	STS โอนสิทธิ์ - มูลค่าสัญญา 1100000
dm_525f3bca	WCI-Project	STS--WCI	รอโครงการใหม่	Close							440000	0.10	THB	2025-03-27		440000				รอโครงการใหม่	WCI โอนสิทธิ์ (ผูกกับ STS=STS-)
dm_d82c10ac	STS	STS-	บ้านงิ้วเฒ่า ม.6 ต.ศรีดอนมูล อ.เชียงแสน จ.เชียงราย	Close			2025-05-26				110000	0.15	THB	2025-03-27		110000				บ้านงิ้วเฒ่า ม.6 ต.ศรีดอนมูล อ.เชียงแสน จ.เชียงราย	STS โอนสิทธิ์ - มูลค่าสัญญา 1100000
dm_9fc2dec4	WCI-Project	STS--WCI	บ้านงิ้วเฒ่า ม.6 ต.ศรีดอนมูล อ.เชียงแสน จ.เชียงราย	Close			2025-05-26				440000	0.10	THB	2025-03-27		440000				บ้านงิ้วเฒ่า ม.6 ต.ศรีดอนมูล อ.เชียงแสน จ.เชียงราย	WCI โอนสิทธิ์ (ผูกกับ STS=STS-)
dm_9488bb7c	STS	STS-	รอโครงการใหม่	Close							110000	0.15	THB	2025-03-27		110000				รอโครงการใหม่	STS โอนสิทธิ์ - มูลค่าสัญญา 1100000
dm_2099f21f	WCI-Project	STS--WCI	รอโครงการใหม่	Close							440000	0.10	THB	2025-03-27		440000				รอโครงการใหม่	WCI โอนสิทธิ์ (ผูกกับ STS=STS-)
dm_ed6b40b3	STS	STS-	บ้านดอนทอง ม.12 ต.ออย อ.ปง จ.พะเยา	Close			2025-06-04				110000	0.15	THB	2025-03-27		110000				บ้านดอนทอง ม.12 ต.ออย อ.ปง จ.พะเยา	STS โอนสิทธิ์ - มูลค่าสัญญา 1100000
dm_770e9ba1	WCI-Project	STS--WCI	บ้านดอนทอง ม.12 ต.ออย อ.ปง จ.พะเยา	Close			2025-06-04				440000	0.10	THB	2025-03-27		440000				บ้านดอนทอง ม.12 ต.ออย อ.ปง จ.พะเยา	WCI โอนสิทธิ์ (ผูกกับ STS=STS-)
dm_13269abf	STS	STS-	รอโครงการใหม่	Close							540000	0.15	THB	2025-04-30		540000				รอโครงการใหม่	STS โอนสิทธิ์ - มูลค่าสัญญา
dm_870a32e8	WCI-Project	STS--WCI	รอโครงการใหม่	Close							2160000	0.10	THB	2025-04-30		2160000				รอโครงการใหม่	WCI โอนสิทธิ์ (ผูกกับ STS=STS-)
dm_0717b68a	STS	STS-	รอโครงการใหม่	Close							540000	0.15	THB	2025-05-09		540000				รอโครงการใหม่	STS โอนสิทธิ์ - มูลค่าสัญญา
dm_14508493	WCI-Project	STS--WCI	รอโครงการใหม่	Close							2160000	0.10	THB	2025-05-09		2160000				รอโครงการใหม่	WCI โอนสิทธิ์ (ผูกกับ STS=STS-)
dm_52de1652	STS	STS-	รอโครงการใหม่	Close							540000	0.15	THB	2025-05-09		540000				รอโครงการใหม่	STS โอนสิทธิ์ - มูลค่าสัญญา
dm_3ea0665c	WCI-Project	STS--WCI	รอโครงการใหม่	Close							2160000	0.10	THB	2025-05-09		2160000				รอโครงการใหม่	WCI โอนสิทธิ์ (ผูกกับ STS=STS-)
dm_50f250ce	STS	STS-	รอโครงการใหม่	Close							540000	0.15	THB	2025-05-09		540000				รอโครงการใหม่	STS โอนสิทธิ์ - มูลค่าสัญญา
dm_c6f2d352	WCI-Project	STS--WCI	รอโครงการใหม่	Close							1680000	0.10	THB	2025-05-09		1680000				รอโครงการใหม่	WCI โอนสิทธิ์ (ผูกกับ STS=STS-)
dm_1c1a4929	STS	STS-	รอโครงการใหม่	Close							540000	0.15	THB	2025-05-15		540000				รอโครงการใหม่	STS โอนสิทธิ์ - มูลค่าสัญญา
dm_18c00b1d	WCI-Project	STS--WCI	รอโครงการใหม่	Close							2160000	0.10	THB	2025-05-15		2160000				รอโครงการใหม่	WCI โอนสิทธิ์ (ผูกกับ STS=STS-)
dm_2cfc70ea	STS	STS-	รอโครงการใหม่	Close							540000	0.15	THB	2025-05-15		540000				รอโครงการใหม่	STS โอนสิทธิ์ - มูลค่าสัญญา
dm_12adf3d0	WCI-Project	STS--WCI	รอโครงการใหม่	Close							2160000	0.10	THB	2025-05-15		2160000				รอโครงการใหม่	WCI โอนสิทธิ์ (ผูกกับ STS=STS-)
dm_4ae37d47	STS	STS-	รอโครงการใหม่	Close							540000	0.15	THB	2025-05-15		540000				รอโครงการใหม่	STS โอนสิทธิ์ - มูลค่าสัญญา
dm_a4a0d8e3	WCI-Project	STS--WCI	รอโครงการใหม่	Close							2160000	0.10	THB	2025-05-15		2160000				รอโครงการใหม่	WCI โอนสิทธิ์ (ผูกกับ STS=STS-)
dm_f9612304	STS	STS-	รอโครงการใหม่	Close							540000	0.15	THB	2025-05-15		540000				รอโครงการใหม่	STS โอนสิทธิ์ - มูลค่าสัญญา
dm_34e26387	WCI-Project	STS--WCI	รอโครงการใหม่	Close							2160000	0.10	THB	2025-05-15		2160000				รอโครงการใหม่	WCI โอนสิทธิ์ (ผูกกับ STS=STS-)
dm_85d81748	STS	STS-	รอโครงการใหม่	Close							540000	0.15	THB	2025-05-15		540000				รอโครงการใหม่	STS โอนสิทธิ์ - มูลค่าสัญญา
dm_b48e1edc	WCI-Project	STS--WCI	รอโครงการใหม่	Close							2160000	0.10	THB	2025-05-15		2160000				รอโครงการใหม่	WCI โอนสิทธิ์ (ผูกกับ STS=STS-)
dm_df5d89b1	STS	STS-	รอโครงการใหม่	Close							540000	0.15	THB	2025-05-15		540000				รอโครงการใหม่	STS โอนสิทธิ์ - มูลค่าสัญญา
dm_0ff8461c	WCI-Project	STS--WCI	รอโครงการใหม่	Close							2160000	0.10	THB	2025-05-15		2160000				รอโครงการใหม่	WCI โอนสิทธิ์ (ผูกกับ STS=STS-)
dm_fd0f2943	STS	STS-	รอโครงการใหม่	Close							540000	0.15	THB	2025-05-15		540000				รอโครงการใหม่	STS โอนสิทธิ์ - มูลค่าสัญญา
dm_0879e744	WCI-Project	STS--WCI	รอโครงการใหม่	Close							2160000	0.10	THB	2025-05-15		2160000				รอโครงการใหม่	WCI โอนสิทธิ์ (ผูกกับ STS=STS-)
dm_e42d23c1	STS	STS-	รอโครงการใหม่	Close							540000	0.15	THB	2025-05-15		540000				รอโครงการใหม่	STS โอนสิทธิ์ - มูลค่าสัญญา
dm_a5e3481c	WCI-Project	STS--WCI	รอโครงการใหม่	Close							2160000	0.10	THB	2025-05-15		2160000				รอโครงการใหม่	WCI โอนสิทธิ์ (ผูกกับ STS=STS-)
dm_ebd4a70c	STS	STS-	รอโครงการใหม่	Close							540000	0.15	THB	2025-05-15		540000				รอโครงการใหม่	STS โอนสิทธิ์ - มูลค่าสัญญา
dm_b251a719	WCI-Project	STS--WCI	รอโครงการใหม่	Close							2160000	0.10	THB	2025-05-15		2160000				รอโครงการใหม่	WCI โอนสิทธิ์ (ผูกกับ STS=STS-)
dm_c84c6587	STS	STS-	รอโครงการใหม่	Close							540000	0.15	THB	2025-05-15		540000				รอโครงการใหม่	STS โอนสิทธิ์ - มูลค่าสัญญา
dm_e690b945	WCI-Project	STS--WCI	รอโครงการใหม่	Close							480000	0.10	THB	2025-05-15		480000				รอโครงการใหม่	WCI โอนสิทธิ์ (ผูกกับ STS=STS-)
dm_d4c61678	STS	STS-	รอโครงการใหม่	Close							540000	0.15	THB	2025-05-15		540000				รอโครงการใหม่	STS โอนสิทธิ์ - มูลค่าสัญญา
dm_eb3f26a2	WCI-Project	STS--WCI	รอโครงการใหม่	Close							80000	0.10	THB	2025-05-15		80000				รอโครงการใหม่	WCI โอนสิทธิ์ (ผูกกับ STS=STS-)
dm_b0e58b8c	STS	STS-	รอโครงการใหม่	Close							540000	0.15	THB	2025-05-21		540000				รอโครงการใหม่	STS โอนสิทธิ์ - มูลค่าสัญญา
dm_01bfd770	WCI-Project	STS--WCI	รอโครงการใหม่	Close							2160000	0.10	THB	2025-05-21		2160000				รอโครงการใหม่	WCI โอนสิทธิ์ (ผูกกับ STS=STS-)
dm_3a71cb9c	STS	STS-	รอโครงการใหม่	Close							540000	0.15	THB	2025-05-21		540000				รอโครงการใหม่	STS โอนสิทธิ์ - มูลค่าสัญญา
dm_4a71fa02	WCI-Project	STS--WCI	รอโครงการใหม่	Close							2140000	0.10	THB	2025-05-21		2140000				รอโครงการใหม่	WCI โอนสิทธิ์ (ผูกกับ STS=STS-)
dm_7a2357be	STS	STS-	รอโครงการใหม่	Close							540000	0.15	THB	2025-05-28		540000				รอโครงการใหม่	STS โอนสิทธิ์ - มูลค่าสัญญา
dm_6feb8a00	WCI-Project	STS--WCI	รอโครงการใหม่	Close							2160000	0.10	THB	2025-05-28		2160000				รอโครงการใหม่	WCI โอนสิทธิ์ (ผูกกับ STS=STS-)
dm_3959636d	STS	STS-	รอโครงการใหม่	Close							540000	0.15	THB	2025-05-28		540000				รอโครงการใหม่	STS โอนสิทธิ์ - มูลค่าสัญญา
dm_b4125be6	WCI-Project	STS--WCI	รอโครงการใหม่	Close							2160000	0.10	THB	2025-05-28		2160000				รอโครงการใหม่	WCI โอนสิทธิ์ (ผูกกับ STS=STS-)
dm_0a154388	STS	STS-	รอโครงการใหม่	Close							540000	0.15	THB	2025-05-28		540000				รอโครงการใหม่	STS โอนสิทธิ์ - มูลค่าสัญญา
dm_565a1a12	WCI-Project	STS--WCI	รอโครงการใหม่	Close							980000	0.10	THB	2025-05-28		980000				รอโครงการใหม่	WCI โอนสิทธิ์ (ผูกกับ STS=STS-)
dm_1d349b51	STS	STS-	รอโครงการใหม่	Close							540000	0.15	THB	2025-06-19		540000				รอโครงการใหม่	STS โอนสิทธิ์ - มูลค่าสัญญา
dm_2c177e1e	WCI-Project	STS--WCI	รอโครงการใหม่	Close							2160000	0.10	THB	2025-06-19		2160000				รอโครงการใหม่	WCI โอนสิทธิ์ (ผูกกับ STS=STS-)
dm_d2f6a524	STS	STS-	รอโครงการใหม่	Close							540000	0.15	THB	2025-06-19		540000				รอโครงการใหม่	STS โอนสิทธิ์ - มูลค่าสัญญา
dm_61e0b30c	WCI-Project	STS--WCI	รอโครงการใหม่	Close							2000000	0.10	THB	2025-06-19		2000000				รอโครงการใหม่	WCI โอนสิทธิ์ (ผูกกับ STS=STS-)
dm_16fb2be2	STS	STS-	รอโครงการใหม่	Close							540000	0.15	THB	2025-06-27		540000				รอโครงการใหม่	STS โอนสิทธิ์ - มูลค่าสัญญา
dm_fe969e2d	WCI-Project	STS--WCI	รอโครงการใหม่	Close							2160000	0.10	THB	2025-06-27		2160000				รอโครงการใหม่	WCI โอนสิทธิ์ (ผูกกับ STS=STS-)
dm_cb189b63	STS	STS-	รอโครงการใหม่	Close							540000	0.15	THB	2025-06-27		540000				รอโครงการใหม่	STS โอนสิทธิ์ - มูลค่าสัญญา
dm_c9246fb4	WCI-Project	STS--WCI	รอโครงการใหม่	Close							2160000	0.10	THB	2025-06-27		2160000				รอโครงการใหม่	WCI โอนสิทธิ์ (ผูกกับ STS=STS-)
dm_5624d068	STS	STS-	รอโครงการใหม่	Close							540000	0.15	THB	2025-06-27		540000				รอโครงการใหม่	STS โอนสิทธิ์ - มูลค่าสัญญา
dm_ac17c4d4	WCI-Project	STS--WCI	รอโครงการใหม่	Close							2160000	0.10	THB	2025-06-27		2160000				รอโครงการใหม่	WCI โอนสิทธิ์ (ผูกกับ STS=STS-)
dm_af36018a	STS	STS-	รอโครงการใหม่	Close							540000	0.15	THB	2025-06-27		540000				รอโครงการใหม่	STS โอนสิทธิ์ - มูลค่าสัญญา
dm_ddd7c242	WCI-Project	STS--WCI	รอโครงการใหม่	Close							2160000	0.10	THB	2025-06-27		2160000				รอโครงการใหม่	WCI โอนสิทธิ์ (ผูกกับ STS=STS-)
dm_88325ddd	STS	STS-	รอโครงการใหม่	Close							540000	0.15	THB	2025-06-27		540000				รอโครงการใหม่	STS โอนสิทธิ์ - มูลค่าสัญญา
dm_4ede4dec	WCI-Project	STS--WCI	รอโครงการใหม่	Close							2160000	0.10	THB	2025-06-27		2160000				รอโครงการใหม่	WCI โอนสิทธิ์ (ผูกกับ STS=STS-)
dm_c2511528	STS	STS-	รอโครงการใหม่	Close							540000	0.15	THB	2025-06-27		540000				รอโครงการใหม่	STS โอนสิทธิ์ - มูลค่าสัญญา
dm_b6fc01dc	WCI-Project	STS--WCI	รอโครงการใหม่	Close							2160000	0.10	THB	2025-06-27		2160000				รอโครงการใหม่	WCI โอนสิทธิ์ (ผูกกับ STS=STS-)
dm_ce41b61a	STS	STS-	รอโครงการใหม่	Close							540000	0.15	THB	2025-06-27		540000				รอโครงการใหม่	STS โอนสิทธิ์ - มูลค่าสัญญา
dm_b9112435	WCI-Project	STS--WCI	รอโครงการใหม่	Close							580000	0.10	THB	2025-06-27		580000				รอโครงการใหม่	WCI โอนสิทธิ์ (ผูกกับ STS=STS-)
dm_ac3e3cfa	STS	STS-	รอโครงการใหม่	Close							540000	0.15	THB	2025-07-25		540000				รอโครงการใหม่	STS โอนสิทธิ์ - มูลค่าสัญญา
dm_e729d9e1	WCI-Project	STS--WCI	รอโครงการใหม่	Close							2160000	0.10	THB	2025-07-25		2160000				รอโครงการใหม่	WCI โอนสิทธิ์ (ผูกกับ STS=STS-)
dm_60d4e9d9	STS	STS-	รอโครงการใหม่	Close							540000	0.15	THB	2025-07-25		540000				รอโครงการใหม่	STS โอนสิทธิ์ - มูลค่าสัญญา
dm_1c4c93a8	WCI-Project	STS--WCI	รอโครงการใหม่	Close							2160000	0.10	THB	2025-07-25		2160000				รอโครงการใหม่	WCI โอนสิทธิ์ (ผูกกับ STS=STS-)
dm_6eda7344	STS	STS-	รอโครงการใหม่	Close							540000	0.15	THB	2025-07-25		540000				รอโครงการใหม่	STS โอนสิทธิ์ - มูลค่าสัญญา
dm_93e5fe81	WCI-Project	STS--WCI	รอโครงการใหม่	Close							2160000	0.10	THB	2025-07-25		2160000				รอโครงการใหม่	WCI โอนสิทธิ์ (ผูกกับ STS=STS-)
dm_af5b878b	STS	STS-	รอโครงการใหม่	Close							540000	0.15	THB	2025-07-25		540000				รอโครงการใหม่	STS โอนสิทธิ์ - มูลค่าสัญญา
dm_6c7299c2	WCI-Project	STS--WCI	รอโครงการใหม่	Close							2160000	0.10	THB	2025-07-25		2160000				รอโครงการใหม่	WCI โอนสิทธิ์ (ผูกกับ STS=STS-)
dm_7ef14ce9	STS	STS-	รอโครงการใหม่	Close							540000	0.15	THB	2025-07-25		540000				รอโครงการใหม่	STS โอนสิทธิ์ - มูลค่าสัญญา
dm_ee3e204c	WCI-Project	STS--WCI	รอโครงการใหม่	Close							860000	0.10	THB	2025-07-25		860000				รอโครงการใหม่	WCI โอนสิทธิ์ (ผูกกับ STS=STS-)
dm_3e9c70bf	STS	STS-	รอโครงการใหม่	Close							540000	0.15	THB	2025-07-31		540000				รอโครงการใหม่	STS โอนสิทธิ์ - มูลค่าสัญญา
dm_26145cac	WCI-Project	STS--WCI	รอโครงการใหม่	Close							2160000	0.10	THB	2025-07-31		2160000				รอโครงการใหม่	WCI โอนสิทธิ์ (ผูกกับ STS=STS-)
dm_7171cdf6	STS	STS-	รอโครงการใหม่	Close							540000	0.15	THB	2025-07-31		540000				รอโครงการใหม่	STS โอนสิทธิ์ - มูลค่าสัญญา
dm_dd039b2f	WCI-Project	STS--WCI	รอโครงการใหม่	Close							2160000	0.10	THB	2025-07-31		2160000				รอโครงการใหม่	WCI โอนสิทธิ์ (ผูกกับ STS=STS-)
dm_5158caf2	STS	STS-	รอโครงการใหม่	Close							540000	0.15	THB	2025-07-31		540000				รอโครงการใหม่	STS โอนสิทธิ์ - มูลค่าสัญญา
dm_238bc709	WCI-Project	STS--WCI	รอโครงการใหม่	Close							2080000	0.10	THB	2025-07-31		2080000				รอโครงการใหม่	WCI โอนสิทธิ์ (ผูกกับ STS=STS-)
dm_0d949bb3	STS	STS-	รอโครงการใหม่	Close							540000	0.15	THB	2025-11-07		540000				รอโครงการใหม่	STS โอนสิทธิ์ - มูลค่าสัญญา 5400000
dm_471c0b00	WCI-Project	STS--WCI	รอโครงการใหม่	Close							2220000	0.10	THB	2025-11-07		2220000				รอโครงการใหม่	WCI โอนสิทธิ์ (ผูกกับ STS=STS-)
dm_bf393eba	STS	STS-	รอโครงการใหม่	Close							540000	0.15	THB	2025-11-07		540000				รอโครงการใหม่	STS โอนสิทธิ์ - มูลค่าสัญญา 5400000
dm_7844ba8e	WCI-Project	STS--WCI	รอโครงการใหม่	Close							2220000	0.10	THB	2025-11-07		2220000				รอโครงการใหม่	WCI โอนสิทธิ์ (ผูกกับ STS=STS-)
dm_1b9a8083	STS	STS-	รอโครงการใหม่	Close							540000	0.15	THB	2025-11-07		540000				รอโครงการใหม่	STS โอนสิทธิ์ - มูลค่าสัญญา 5400000
dm_eab96c98	WCI-Project	STS--WCI	รอโครงการใหม่	Close							2160000	0.10	THB	2025-11-07		2160000				รอโครงการใหม่	WCI โอนสิทธิ์ (ผูกกับ STS=STS-)
dm_42445fc5	STS	STS-	รอโครงการใหม่	Close							540000	0.15	THB	2025-11-07		540000				รอโครงการใหม่	STS โอนสิทธิ์ - มูลค่าสัญญา 5400000
dm_970cd1fd	WCI-Project	STS--WCI	รอโครงการใหม่	Close							520000	0.10	THB	2025-11-07		520000				รอโครงการใหม่	WCI โอนสิทธิ์ (ผูกกับ STS=STS-)
dm_8ce50db2	STS	STS-	ป่าช้าโคกมะยอ ม.1 ต.โคกสะอาด อ.หนองแซง จ.สระบุรี	Active							540000	0.15	THB	2025-10-31		540000				ป่าช้าโคกมะยอ ม.1 ต.โคกสะอาด อ.หนองแซง จ.สระบุรี	STS โอนสิทธิ์ - มูลค่าสัญญา 5400000
dm_753e52f9	WCI-Project	STS--WCI	ป่าช้าโคกมะยอ ม.1 ต.โคกสะอาด อ.หนองแซง จ.สระบุรี	Active							2160000	0.10	THB	2025-10-31		2160000				ป่าช้าโคกมะยอ ม.1 ต.โคกสะอาด อ.หนองแซง จ.สระบุรี	WCI โอนสิทธิ์ (ผูกกับ STS=STS-)
dm_20ee6b5d	STS	STS-	ม.5 ต.เจริญธรรม อ.วิหารแดง จ.สระบุรี	Active							540000	0.15	THB	2025-10-31		540000				ม.5 ต.เจริญธรรม อ.วิหารแดง จ.สระบุรี	STS โอนสิทธิ์ - มูลค่าสัญญา 5400000
dm_4c87c49d	WCI-Project	STS--WCI	ม.5 ต.เจริญธรรม อ.วิหารแดง จ.สระบุรี	Active							2160000	0.10	THB	2025-10-31		2160000				ม.5 ต.เจริญธรรม อ.วิหารแดง จ.สระบุรี	WCI โอนสิทธิ์ (ผูกกับ STS=STS-)
dm_065b7a58	STS	STS-	บ้านเขาเฒ่า ม.3 ต.บางเตย อ.เมืองพังงา จ.พังงา	Active							540000	0.15	THB	2025-10-31		540000				บ้านเขาเฒ่า ม.3 ต.บางเตย อ.เมืองพังงา จ.พังงา	STS โอนสิทธิ์ - มูลค่าสัญญา 5400000
dm_b7da0195	WCI-Project	STS--WCI	บ้านเขาเฒ่า ม.3 ต.บางเตย อ.เมืองพังงา จ.พังงา	Active							2160000	0.10	THB	2025-10-31		2160000				บ้านเขาเฒ่า ม.3 ต.บางเตย อ.เมืองพังงา จ.พังงา	WCI โอนสิทธิ์ (ผูกกับ STS=STS-)
dm_18287b75	STS	STS-	บ้านบ้านหัวรัง ม.2 ต.ดอนเจดีย์ อ.พนมทวน จ.กาญจนบุรี	Active			-2146826246				540000	0.15	THB	2025-10-31		540000				บ้านบ้านหัวรัง ม.2 ต.ดอนเจดีย์ อ.พนมทวน จ.กาญจนบุรี	STS โอนสิทธิ์ - มูลค่าสัญญา 5400000
dm_fe91c0a6	WCI-Project	STS--WCI	บ้านบ้านหัวรัง ม.2 ต.ดอนเจดีย์ อ.พนมทวน จ.กาญจนบุรี	Active			-2146826246				2160000	0.10	THB	2025-10-31		2160000				บ้านบ้านหัวรัง ม.2 ต.ดอนเจดีย์ อ.พนมทวน จ.กาญจนบุรี	WCI โอนสิทธิ์ (ผูกกับ STS=STS-)
dm_1285597e	STS	STS-	บ้านเทิดไท้ ม.5 ต.หาดทรายรี อ.เมืองชุมพร จ.ชุมพร	Active							540000	0.15	THB	2025-10-31		540000				บ้านเทิดไท้ ม.5 ต.หาดทรายรี อ.เมืองชุมพร จ.ชุมพร	STS โอนสิทธิ์ - มูลค่าสัญญา 5400000
dm_77a7c3d8	WCI-Project	STS--WCI	บ้านเทิดไท้ ม.5 ต.หาดทรายรี อ.เมืองชุมพร จ.ชุมพร	Active							2160000	0.10	THB	2025-10-31		2160000				บ้านเทิดไท้ ม.5 ต.หาดทรายรี อ.เมืองชุมพร จ.ชุมพร	WCI โอนสิทธิ์ (ผูกกับ STS=STS-)
dm_f5e6dbb4	STS	STS-	รอโครงการใหม่	Close							540000	0.15	THB	2025-10-31		540000				รอโครงการใหม่	STS โอนสิทธิ์ - มูลค่าสัญญา 5400000
dm_2f6ab0a2	WCI-Project	STS--WCI	รอโครงการใหม่	Close							520000	0.10	THB	2025-10-31		520000				รอโครงการใหม่	WCI โอนสิทธิ์ (ผูกกับ STS=STS-)
dm_115bb8b1	STS	STS-	บ้านน้ำโท้ง ม.1 ต.เถินบุรี อ.เถิน จ.ลำปาง	Active			122				540000	0.15	THB	2025-10-31		540000				บ้านน้ำโท้ง ม.1 ต.เถินบุรี อ.เถิน จ.ลำปาง	STS โอนสิทธิ์ - มูลค่าสัญญา 5400000
dm_03ae8d4e	WCI-Project	STS--WCI	บ้านน้ำโท้ง ม.1 ต.เถินบุรี อ.เถิน จ.ลำปาง	Active			122				2160000	0.10	THB	2025-10-31		2160000				บ้านน้ำโท้ง ม.1 ต.เถินบุรี อ.เถิน จ.ลำปาง	WCI โอนสิทธิ์ (ผูกกับ STS=STS-)
dm_7eff9aea	STS	STS-	รอโครงการใหม่	Close							540000	0.15	THB	2025-10-31		540000				รอโครงการใหม่	STS โอนสิทธิ์ - มูลค่าสัญญา 5400000
dm_4a08f56d	WCI-Project	STS--WCI	รอโครงการใหม่	Close							520000	0.10	THB	2025-10-31		520000				รอโครงการใหม่	WCI โอนสิทธิ์ (ผูกกับ STS=STS-)
dm_3ab44e5f	STS	STS-	รอโครงการใหม่	Close							540000	0.15	THB	2025-12-26		540000				รอโครงการใหม่	STS โอนสิทธิ์ - มูลค่าสัญญา 5400000
dm_fc9c7746	WCI-Project	STS--WCI	รอโครงการใหม่	Close							2160000	0.10	THB	2025-12-26		2160000				รอโครงการใหม่	WCI โอนสิทธิ์ (ผูกกับ STS=STS-)
dm_6bbf22f9	STS	STS-	รอโครงการใหม่	Close							540000	0.15	THB	2025-12-26		540000				รอโครงการใหม่	STS โอนสิทธิ์ - มูลค่าสัญญา 5400000
dm_406a2b3f	WCI-Project	STS--WCI	รอโครงการใหม่	Close							520000	0.10	THB	2025-12-26		520000				รอโครงการใหม่	WCI โอนสิทธิ์ (ผูกกับ STS=STS-)
dm_53c46eda	STS	STS-	รอโครงการใหม่	Close							540000	0.15	THB	2025-12-26		540000				รอโครงการใหม่	STS โอนสิทธิ์ - มูลค่าสัญญา 5400000
dm_8ed3107a	WCI-Project	STS--WCI	รอโครงการใหม่	Close							2160000	0.10	THB	2025-12-26		2160000				รอโครงการใหม่	WCI โอนสิทธิ์ (ผูกกับ STS=STS-)
dm_8aded59c	STS	STS-WTP680219-001	รอโครงการใหม่	Close							540000	0.15	THB	2025-02-20		540000				รอโครงการใหม่	STS โอนสิทธิ์ - มูลค่าสัญญา 5400000
dm_8856949e	WCI-Project	STS-WTP680219-001-WCI	รอโครงการใหม่	Close							2160000	0.10	THB	2026-01-30		2160000				รอโครงการใหม่	WCI โอนสิทธิ์ (ผูกกับ STS=STS-WTP680219-001)
dm_e24e6e72	STS	STS-	ม.4 ต.ห้วยยาง อ.ทับสะแก จ.ประจวบคีรีขันธ์	Active			-2146826246				540000	0.15	THB	2026-01-30		540000				ม.4 ต.ห้วยยาง อ.ทับสะแก จ.ประจวบคีรีขันธ์	STS โอนสิทธิ์ - มูลค่าสัญญา 5400000
dm_d5500a30	WCI-Project	STS--WCI	ม.4 ต.ห้วยยาง อ.ทับสะแก จ.ประจวบคีรีขันธ์	Active			-2146826246				2160000	0.10	THB	2026-01-30		2160000				ม.4 ต.ห้วยยาง อ.ทับสะแก จ.ประจวบคีรีขันธ์	WCI โอนสิทธิ์ (ผูกกับ STS=STS-)
dm_e74b68cc	STS	STS-	บ้านโนนสว่าง ม.4 ต.วังม่วง อ.เปือยน้อย จ.ขอนแก่น	Active							540000	0.15	THB	2026-01-30		540000				บ้านโนนสว่าง ม.4 ต.วังม่วง อ.เปือยน้อย จ.ขอนแก่น	STS โอนสิทธิ์ - มูลค่าสัญญา 5400000
dm_e498fb78	WCI-Project	STS--WCI	บ้านโนนสว่าง ม.4 ต.วังม่วง อ.เปือยน้อย จ.ขอนแก่น	Active							2160000	0.10	THB	2026-01-30		2160000				บ้านโนนสว่าง ม.4 ต.วังม่วง อ.เปือยน้อย จ.ขอนแก่น	WCI โอนสิทธิ์ (ผูกกับ STS=STS-)
dm_4c6f61b2	STS	STS-	บ้านไค้นุ่น (อบต.หลังเก่า) ม.2 ต.ไค้นุ่น อ.ห้วยผึ้ง จ.กาฬสินธุ์	Active			2026-09-01				540000	0.15	THB	2026-01-30		540000				บ้านไค้นุ่น (อบต.หลังเก่า) ม.2 ต.ไค้นุ่น อ.ห้วยผึ้ง จ.กาฬสินธุ์	STS โอนสิทธิ์ - มูลค่าสัญญา 5400000
dm_62243cae	WCI-Project	STS--WCI	บ้านไค้นุ่น (อบต.หลังเก่า) ม.2 ต.ไค้นุ่น อ.ห้วยผึ้ง จ.กาฬสินธุ์	Active			2026-09-01				2160000	0.10	THB	2026-01-30		2160000				บ้านไค้นุ่น (อบต.หลังเก่า) ม.2 ต.ไค้นุ่น อ.ห้วยผึ้ง จ.กาฬสินธุ์	WCI โอนสิทธิ์ (ผูกกับ STS=STS-)
dm_5dc5c7a3	STS	STS-	รอโครงการใหม่	Close							540000	0.15	THB	2026-01-30		540000				รอโครงการใหม่	STS โอนสิทธิ์ - มูลค่าสัญญา 5400000
dm_b41bd7f5	WCI-Project	STS--WCI	รอโครงการใหม่	Close							60000	0.10	THB	2026-01-30		60000				รอโครงการใหม่	WCI โอนสิทธิ์ (ผูกกับ STS=STS-)
dm_9e2f54b4	FS	FS-001	เงินกู้ FS	Active			2026-02-20	2027-03-20	13	2027-03-20	10000000	0.12	THB	2026-02-20		10000000		10000000			จ่ายดอกเบี้ย+เงินต้นรายเดือน 933,333.33