iv_3030bc71	IV2603-060			2026-03-09	43843.25	paid						00902024	Warehouse Service Center (2024)	00364	เทศบาลตำบลกลางหมื่น	2026-03-09	WTP	เขต 7	1.โครงการที่รับเงินวันนี้	2026-05-21	18.05.2026 รับเช็คแล้ว รอฝากเช็ค(พี่คิว)	AR2603-061	100	2024
iv_bff42522	IV2604-022	INS060-PL		2026-04-22	2160000	pending						01902026	บ้านป่าลัน ม.5 ต.ปงน้อย อ.ดอยหลวง จ.เชียงราย (6901-01)	00506	องค์การบริหารส่วนตำบลปงน้อย	2026-04-22	LIT	Innovatech	2.ประมาณการรับภายในสัปดาห์นี้		18.05.2026 เช็คออกแล้ว เข้ารับเช็ค 20.05 / คุณกุ้ง 082-9329491	AR2604-025	1	6901-01
iv_68e18789	IV2604-021	TWC008-PL		2026-04-21	2159200	pending						02002026	บ้านหนองไฮ ม.5 ต.นนทรี อ.กบินทร์บุรี จ.ปราจีนบุรี (6901-01)	00827	องค์การบริหารส่วนตำบลนนทรี	2026-04-21	STS	เขต 7	3.ประมาณการรับสัปดาห์หน้า		15.05.2026 ส่งเอกสารเพิ่มเติมให้จังหวัดแล้ว รอตรวจสอบ / คุณนภา 091-9292295	AR2604-021	1	6901-01
iv_ac05a736	IV2605-010	PP064-STIIS		2026-05-08	4913475	pending						16602025	บ้านพรุกง ม.2 ต.วังใหญ่ อ.เทพา จ.สงขลา (6901-01)	00125	องค์การบริหารส่วนตำบลวังใหญ่	2026-05-08		Pinpoint	4.1.โครงการที่รอใบตรวจรับ		15.05.2026 ส่งมอบงานงวดที่ 2 (รอใบตรวจรับงาน)	AR2605-010	2	6901-01
iv_56b375f8	IV2605-011	ENC168-PL		2026-05-14	3755500	pending						02102026	ที่ทำการองค์การบริหารส่วนตำบลวิเชตนคร ม.1 ต.วิเชตนคร อ.แจ้ห่ม จ.ลำปาง (6901-01)	00824	องค์การบริหารส่วนตำบลวิเชตนคร	2026-05-14		EN connect	4.1.โครงการที่รอใบตรวจรับ		15.05.2026 ส่งมอบงานงวดที่ 2 (รอใบตรวจรับงาน)	AR2605-011	2	6901-01
iv_b9680bbf	IV2605-005	PP068-PL		2026-05-06	4581500	pending						18002025	บ้านฮูแตแนแต ม.1 ต.ท่าธง อ.รามัน จ.ยะลา (6802-01)	00911	ที่ทำการปกครองอำเภอรามัน	2026-05-06	FUNDING	Pinpoint	4.1.โครงการที่รอใบตรวจรับ		23.04.2026 ส่งมอบงานงวดเดียว 100% (รอใบตรวจรับงาน)	AR2605-005	100	6802-01
iv_1a59d128	IV2605-006	PP069-PL		2026-05-06	4581500	pending						18102025	บ้านจะรังตาดง ม.2 ต.ท่าธง อ.รามัน จ.ยะลา (6802-01)	00911	ที่ทำการปกครองอำเภอรามัน	2026-05-06	FUNDING	Pinpoint	4.1.โครงการที่รอใบตรวจรับ		23.04.2026 ส่งมอบงานงวดเดียว 100% (รอใบตรวจรับงาน)	AR2605-006	100	6802-01
iv_148d7c9c	IV2605-007	PP074-PL		2026-05-06	2160000	pending						01602026	บ้านบ่อนางชี ม.11 ต.โคกสัก อ.บางแก้ว จ.พัทลุง (6901-01)	00921	องค์การบริหารส่วนตำบลโคกสัก	2026-05-06		Pinpoint	4.1.โครงการที่รอใบตรวจรับ		08.05.2026 ส่งมอบงานงวดที่ 1 (รอใบตรวจรับงาน)	AR2605-007	1	6901-01
iv_04aad9ba	IV2603-031	STR067-PL		2026-03-11	5395000	pending						14602025	ม.1 ต.หนองชุมพล อ.เขาย้อย จ.เพชรบุรี (6802-01)	00901	ที่ทำการปกครองอำเภอเขาย้อย	2026-03-11	LIT	STR	4.1.โครงการที่รอใบตรวจรับ		12.03.2026 ส่งมอบงานงวดเดียว 100% (รอใบตรวจรับงาน)	AR2603-031	100	6802-01
iv_9969a609	IV2604-023	ENC168-PL		2026-04-27	1609500	pending						02102026	ที่ทำการองค์การบริหารส่วนตำบลวิเชตนคร ม.1 ต.วิเชตนคร อ.แจ้ห่ม จ.ลำปาง (6901-01)	00824	องค์การบริหารส่วนตำบลวิเชตนคร	2026-04-27		EN connect	4.โครงการที่ต้องติดตามและมีปัญหา		19.05.2026 เอกสารส่งเบิกจังหวัดแล้ว รอตรวจสอบ	AR2604-027	1	6901-01
iv_bfd544df	IV2605-008	ENC171-PDH		2026-05-11	1299500	pending						02802026	บริเวณศูนย์พัฒนาเด็กเล็กเทศบาลตำบลบ้านเพชรภูเขียว ม.8 ต.บ้านเพชร อ.ภูเขียว จ.ชัยภูมิ (6801-01)	00910	เทศบาลตำบลบ้านเพชรภูเขียว	2026-05-11		EN connect	4.โครงการที่ต้องติดตามและมีปัญหา		20.05.2026 ได้ใบตรวจรับงานงวดเดียว 100%	AR2605-008	100	6801-01
iv_23b58fa8	IV2604-025	PP062-PL		2026-04-28	3240000	pending						16202025	บ้านทองหลาง ม.3 ต.บ้านนา อ.กะเปอร์ จ.ระนอง (6901-01)	00905	องค์การบริหารส่วนตำบลบ้านนา	2026-04-28	LIT	Pinpoint	4.โครงการที่ต้องติดตามและมีปัญหา		20.05.2026 ได้ใบตรวจรับงานงวดที่ 2	AR2604-030	2	6901-01
iv_588330ae	IV2604-014	INS058-PD		2026-04-20	1100000	pending						01402026	ดอยจำปี ม.7 ต.ป่าสัก อ.เชียงแสน จ.เชียงราย (6901-01)	00919	องค์การบริหารส่วนตำบลป่าสัก	2026-04-20	LIT	Innovatech	4.โครงการที่ต้องติดตามและมีปัญหา		21.05.2026 ได้ใบตรวจรับงานงวดเดียว 100%	AR2604-029	100	6901-01
iv_fc24ae95	IV2604-004	INS059-PD		2026-04-20	1100000	pending						01502026	บ้านป่าสักน้อย ม.13 ต.ป่าสัก อ.เชียงแสน จ.เชียงราย (6901-01)	00919	องค์การบริหารส่วนตำบลป่าสัก	2026-04-20	LIT	Innovatech	4.โครงการที่ต้องติดตามและมีปัญหา		21.05.2026 ได้ใบตรวจรับงานงวดเดียว 100%	AR2604-028	100	6901-01
iv_eccaefe6	IV2604-007	STR068-PL		2026-04-07	5395000	pending						14902025	บ้านน้ำตก ม.4 ต.ห้วยยาง อ.ทับสะแก จ.ประจวบคีรีขันธ์ (6802-01)	00902	สำนักงานจังหวัดประจวบคีรีขันธ์	2026-04-07	WTP	STR	4.โครงการที่ต้องติดตามและมีปัญหา		19.05.2026 รองผู้ว่าเซ็นเอกสารเรียบร้อยแล้ว รออำเภอนำกลับมาตรวจสอบอีกครั้ง / คุณมุก 0889814804	AR2604-007	100	6802-01
iv_85882fcb	IV2604-008	ENC165-PL		2026-04-09	5400000	pending						00102026	บ้านโนนปีบ ม.3 ต.โนนอุดม อ.เมืองยาง จ.นครราชสีมา (6801-01)	00914	องค์การบริหารส่วนตำบลโนนอุดม	2026-04-09	LIT	EN connect	4.โครงการที่ต้องติดตามและมีปัญหา		15.05.2026 เอกสารส่งเบิกจังหวัดแล้ว รอตรวจสอบ	AR2604-010	100	6801-01
iv_8b7ef9ad	IV2604-009	ENC166-PL		2026-04-09	5400000	pending						00202026	บ้านโนนขาม ม.4 ต.โนนอุดม อ.เมืองยาง จ.นครราชสีมา (6901-01)	00914	องค์การบริหารส่วนตำบลโนนอุดม	2026-04-09	LIT	EN connect	4.โครงการที่ต้องติดตามและมีปัญหา		15.05.2026 เอกสารส่งเบิกจังหวัดแล้ว รอตรวจสอบ	AR2604-011	100	6901-01
iv_3c28d110	IV2505-089	AW143-PL		2025-05-30	5400000	pending						29602024	ม.7 ต.หนองแวง อ.เกษตรวิสัย จ.ร้อยเอ็ด (6707-03)	00831	องค์การบริหารส่วนตำบลหนองแวง	2025-05-30	KTB	WTP	4.โครงการที่ต้องติดตามและมีปัญหา		29.07.2025 ติดเอกสารคำชี้แจงไปที่กรมบัญชีกลาง (ประสานพี่มินแล้ว) / คุณสิตา 062-3754452	AR2505-099	100	6707-03
iv_7080899d	IV2604-005	PP064-STIIS		2026-04-02	231525	paid						16602025	บ้านพรุกง ม.2 ต.วังใหญ่ อ.เทพา จ.สงขลา (6901-01)	00125	องค์การบริหารส่วนตำบลวังใหญ่	2026-04-02	WTP	Pinpoint	5.โครงการที่รับเงินแล้วสะสม	2026-05-15	07.05.2026 อยู่ระหว่างจัดทำเช็ค / คุณรัชฎา 089-289-0844	AR2604-005	1	6901-01
iv_4f3b4ac4	IV2604-015	PP072-PDH		2026-04-20	1300000	paid						01202026	โรงเรียนเทศบาลคลองท่อมใต้ ม.2 ต.คลองท่อมใต้ อ.คลองท่อม จ.กระบี่ (6901-01)	00918	เทศบาลตำบลคลองท่อมใต้	2026-04-20	LIT	Pinpoint	5.โครงการที่รับเงินแล้วสะสม	2026-05-20	18.05.2026 รอธนาคาร กดยืนยัน / คุณกิติสุข 0945863251	AR2604-015	100	6901-01
iv_263570f7	IV2604-016	PP073-PDH		2026-04-20	1300000	paid						01302026	ศูนย์พัฒนาเด็กเล็กเทศบาลตําบลคลองท่อมใต้ อาคาร ๑ ม.2 ต.คลองท่อมใต้ อ.คลองท่อม จ.กระบี่ (6901-01)	00918	เทศบาลตำบลคลองท่อมใต้	2026-04-20	LIT	Pinpoint	5.โครงการที่รับเงินแล้วสะสม	2026-05-20	18.05.2026 รอธนาคาร กดยืนยัน / คุณกิติสุข 0945863251	AR2604-016	100	6901-01
iv_dff1f497	IV2603-052	ENC164-PL		2026-03-24	3234000	paid						18502025	บ้านแม่ขิ ม.1 ต.ศรีดงเย็น อ.ไชยปราการ จ.เชียงใหม่ (6901-01)	00368	องค์การบริหารส่วนตำบลศรีดงเย็น	2026-03-24	LIT	EN connect	5.โครงการที่รับเงินแล้วสะสม	2026-05-05	23.04.2026 เช็คออกแล้ว รอเข้ารับเช็ค 05.05 / คุณตรี 083-4769333	AR2603-053	2	6901-01
iv_4a422419	IV2602-038	ENC164-PL		2026-02-26	2156000	paid						18502025	บ้านแม่ขิ ม.1 ต.ศรีดงเย็น อ.ไชยปราการ จ.เชียงใหม่ (6901-01)	00368	องค์การบริหารส่วนตำบลศรีดงเย็น	2026-02-26	LIT	EN connect	5.โครงการที่รับเงินแล้วสะสม	2026-04-27	20.04.2026 เช็คออกแล้ว เข้ารับเช็ค 22.04 / คุณตรี 083-4769333	AR2602-037	1	6901-01
iv_616dda87	IV2603-053	ENC160-PM		2026-03-25	2040000	paid						16702025	บ้านฮ่องกอก ม.7 ต.บ่อแฮ้ว อ.เมืองลำปาง จ.ลำปาง (6901-01)	00736	องค์การบริหารส่วนตำบลบ่อแฮ้ว	2026-03-25	WTP	EN connect	5.โครงการที่รับเงินแล้วสะสม	2026-04-24	24.04.2026 เงินเข้าแล้ว / คุณเอื้อมพร 097-921-9044	AR2603-054	2	6901-01
iv_e19d1d56	IV2603-062	PP071-PDH		2026-03-27	1300000	paid						00802026	ม.7 ต.ดอนประดู่ อ.ปากพะยูน จ.พัทลุง (6901-01)	00915	เทศบาลตำบลดอนประดู่	2026-03-27	LIT	Pinpoint	5.โครงการที่รับเงินแล้วสะสม	2026-04-20	20.04.2026  เงินเข้าแล้ว	AR2603-063	100	6901-01
iv_a36815e7	IV2603-045	ENC167-PDH		2026-03-16	1100000	paid						00702026	ที่ทำการองค์การบริหารส่วนตำบลวิเชตนคร ม.1 ต.วิเชตนคร อ.แจ้ห่ม จ.ลำปาง (6901-01)	00824	องค์การบริหารส่วนตำบลวิเชตนคร	2026-03-16	LIT	EN connect	5.โครงการที่รับเงินแล้วสะสม	2026-05-05	05.05.2026 รับเช็คแล้ว รอเงินเข้า / คุณอนัญญา 0835946466	AR2603-045	100	6901-01
iv_eceaefe6	IV2603-057	TTI053-STIIS		2026-03-27	3527400	paid						14802025	บ้านดงสวาง ม.6 ต.สงเปลือย อ.นามน จ.กาฬสินธุ์ (6801-01)	00179	เทศบาลตำบลสงเปลือย	2026-03-27	LIT	เขต 7	5.โครงการที่รับเงินแล้วสะสม	2026-04-10	10.04.2026 เงินเข้าแล้ว	AR2603-058	2	6801-01
iv_fe685885	IV2603-047	ENC159-PLS		2026-03-13	3240000	paid						16802025	หนองแสง ม.1 ต.ศรีสว่าง อ.นาโพธิ์ จ.บุรีรัมย์ (6901-01)	00738	องค์การบริหารส่วนตำบลศรีสว่าง	2026-03-13	LIT	EN connect	5.โครงการที่รับเงินแล้วสะสม	2026-05-08	23.04.2026 เช็คออกแล้ว รอเข้ารับเช็ค 05.05 / คุณกมลวรรณ 063-756-6243	AR2603-047	2	6901-01
iv_0ec87142	IV2603-050	STR071-PDH		2026-03-18	1100000	paid						00502026	บ้านเขาโล้น ม.9 ต.วังคัน อ.ด่านช้าง จ.สุพรรณบุรี (6901-01)	00235	องค์การบริหารส่วนตำบลวังคัน	2026-03-18	LIT	STR	5.โครงการที่รับเงินแล้วสะสม	2026-04-30	21.04.2026 อยู่ระหว่างจัดทำเช็ค (ไม่ทันอาทิตย์นี้ แต่ภายในเดือนนี้) / คุณจา 080-660-7929	AR2603-050	100	6901-01
iv_8124c882	IV2603-049	STR070-PDH		2026-03-18	1100000	paid						00402026	บ้านกกซาง ม.8 ต.วังคัน อ.ด่านช้าง จ.สุพรรณบุรี (6901-01)	00235	องค์การบริหารส่วนตำบลวังคัน	2026-03-18	LIT	STR	5.โครงการที่รับเงินแล้วสะสม	2026-04-30	21.04.2026 อยู่ระหว่างจัดทำเช็ค (ไม่ทันอาทิตย์นี้ แต่ภายในเดือนนี้) / คุณจา 080-660-7929	AR2603-049	100	6901-01
iv_56d998a5	IV2603-048	STR069-PDH		2026-03-18	1100000	paid						00302026	บ้านดงรัง ม.4 ต.วังคัน อ.ด่านช้าง จ.สุพรรณบุรี (6901-01)	00235	องค์การบริหารส่วนตำบลวังคัน	2026-03-18	LIT	STR	5.โครงการที่รับเงินแล้วสะสม	2026-04-30	21.04.2026 อยู่ระหว่างจัดทำเช็ค (ไม่ทันอาทิตย์นี้ แต่ภายในเดือนนี้) / คุณจา 080-660-7929	AR2603-048	100	6901-01
iv_3bc83520	IV2603-046	TWC007-PDH		2026-03-16	1098000	paid						00902026	บ้านดู่ทุ่ง ม.2 ต.ดู่ทุ่ง อ.เมืองยโสธร จ.ยโสธร (6901-01)	00496	องค์การบริหารส่วนตำบลดู่ทุ่ง	2026-03-16	LIT	เขต 7	5.โครงการที่รับเงินแล้วสะสม	2026-04-24	24.04.2026 เงินเข้าแล้ว / คุณเสาวนีย์ 0949635142	AR2603-046	100	6901-01
iv_74d62b30	IV2603-044	PP070-PDH		2026-03-17	1100000	paid						18602025	บ้านห้วยต่อ ม.1 ต.ไม้ฝาด อ.สิเกา จ.ตรัง (6901-01)	00765	องค์การบริหารส่วนตำบลไม้ฝาด	2026-03-17	LIT	Pinpoint	5.โครงการที่รับเงินแล้วสะสม	2026-04-20	20.04.2026 เงินเข้าแล้ว / คุณจินดา 082-8409706	AR2603-044	100	6901-01
iv_d132b392	IV2603-032	PP063-PL		2026-03-11	3240000	paid						16502025	บ้านวังขุม ม.1 ต.เขาวง อ.บ้านตาขุน จ.สุราษฎร์ธานี (6901-01)	00789	องค์การบริหารส่วนตำบลเขาวง	2026-03-11	LIT	Pinpoint	5.โครงการที่รับเงินแล้วสะสม	2026-04-20	20.04.2026 เงินเข้าแล้ว / คุณรชดา 097-9363895	AR2603-032	2	6901-01
iv_8ef53073	IV2603-030	PP067-PDH		2026-03-10	1286000	paid						17602025	ศูนย์พัฒนาเด็กเล็กบ้านบ่อมะม่วง ม.4 ต.ทรายขาว อ.คลองท่อม จ.กระบี่ (6901-01)	00176	เทศบาลตำบลทรายขาว	2026-03-10	WTP	Pinpoint	5.โครงการที่รับเงินแล้วสะสม	2026-04-01	01.04.2026 เงินเข้าแล้ว	AR2603-030	100	6901-01
iv_cdeb63aa	IV2603-029	PP066-PDH		2026-03-10	1286000	paid						17402025	ท่าเรือบ้านบ่อมะม่วง ม.4 ต.ทรายขาว อ.คลองท่อม จ.กระบี่ (6901-01)	00176	เทศบาลตำบลทรายขาว	2026-03-10	WTP	Pinpoint	5.โครงการที่รับเงินแล้วสะสม	2026-03-30	30.03.2026 เงินเข้าแล้ว	AR2603-029	100	6901-01
iv_b9809675	IV2603-028	PP065-PDH		2026-03-10	1286000	paid						17502025	มัสยิดบ้านห้วยลึก ม.1 ต.ทรายขาว อ.คลองท่อม จ.กระบี่ (6901-01)	00176	เทศบาลตำบลทรายขาว	2026-03-10	WTP	Pinpoint	5.โครงการที่รับเงินแล้วสะสม	2026-04-07	07.04.2026 เงินเข้าแล้ว	AR2603-028	100	6901-01
iv_6090b25e	IV2603-026	TWC003-STIIS		2026-03-09	2060000	paid						17102025	บ้านปากคลองวัด ม.8 ต.บางอ้อ อ.บ้านนา จ.นครนายก (6901-01)	00907	องค์การบริหารส่วนตำบลบางอ้อ	2026-03-09	LIT	เขต 7	5.โครงการที่รับเงินแล้วสะสม	2026-04-10	10.04.2026 เงินเข้าแล้ว / ผอ.กองคลัง 086-0458420	AR2603-026	1	6901-01
iv_cb759f0a	IV2603-012	TWC006-PDH		2026-03-04	1300000	paid						18402025	ม.6 ต.สองสลึง อ.แกลง จ.ระยอง (6901-01)	00798	เทศบาลตำบลสองสลึง	2026-03-04	LIT	เขต 7	5.โครงการที่รับเงินแล้วสะสม	2026-03-26	26.03.2026 เงินเข้าแล้ว / คุณเชอรี่ 094-5699845	AR2603-012	100	6901-01
iv_5296f1e9	IV2603-011	TWC005-STIIS		2026-03-04	2060000	paid						18302025	ม.5 ต.สองสลึง อ.แกลง จ.ระยอง (6901-01)	00798	เทศบาลตำบลสองสลึง	2026-03-04	FUNDING	เขต 7	5.โครงการที่รับเงินแล้วสะสม	2026-03-27	27.03.2026 เงินเข้าแล้ว / คุณเชอรี่ 094-5699845	AR2603-011	1	6901-01
iv_84b213e7	IV2603-010	TWC004-STIIS		2026-03-04	2060000	paid						18202025	ม.2 ต.สองสลึง อ.แกลง จ.ระยอง (6901-01)	00798	เทศบาลตำบลสองสลึง	2026-03-04	FUNDING	เขต 7	5.โครงการที่รับเงินแล้วสะสม	2026-03-27	27.03.2026 เงินเข้าแล้ว / คุณเชอรี่ 094-5699845	AR2603-010	1	6901-01
iv_2c841f14	IV2603-058	ENC156-PLS		2026-03-30	3240000	paid						15502025	บ้านสระแก ม.7 ต.ทองหลาง อ.บ้านใหม่ไชยพจน์ จ.บุรีรัมย์ (6901-01)	00903	องค์การบริหารส่วนตำบลทองหลาง	2026-03-30	LIT	EN connect	5.โครงการที่รับเงินแล้วสะสม	2026-05-12	12.05.2026 เงินเข้าแล้ว / คุญวิทยา 0625240398	AR2603-059	2	6901-01
iv_c27dfc95	IV2602-037	PP061-PDH		2026-02-27	1100000	paid						16302025	บ้านห้วยโต้ ม.4 ต.ทับปริก อ.เมืองกระบี่ จ.กระบี่ (6901-01)	00904	องค์การบริหารส่วนตำบลทับปริก	2026-02-27	LIT	Pinpoint	5.โครงการที่รับเงินแล้วสะสม	2026-03-26	26.03.2026 เงินเข้าแล้ว / คุณณาตยา 098-2268863	AR2602-036	1	6901-01
iv_6b04ef44	IV2602-036	PP060-PL		2026-02-27	3237000	paid						15902025	บ้านเขาเฒ่า ม.3 ต.บางเตย อ.เมืองพังงา จ.พังงา (6901-01)	00514	เทศบาลตำบลบางเตย	2026-02-27	STS	Pinpoint	5.โครงการที่รับเงินแล้วสะสม	2026-03-11	11.03.2026 เงินเข้าแล้ว	AR2602-035	2	6901-01
iv_02fd3da5	IV2602-032	PP059-PL		2026-02-23	5380000	paid						15602025	บ้านช่องเอี่ยว ม.7 ต.ทุ่งหลวง อ.ละแม จ.ชุมพร (6901-01)	00810	องค์การบริหารส่วนตำบลทุ่งหลวง	2026-02-23	LIT	Pinpoint	5.โครงการที่รับเงินแล้วสะสม	2026-03-17	17.03.2026 เงินเข้าแล้ว	AR2602-031	100	6901-01
iv_27b8f6c5	IV2602-031	PP054-PDH		2026-02-23	1100000	paid						15002025	บ้านหัวป่าขลู่ ม.3 ต.ป่าระกำ อ.ปากพนัง จ.นครศรีธรรมราช (6901-01)	00119	องค์การบริหารส่วนตำบลป่าระกำ	2026-02-23	LIT	Pinpoint	5.โครงการที่รับเงินแล้วสะสม	2026-03-19	10.03.2026 เช็คออกแล้ว เข้ารับเช็ค 18.03 / คุณสายฝน 062-2087864	AR2602-030	100	6901-01
iv_13b8e272	IV2602-030			2026-02-25	808500	paid										2026-02-25	Funding	Pinpoint	5.โครงการที่รับเงินแล้วสะสม	2026-04-23	23.04.2026 เงินเข้าแล้ว/ คุณฮาลีเมาะ 088-981-4953		1.2.3.	6802-01
iv_311fbfa0	IV2602-029			2026-02-25	808500	paid										2026-02-25	Funding	Pinpoint	5.โครงการที่รับเงินแล้วสะสม	2026-04-23	23.04.2026 เงินเข้าแล้ว/ คุณฮาลีเมาะ 088-981-4953		1.2.3.	6802-01
iv_f625b75d	IV2602-027	PP062-PL		2026-02-18	2160000	paid						16202025	บ้านทองหลาง ม.3 ต.บ้านนา อ.กะเปอร์ จ.ระนอง (6901-01)	00905	องค์การบริหารส่วนตำบลบ้านนา	2026-02-18	LIT	Pinpoint	5.โครงการที่รับเงินแล้วสะสม	2026-04-30	20.04.2026 เช็คออกแล้ว รอเข้ารับเช็ค / คุณอีด 065-8797139	AR2602-027	1	6901-01
iv_9888657b	IV2602-024	PP056-PDH		2026-02-16	1100000	paid						15202025	บ้านในไร่ ม.5 ต.ป่าระกำ อ.ปากพนัง จ.นครศรีธรรมราช (6901-01)	00119	องค์การบริหารส่วนตำบลป่าระกำ	2026-02-16	LIT	Pinpoint	5.โครงการที่รับเงินแล้วสะสม	2026-03-19	10.03.2026 เช็คออกแล้ว เข้ารับเช็ค 18.03 / คุณสายฝน 062-2087864	AR2602-024	100	6901-01
iv_42b47c8b	IV2602-023	PP055-PDH		2026-02-16	1100000	paid						15102025	บ้านป่าระกำ ม.4 ต.ป่าระกำ อ.ปากพนัง จ.นครศรีธรรมราช (6901-01)	00119	องค์การบริหารส่วนตำบลป่าระกำ	2026-02-16	LIT	Pinpoint	5.โครงการที่รับเงินแล้วสะสม	2026-03-19	10.03.2026 เช็คออกแล้ว เข้ารับเช็ค 18.03 / คุณสายฝน 062-2087864	AR2602-023	100	6901-01
iv_cd76c1c3	IV2602-011	ENC160-PM		2026-02-12	1360000	paid						16702025	บ้านฮ่องกอก ม.7 ต.บ่อแฮ้ว อ.เมืองลำปาง จ.ลำปาง (6901-01)	00736	องค์การบริหารส่วนตำบลบ่อแฮ้ว	2026-02-12	WTP	EN connect	5.โครงการที่รับเงินแล้วสะสม	2026-03-05	05.03.2026 เงินเข้าแล้ว	AR2602-011	1	6901-01
iv_eb42d14e	IV2602-010	PP063-PL		2026-02-13	2160000	paid						16502025	บ้านวังขุม ม.1 ต.เขาวง อ.บ้านตาขุน จ.สุราษฎร์ธานี (6901-01)	00789	องค์การบริหารส่วนตำบลเขาวง	2026-02-13	LIT	Pinpoint	5.โครงการที่รับเงินแล้วสะสม	2026-03-30	30.03.2026 เงินเข้าแล้ว / คุณรชดา 097-9363895	AR2602-010	1	6901-01
iv_f8827314	IV2602-009	ENC155-PL		2026-02-05	3234000	paid						14702025	บ้านทุ่ง ม.2 ต.หลวงใต้ อ.งาว จ.ลำปาง (6801-01)	00682	เทศบาลตำบลหลวงใต้	2026-02-05	LIT	EN connect	5.โครงการที่รับเงินแล้วสะสม	2026-02-25	25.02.2026 เงินเข้าแล้ว / คุณวิ 086-4395331	AR2602-009	1	6801-01
iv_a717bd5a	IV2602-008	PP057-PDH		2026-02-06	1100000	paid						15302025	บ้านป่าระกำเหนือ ม.7 ต.ป่าระกำ อ.ปากพนัง จ.นครศรีธรรมราช (6901-01)	00119	องค์การบริหารส่วนตำบลป่าระกำ	2026-02-06	LIT	Pinpoint	5.โครงการที่รับเงินแล้วสะสม	2026-03-19	10.03.2026 เช็คออกแล้ว เข้ารับเช็ค 18.03 / คุณสายฝน 062-2087864	AR2602-008	100	6901-01
iv_e7ecdd6d	IV2602-003	PP060-PL		2026-02-04	2158020	paid						15902025	บ้านเขาเฒ่า ม.3 ต.บางเตย อ.เมืองพังงา จ.พังงา (6901-01)	00514	เทศบาลตำบลบางเตย	2026-02-04	WTP	Pinpoint	5.โครงการที่รับเงินแล้วสะสม	2026-02-27	25.02.2026 กดอนุมัติเบิกจ่ายแล้ว รอเงินเข้า	AR2602-006	1	6901-01
iv_bdf41540	IV2602-002	PP058-PDH		2026-02-04	1300000	paid						15402025	โรงเรียนเทศบาลตำบลบางเตย ม.3 ต.บางเตย อ.เมืองพังงา จ.พังงา (6901-01)	00514	เทศบาลตำบลบางเตย	2026-02-04	WTP	Pinpoint	5.โครงการที่รับเงินแล้วสะสม	2026-02-27	25.02.2026 กดอนุมัติเบิกจ่ายแล้ว รอเงินเข้า	AR2602-005	100	6901-01
iv_05691a50	IV2602-001	AW147-PL		2026-02-02	3237000	paid						14502025	บ้านพลับ ม.4 ต.ดู่ทุ่ง อ.เมืองยโสธร จ.ยโสธร (6801-01)	00496	องค์การบริหารส่วนตำบลดู่ทุ่ง	2026-02-02	LIT	เขต 7	5.โครงการที่รับเงินแล้วสะสม	2026-03-11	11.03.2026 เงินเข้าแล้ว / คุณเสาวนีย์ 094-9635142	AR2602-001	2	6801-01
iv_f4c4b08f	IV2601-037			2026-01-30	135000	paid						001782025	SV-855-PL-บ้านเวียงกาหลง ม.15 ต.เวียงกาหลง อ.เวียงป่าเป้า จ.เชียงราย  (SV-6801-01)	00248	เทศบาลตำบลเวียงกาหลง	2026-01-30	WTP	Innovatech	5.โครงการที่รับเงินแล้วสะสม	2026-02-16	16.02.2026 เงินเข้าแล้ว	AR2601-039	100	SV-6801-01
iv_76437053	IV2601-036	AW141-PL		2026-01-30	3240000	paid						29202024	บ้านนาไคร้ ม.7 ต.กุดหว้า อ.กุฉินารายณ์ จ.กาฬสินธุ์ (6801-01)	00822	องค์การบริหารส่วนตำบลนาไคร้	2026-01-30	WTP	เขต 7	5.โครงการที่รับเงินแล้วสะสม	2026-03-20	20.03.2026 เงินเข้าแล้ว / คุณหยก 0812607536	AR2601-038	2	6801-01
iv_5ef94947	IV2601-035	ENC158-PDH		2026-01-29	1100000	paid						16102025	บ้านโนนธาตุ ม.12 ต.แก อ.รัตนบุรี จ.สุรินทร์ (6901-01)	00662	องค์การบริหารส่วนตำบลแก	2026-01-29	WTP	EN connect	5.โครงการที่รับเงินแล้วสะสม	2026-03-25	25.03.2026 เงินเข้าแล้ว / คุณภาขวัญ 094-4603020	AR2601-037	100	6901-01
iv_761c9526	IV2601-034	ENC157-PDH		2026-01-29	1100000	paid						16002025	บ้านแก ม.10 ต.แก อ.รัตนบุรี จ.สุรินทร์ (6901-01)	00662	องค์การบริหารส่วนตำบลแก	2026-01-29	WTP	EN connect	5.โครงการที่รับเงินแล้วสะสม	2026-03-25	25.03.2026 เงินเข้าแล้ว / คุณภาขวัญ 094-4603020	AR2601-036	100	6901-01
iv_bfdc3351	IV2601-033	TWC002-PDH		2026-01-28	1100000	paid						17202025	บ้านกุดหว้า ม.13 ต.กุดหว้า อ.กุฉินารายณ์ จ.กาฬสินธุ์ (6901-01)	00822	องค์การบริหารส่วนตำบลนาไคร้	2026-01-28	WTP	เขต 7	5.โครงการที่รับเงินแล้วสะสม	2026-03-20	20.03.2026 เงินเข้าแล้ว / คุณหยก 0812607536	AR2601-035	100	6901-01
iv_59eee533	IV2601-032	TWC001-PDH		2026-01-28	1100000	paid						17302025	บ้านห้วยแดง ม.10 ต.กุดหว้า อ.กุฉินารายณ์ จ.กาฬสินธุ์ (6901-01)	00822	องค์การบริหารส่วนตำบลนาไคร้	2026-01-28	WTP	เขต 7	5.โครงการที่รับเงินแล้วสะสม	2026-03-20	20.03.2026 เงินเข้าแล้ว / คุณหยก 0812607536	AR2601-034	100	6901-01
iv_f6ad7f39	IV2601-031	ENC162-PDH		2026-01-27	1100000	paid						17002025	บ้านหนองขนาก ม.7 ต.เขาเจ็ดลูก อ.ทับคล้อ จ.พิจิตร (6901-01)	00741	องค์การบริหารส่วนตำบลเขาเจ็ดลูก	2026-01-27	WTP	EN connect	5.โครงการที่รับเงินแล้วสะสม	2026-02-09	09.02.2026 เงินเข้าแล้ว / คุณผดุงศักดิ์ 081-6059784	AR2601-033	100	6901-01
iv_182983b9	IV2601-030	ENC161-PDH		2026-01-27	1100000	paid						16902025	บ้านเขาตะพานนาก ม.2 ต.เขาเจ็ดลูก อ.ทับคล้อ จ.พิจิตร (6901-01)	00741	องค์การบริหารส่วนตำบลเขาเจ็ดลูก	2026-01-27	WTP	EN connect	5.โครงการที่รับเงินแล้วสะสม	2026-02-09	09.02.2026 เงินเข้าแล้ว / คุณผดุงศักดิ์ 081-6059784	AR2601-032	100	6901-01
iv_e8c54624	IV2601-029			2026-01-21	135000	paid						0012182025	SV-790-PL-บ้านทุ่งเจ้า ม.4 ต.แม่เปา อ.พญาเม็งราย จ.เชียงราย (SV-6305-01)	00076	องค์การบริหารส่วนตำบลแม่เปา	2026-01-21	WTP	Innovatech	5.โครงการที่รับเงินแล้วสะสม	2026-02-16	16.02.2026 เงินเข้าแล้ว	AR2601-031	1	SV-6305-01
iv_e83e0c7d	IV2601-028	ENC163-PDH		2026-01-23	1299500	paid						17902025	บริเวณด้านหลังเทศบาลบ้านเพชรภูเขียว ม.1 ต.บ้านเพชร อ.ภูเขียว จ.ชัยภูมิ (6801-01)	00910	เทศบาลตำบลบ้านเพชรภูเขียว	2026-01-23	LIT	EN connect	5.โครงการที่รับเงินแล้วสะสม	2026-02-13	13.02.2026 เงินเข้าแล้ว / คุณอร 095-6137541	AR2601-030	100	6801-01
iv_5de7da75	IV2601-023	ENC159-PLS		2026-01-08	2160000	paid						16802025	หนองแสง ม.1 ต.ศรีสว่าง อ.นาโพธิ์ จ.บุรีรัมย์ (6901-01)	00738	องค์การบริหารส่วนตำบลศรีสว่าง	2026-01-08	LIT	EN connect	5.โครงการที่รับเงินแล้วสะสม	2026-02-24	24.02.2026 เงินเข้าแล้ว / คุณกมลวรรณ 063-756-6243	AR2601-023	1	6901-01
iv_4765feb9	IV2601-022	INS055-PD		2026-01-12	1100000	paid						15802025	บ้านร่องบอน ม.12 ต.ม่วงคำ อ.พาน จ.เชียงราย (6901-01)	00848	องค์การบริหารส่วนตำบลม่วงคำ	2026-01-12	WTP	Innovatech	5.โครงการที่รับเงินแล้วสะสม	2026-02-12	12.02.2026 เงินเข้าแล้ว / คุณเชอร์รี่ 085-7198563	AR2601-021	100	6901-01
iv_ee0681b1	IV2601-021	INS054-PD		2026-01-12	1100000	paid						15702025	บ้านสันปู่ย่า ม.11 ต.ม่วงคำ อ.พาน จ.เชียงราย (6901-01)	00848	องค์การบริหารส่วนตำบลม่วงคำ	2026-01-12	WTP	Innovatech	5.โครงการที่รับเงินแล้วสะสม	2026-02-12	12.02.2026 เงินเข้าแล้ว / คุณเชอร์รี่ 085-7198563	AR2601-022	100	6901-01
iv_4f66624b	IV2601-020	ENC153-PIIS		2026-01-13	4392000	paid						14302025	บ้านสายห้วย ม.8 ต.วังสำโรง อ.บางมูลนาก จ.พิจิตร (6813-02)	00900	ที่ทำการปกครองอำเภอบางมูลนาก	2026-01-13	WTP	EN connect	5.โครงการที่รับเงินแล้วสะสม	2026-02-10	10.02.2026 เงินเข้าแล้ว / คุณจันทร์ 063-9024579	AR2601-020	2	6813-02
iv_97490515	IV2601-019	ENC155-PL		2026-01-12	2156000	paid						14702025	บ้านทุ่ง ม.2 ต.หลวงใต้ อ.งาว จ.ลำปาง (6801-01)	00682	เทศบาลตำบลหลวงใต้	2026-01-12	LIT	EN connect	5.โครงการที่รับเงินแล้วสะสม	2026-01-30	30.01.2026 เงินเข้าแล้ว / คุณวิ 086-4395331	AR2601-015	1	6801-01
iv_fd546dc5	IV2601-018	ENC149-PD		2026-01-12	1099000	paid						13902025	บ้านดง ม.7 ต.หลวงใต้ อ.งาว จ.ลำปาง (6801-01)	00682	เทศบาลตำบลหลวงใต้	2026-01-12	WTP	EN connect	5.โครงการที่รับเงินแล้วสะสม	2026-01-28	28.01.2026 เงินเข้าแล้ว / คุณวิ 086-4395331	AR2601-016	100	6801-01
iv_f5afe9d5	IV2601-017	ENC148-PD		2026-01-12	1099000	paid						13802025	บ้านทุ่งสุ่ม ม.5 ต.หลวงใต้ อ.งาว จ.ลำปาง (6801-01)	00682	เทศบาลตำบลหลวงใต้	2026-01-12	WTP	EN connect	5.โครงการที่รับเงินแล้วสะสม	2026-01-28	28.01.2026 เงินเข้าแล้ว / คุณวิ 086-4395331	AR2601-017	100	6801-01
iv_ceaf6106	IV2601-016	ENC147-PD		2026-01-12	1099000	paid						13702025	บ้านน้ำล้อม ม.3 ต.หลวงใต้ อ.งาว จ.ลำปาง (6801-01)	00682	เทศบาลตำบลหลวงใต้	2026-01-12	WTP	EN connect	5.โครงการที่รับเงินแล้วสะสม	2026-01-28	28.01.2026 เงินเข้าแล้ว / คุณวิ 086-4395331	AR2601-018	100	6801-01
iv_5c24323d	IV2601-015	ENC146-PD		2026-01-12	1099000	paid						13602025	บ้านน้ำจำ ม.1 ต.หลวงใต้ อ.งาว จ.ลำปาง (6801-01)	00682	เทศบาลตำบลหลวงใต้	2026-01-12	WTP	EN connect	5.โครงการที่รับเงินแล้วสะสม	2026-01-28	28.01.2026 เงินเข้าแล้ว / คุณวิ 086-4395331	AR2601-019	100	6801-01
iv_35602326	IV2601-014	ENC156-PLS		2026-01-06	2160000	paid						15502025	บ้านสระแก ม.7 ต.ทองหลาง อ.บ้านใหม่ไชยพจน์ จ.บุรีรัมย์ (6901-01)	00903	องค์การบริหารส่วนตำบลทองหลาง	2026-01-06	LIT	EN connect	5.โครงการที่รับเงินแล้วสะสม	2026-02-23	23.02.2026 เงินเข้าแล้ว / คุญวิทยา 062-5240398	AR2601-014	1	6901-01
iv_e4d5fb4e	IV2601-013			2026-01-05	134000	paid						001772025	SV-641-PL-บ้านสันกองใหม่ ม.9 ต.แม่ไร่  อ.แม่จัน จ.เชียงราย  (SV-6805-01)	00329	เทศบาลตำบลแม่ไร่	2026-01-05	WTP	Innovatech	5.โครงการที่รับเงินแล้วสะสม	2026-01-26	14.01.2026 ส่งมอบงานแล้ว (รอใบตรวจรับงาน)	AR2601-012	2	SV-6805-01
iv_290fcc8c	IV2601-012			2026-01-05	134000	paid						001762025	SV-640-PL-บ้านป่ากว๋าว ม.1 ต.แม่ไร่ อ.แม่จัน จ.เชียงราย   (SV-6805-01)	00021	เทศบาลตำบลแม่ไร่	2026-01-05	WTP	Innovatech	5.โครงการที่รับเงินแล้วสะสม	2026-01-26	14.01.2026 ส่งมอบงานแล้ว (รอใบตรวจรับงาน)	AR2601-013	2	SV-6805-01
iv_1622aba9	IV2601-011	AW147-PL		2026-01-07	2158000	paid						14502025	บ้านพลับ ม.4 ต.ดู่ทุ่ง อ.เมืองยโสธร จ.ยโสธร (6801-01)	00496	องค์การบริหารส่วนตำบลดู่ทุ่ง	2026-01-07	LIT	เขต 7	5.โครงการที่รับเงินแล้วสะสม	2026-02-18	18.02.2026 เงินเข้าแล้ว / คุณเสาวนีย์ 094-9635142	AR2601-010	1	6801-01
iv_d3972ad4	IV2601-010	ENC150-STIIS		2026-01-07	3090000	paid						14002025	บ้านซับสมบูรณ์ ม.1 ต.ซับสมบูรณ์ อ.วิเชียรบุรี จ.เพชรบูรณ์ (6813-02)	00899	ที่ทำการปกครองอำเภอวิเชียรบุรี	2026-01-07	WTP	EN connect	5.โครงการที่รับเงินแล้วสะสม	2026-03-12	12.03.2026 เงินเข้าแล้ว / คุณนิว 093-7919416	AR2601-011	2	6813-02
iv_39d7a10c	IV2601-003	TTI053-STIIS		2026-01-06	2351600	paid						14802025	บ้านดงสวาง ม.6 ต.สงเปลือย อ.นามน จ.กาฬสินธุ์ (6801-01)	00179	เทศบาลตำบลสงเปลือย	2026-01-06	LIT	เขต 7	5.โครงการที่รับเงินแล้วสะสม	2026-02-11	11.02.2026 เงินเข้าแล้ว / คุณหน่อง 098-6628398	AR2601-001	1	6801-01
iv_870e6510	IV2601-002	STR065-STIIS		2026-01-06	5132000	paid						13402025	บ้านหนองแก ม.3 ต.ไร่ใหม่ อ.สามร้อยยอด จ.ประจวบคีรีขันธ์ (6802-01)	00780	ที่ทำการปกครองอำเภอสามร้อยยอด	2026-01-06	WTP	STR	5.โครงการที่รับเงินแล้วสะสม	2026-02-09	09.02.2026 เงินเข้าแล้ว	AR2601-002	100	6802-01
iv_335cf566	IV2601-001	ENC132-PL		2026-01-05	3204000	paid						10102025	บ้านป่าตาล ม.2 ต.เถินบุรี อ.เถิน จ.ลำปาง (6801-01)	00739	เทศบาลตำบลเถินบุรี	2026-01-05	STS	EN connect	5.โครงการที่รับเงินแล้วสะสม	2026-01-23	23.01.2026 เงินเข้าแล้ว	AR2601-003	2	6801-01
iv_ace5137d	IV2512-015	AW141-PL		2025-12-22	2101064.32	paid						29202024	บ้านนาไคร้ ม.7 ต.กุดหว้า อ.กุฉินารายณ์ จ.กาฬสินธุ์ (6801-01)	00822	องค์การบริหารส่วนตำบลนาไคร้	2025-12-22	WTP	เขต 7	5.โครงการที่รับเงินแล้วสะสม	2026-02-24	24.02.2026 เงินเข้าแล้ว / คุณหยก 0812607536	AR2512-015	1	6801-01
iv_0215e980	IV2512-014	ENC145-PM		2025-12-23	2037000	paid						12902025	วัดสารภีพระเจ้าตนหลวงล้านเหรียญทันใจ ม.6 ต.แม่คือ อ.ดอยสะเก็ด จ.เชียงใหม่ (6801-01)	00324	เทศบาลตำบลแม่คือ	2025-12-23	WTP	EN connect	5.โครงการที่รับเงินแล้วสะสม	2026-01-09	09.01.2026 เงินเข้าแล้ว	AR2512-014	2	6801-01
iv_b2cdfae5	IV2512-013	ENC131-PL		2025-12-22	3217951.8	paid						10002025	บ้านแม่กัวะ ม.4 ต.แม่กัวะ อ.สบปราบ จ.ลำปาง (6801-01)	00881	องค์การบริหารส่วนตำบลแม่กวัะ	2025-12-22	WTP	EN connect	5.โครงการที่รับเงินแล้วสะสม	2026-01-19	19.01.2026 เงินเข้าแล้ว	AR2512-013	2	6801-01
iv_2966a6ca	IV2512-010			2025-12-16	135000	paid						0012062025	SV-900-PL-บ้านนาท่อ ม.1 ต.ไชยสถาน อ.เมืองน่าน จ.น่าน (SV-6506-01)	00163	องค์การบริหารส่วนตำบลไชยสถาน	2025-12-16	WTP	Innovatech	5.โครงการที่รับเงินแล้วสะสม	2026-01-21	21.01.2026 เงินเข้าแล้ว	AR2512-010	100	SV-6506-01
iv_79cbed9a	IV2512-009	ENC140-PL		2025-12-09	5371000	paid						12202025	บ้านปางกุ่ม ม.4 ต.แม่ปะ อ.เถิน จ.ลำปาง (6801-01)	00891	องค์การบริหารส่วนตำบลแม่ปะ	2025-12-09	WTP	EN connect	5.โครงการที่รับเงินแล้วสะสม	2026-01-07	07.01.2026 เงินเข้าแล้ว / คุณอนงค์ 081-706-2258	AR2512-008	100	6801-01
iv_a0798960	IV2512-008	ENC138-PL		2025-12-02	5372196	paid						11302025	บ้านแม่หลง ม.1 ต.วังพร้าว อ.เกาะคา จ.ลำปาง (6801-01)	00889	เทศบาลตำบลวังพร้าว	2025-12-02	WTP	EN connect	5.โครงการที่รับเงินแล้วสะสม	2025-12-17	17.12.2025 เงินเข้าแล้ว	AR2512-007	100	6801-01
iv_00f460bb	IV2512-007	ENC135-PL		2025-12-08	5377196.24	paid						10902025	บ้านเทื่อม ม.3 ต.เขือน้ำ อ.บ้านผือ จ.อุดรธานี (6801-01)	00885	องค์การบริหารส่วนตำบลเขือน้ำ	2025-12-08	STS	EN connect	5.โครงการที่รับเงินแล้วสะสม	2026-01-16	16.01.2026 เงินเข้าแล้ว / คุณศิวพร 092-956-3298	AR2512-009	100	6801-01
iv_9a2534b9	IV2512-005	ENC152-PDH		2025-12-01	1291000	paid						14202025	บ้านหนองจอก ม.6 ต.ซับสมบูรณ์ อ.วิเชียรบุรี จ.เพชรบูรณ์ (6813-02)	00899	ที่ทำการปกครองอำเภอวิเชียรบุรี	2025-12-01	WTP	EN connect	5.โครงการที่รับเงินแล้วสะสม	2026-03-13	13.03.2026 เงินเข้าแล้ว / คุณนิว 093-7919416	AR2512-004	100	6813-02
iv_49da1f28	IV2512-004	ENC151-PDH		2025-12-01	1291000	paid						14102025	บ้านซับสมบูรณ์ ม.1 ต.ซับสมบูรณ์ อ.วิเชียรบุรี จ.เพชรบูรณ์ (6813-02)	00899	ที่ทำการปกครองอำเภอวิเชียรบุรี	2025-12-01	WTP	EN connect	5.โครงการที่รับเงินแล้วสะสม	2026-03-13	13.03.2026 เงินเข้าแล้ว / คุณนิว 093-7919416	AR2512-005	100	6813-02
iv_7d72c4e7	IV2512-003	ENC115-PL		2025-12-01	5380269.71	paid						07502025	บ้านทุ่ง ม.5 ต.หัวเสือ อ.แม่ทะ จ.ลำปาง (6801-01)	00878	องค์การบริหารส่วนตำบลหัวเสือ	2025-12-01	STS	EN connect	5.โครงการที่รับเงินแล้วสะสม	2025-12-26	26.12.2025 เงินเข้าแล้ว	AR2512-003	100	6801-01
iv_402690b0	IV2511-020			2025-11-24	81000	paid						0011322024	SV-878-PL-บ้านขามแดง ม.6 ต.ห้างฉัตร อ.ห้างฉัตร จ.ลำปาง (SV-6802-01)	00253	ที่ทำการปกครองอำเภอห้างฉัตร	2025-11-24	WTP	EN connect	5.โครงการที่รับเงินแล้วสะสม	2025-12-09	09.12.2025 เงินเข้าแล้ว	AR2511-021	100	SV-6802-01
iv_eeeb1e5c	IV2511-019			2025-11-24	81000	paid						0011332024	SV-886-PL-บ้านห้างฉัตรเหนือ ม.2  ต.ห้างฉัตร อ.ห้างฉัตร จ.ลำปาง (SV-6802-01)	00253	ที่ทำการปกครองอำเภอห้างฉัตร	2025-11-24	WTP	EN connect	5.โครงการที่รับเงินแล้วสะสม	2025-12-09	09.12.2025 เงินเข้าแล้ว	AR2511-020	100	SV-6802-01
iv_e5bd9c9b	IV2511-018	ENC153-PIIS		2025-11-28	2928000	paid						14302025	บ้านสายห้วย ม.8 ต.วังสำโรง อ.บางมูลนาก จ.พิจิตร (6813-02)	00900	ที่ทำการปกครองอำเภอบางมูลนาก	2025-11-28	WTP	EN connect	5.โครงการที่รับเงินแล้วสะสม	2026-01-22	22.01.2026 เงินเข้าแล้ว / คุณสายพิน 089-7074618	AR2511-017	1	6813-02
iv_9699d189	IV2511-017	ENC154-PDP		2025-11-28	1600000	paid						14402025	บ้านสายห้วย ม.8 ต.วังสำโรง อ.บางมูลนาก จ.พิจิตร (6813-02)	00900	ที่ทำการปกครองอำเภอบางมูลนาก	2025-11-28	WTP	EN connect	5.โครงการที่รับเงินแล้วสะสม	2026-01-22	22.01.2026 เงินเข้าแล้ว / คุณสายพิน 089-7074618	AR2511-018	100	6813-02
iv_538ec70e	IV2511-016			2025-11-26	135000	paid						0011342024	SV-865-PL-หนองตาดำ ม.6 ต.ท่าชัย อ.เมืองชัยนาท จ.ชัยนาท (SV-6801-01)	00224	องค์กาารบริหารส่วนตำบลท่าชัย	2025-11-26	WTP	STR	5.โครงการที่รับเงินแล้วสะสม	2025-12-29	29.12.2025 เงินเข้าแล้ว / คุณแตน 056 475 077 ต่อ 2	AR2511-016	100	SV-6801-01
iv_c5877c8a	IV2511-015	ENC150-STIIS		2025-11-25	2060000	paid						14002025	บ้านซับสมบูรณ์ ม.1 ต.ซับสมบูรณ์ อ.วิเชียรบุรี จ.เพชรบูรณ์ (6813-02)	00899	ที่ทำการปกครองอำเภอวิเชียรบุรี	2025-11-25	WTP	EN connect	5.โครงการที่รับเงินแล้วสะสม	2026-03-12	12.03.2026 เงินเข้าแล้ว / คุณนิว 093-7919416	AR2511-015	1	6813-02
iv_b6fd91d0	IV2511-011	ENC105-PL		2025-11-18	5357836.3	paid						03702025	บ้านโพน ม.8 ต.โนนตาล อ.ท่าอุเทน จ.นครพนม (6801-01)	00859	องค์การบริหารส่วนตำบลโนนตาล	2025-11-18	WTP	EN connect	5.โครงการที่รับเงินแล้วสะสม	2026-01-09	09.01.2026 เงินเข้าแล้ว / คุณเปา 096-7877328	AR2511-010	100	6801-01
iv_860bea19	IV2511-008			2025-11-12	85000	paid						0011312024	SV-580-PM-บ้านน้ำลาน ม.2 ต.น้ำพาง อ.แม่จริม จ.น่าน (SV-6805-01)	00369	องค์การบริหารส่วนตำบลน้ำพาง	2025-11-12	WTP	Innovatech	5.โครงการที่รับเงินแล้วสะสม	2025-12-22	22.12.2025 เงินเข้าแล้ว	AR2511-008	2	SV-6805-01
iv_864a7890	IV2511-007	ENC137-PL		2025-11-03	3238200	paid						11202025	บ้านดอกคำใต้ ม.1 ต.แม่ตีบ อ.งาว จ.ลำปาง (6801-01)	00888	องค์การบริหารส่วนตำบลแม่ตีบ	2025-11-03	STS	EN connect	5.โครงการที่รับเงินแล้วสะสม	2025-12-03	03.12.2025 เงินเข้าแล้ว	AR2511-007	2	6801-01
iv_45da1e81	IV2511-005			2025-11-11	13000	paid						04502024	SV-599-PL-บ้านบ่อสน ม.5 ต.ทุ่งนารี อ.ป่าบอน จ.พัทลุง (SV-6708-01)	00166	องค์การบริหารส่วนตำบลทุ่งนารี	2025-11-11	WTP	Pinpoint	5.โครงการที่รับเงินแล้วสะสม	2025-11-21	21.11.2025 เงินเข้าแล้ว	AR2511-005	100	SV-6708-01
iv_015f4a99	IV2510-031	ENC145-PM		2025-10-31	1358000	paid						12902025	วัดสารภีพระเจ้าตนหลวงล้านเหรียญทันใจ ม.6 ต.แม่คือ อ.ดอยสะเก็ด จ.เชียงใหม่ (6801-01)	00324	เทศบาลตำบลแม่คือ	2025-10-31	WTP	EN connect	5.โครงการที่รับเงินแล้วสะสม	2025-11-20	20.11.2025 เงินเข้าแล้ว / คุณแอร์ 093-2534845	AR2510-031	1	6801-01
iv_793b9c2b	IV2510-029	STR063-PL		2025-10-27	5369000	paid						11902025	บ้านหนองแสลบ ม.4 ต.เลาขวัญ อ.เลาขวัญ จ.กาญจนบุรี (จุดที่ 2) (6801-01)	00115	องค์การบริหารส่วนตำบลเลาขวัญ	2025-10-27	STS	STR	5.โครงการที่รับเงินแล้วสะสม	2025-12-04	04.12.2025 เงินเข้าแล้ว / คุณสมพงษ์ 097-0451214	AR2510-029	100	6801-01
iv_d7f088fc	IV2510-028	ENC134-PL		2025-10-21	3172800	paid						10702025	บ้านยั้งเมิน ม.3 ต.ยั้งเมิน อ.สะเมิง จ.เชียงใหม่ (6801-01)	00883	องค์การบริหารส่วนตำบลยั้งเมิน	2025-10-21	STS	EN connect	5.โครงการที่รับเงินแล้วสะสม	2025-11-07	07.11.2025 เงินเข้าแล้ว / คุณทับทอง 085-6940389	AR2510-028	2	6801-01
iv_c1c207d0	IV2510-026	ENC133-PL		2025-10-14	3204000	paid						10202025	บ้านสองแควปินหวาน ม.5 ต.เถินบุรี อ.เถิน จ.ลำปาง (6801-01)	00739	เทศบาลตำบลเถินบุรี	2025-10-14	STS	EN connect	5.โครงการที่รับเงินแล้วสะสม	2025-11-19	19.11.2025 เงินเข้าแล้ว / คุณลฎาภา 085-689-4000	AR2510-026	2	6801-01
iv_1e95ad13	IV2510-025	ENC139-PL		2025-10-17	3225000	paid						11402025	บ้านแม่หีด ม.1 ต.วังแก้ว อ.วังเหนือ จ.ลำปาง (6801-01)	00890	องค์การบริหารส่วนตำบลวังแก้ว	2025-10-17	STS	EN connect	5.โครงการที่รับเงินแล้วสะสม	2025-11-07	07.11.2025 เงินเข้าแล้ว / คุณหนิง 087-551-6144	AR2510-024	2	6801-01
iv_77d3fba7	IV2510-024	ENC141-PL		2025-10-16	3240000	paid						12402025	บ้านบุไทร ม.4 ต.ไทยสามัคคี อ.วังน้ำเขียว จ.นครราชสีมา (6801-01)	00892	องค์การบริหารส่วนตำบลไทยสามัคคี	2025-10-16	STS	EN connect	5.โครงการที่รับเงินแล้วสะสม	2025-11-17	17.11.2025 เงินเข้าแล้ว	AR2510-025	2	6801-01
iv_44d8e33e	IV2510-017	TTI051-PL		2025-10-14	5400000	paid						07702025	บ้านคลองตามั่น ม.11 ต.เขาไม้แก้ว อ.กบินทร์บุรี จ.ปราจีนบุรี (6801-01)	00154	องค์การบริหารส่วนตำบลเขาไม้แก้ว	2025-09-17	STS	ภาคตะวันออก	5.โครงการที่รับเงินแล้วสะสม	2025-11-26	26.11.2025 เงินเข้าแล้ว / คุณแอน 065-065-4332	AR2510-017	100	6801-01
iv_5066eab7	IV2510-016	STR064-PDH		2025-10-10	1100000	paid						13002025	บ้านมะกอกหวานพัฒนาราชานุเคราะห์ ม.11 ต.ม่วงค่อม อ.ชัยบาดาล จ.ลพบุรี (6801-01)	00895	องค์การบริหารส่วนตำบลม่วงค่อม	2025-10-10	WTP	STR	5.โครงการที่รับเงินแล้วสะสม	2025-11-27	27.11.2025 เงินเข้าแล้ว	AR2510-016	100	6801-01
iv_edfe40ca	IV2509-040	ENC131-PL		2025-09-30	2145301.19	paid						10002025	บ้านแม่กัวะ ม.4 ต.แม่กัวะ อ.สบปราบ จ.ลำปาง (6801-01)	00881	องค์การบริหารส่วนตำบลแม่กวัะ	2025-09-30	STS	EN connect	5.โครงการที่รับเงินแล้วสะสม	2025-11-12	12.11.2025 เงินเข้าแล้ว / คุณนัท 054-296371 ต่อ 2	AR2509-040	1	6801-01
iv_63a7fcab	IV2509-038	ENC141-PL		2025-09-24	2160000	paid						12402025	บ้านบุไทร ม.4 ต.ไทยสามัคคี อ.วังน้ำเขียว จ.นครราชสีมา (6801-01)	00892	องค์การบริหารส่วนตำบลไทยสามัคคี	2025-09-24	STS	EN connect	5.โครงการที่รับเงินแล้วสะสม	2025-10-29	29.10.2025 เงินเข้าแล้ว	AR2509-039	1	6801-01
iv_fa10686a	IV2509-037	INS052-PD		2025-09-24	1100000	paid						12102025	บ้านศรีดอนมูล ม.9 ต.ศรีดอนมูล อ.เชียงแสน จ.เชียงราย (6801-01)	00882	องค์การบริหารส่วนตำบลศรีดอนมูล	2025-09-24	WTP	Innovatech	5.โครงการที่รับเงินแล้วสะสม	2025-10-10	10.10.2025 เงินเข้าแล้ว	AR2509-036	100	6801-01
iv_48d353f2	IV2509-031	ENC089-PM		2025-09-19	2029317.73	paid						33802024	บ้านนาสมใจ ม.7 ต.ผาสามยอด อ.เอราวัณ จ.เลย (6801-01)	00840	องคก์ารบริหารส่วนตำบลผาสามยอด	2025-09-19	WTP	EN connect	5.โครงการที่รับเงินแล้วสะสม	2025-11-13	13.11.2025 เงินเข้าแล้ว / คุณกิ่ง 061-1150154	AR2509-037	2	6801-01
iv_eaab18fa	IV2509-030	INS044-PL		2025-09-17	3240000	paid						07802025	โรงเรียนเทศบาลพญาเม็งราย ๑ (ทุ่งเจ้า) ต.แม่เปา อ.พญาเม็งราย จ.เชียงราย (6801-01)	00629	เทศบาลตำบลพญาเม็งราย	2025-09-17	STS	Innovatech	5.โครงการที่รับเงินแล้วสะสม	2025-10-01	01.10.2025 เงินเข้าแล้ว	AR2509-027	2	6801-01
iv_3460a4b9	IV2509-029	PP053-PDH		2025-09-18	1300000	paid						13302025	สี่แยกลุงฉ่ำ ม.6 ต.น้ำพุ อ.บ้านนาสาร จ.สุราษฎร์ธานี (6707-03)	00726	องค์การบริหารส่วนตำบลน้ำพุ	2025-09-18	STS	Pinpoint	5.โครงการที่รับเงินแล้วสะสม	2025-10-02	02.10.2025 เงินเข้าแล้ว	AR2509-029	100	6707-03
iv_c08c9081	IV2509-028	INS045-PSM		2025-09-17	1800000	paid						08502025	บ้านหนองสองห้อง ม.2 ต.เม็งราย อ.พญาเม็งราย จ.เชียงราย (6801-01)	00629	เทศบาลตำบลพญาเม็งราย	2025-09-17	STS	Innovatech	5.โครงการที่รับเงินแล้วสะสม	2025-09-29	29.09.2025 เงินเข้าแล้ว / คุณอุตสนี 084-6085532	AR2509-028	2	6801-01
iv_6bea3889	IV2509-027	INS049-PL		2025-09-18	1079800	paid						11002025	บ้านวังแดง ม.3 ต.วังแดง อ.ตรอน จ.อุตรดิตถ์ (6801-01)	00886	องค์การบริหารส่วนตำบลวังแดง	2025-09-18	STS	Innovatech	5.โครงการที่รับเงินแล้วสะสม	2025-10-15	15.10.2025 เงินเข้าแล้ว	AR2509-030	3	6801-01
iv_fca99974	IV2509-026	ENC144-PDH		2025-09-12	1100000	paid						12702025	บ้านหนองกก ม.7 ต.ภูหลวง อ.ปักธงชัย จ.นครราชสีมา (6801-01)	00893	องค์การบริหารส่วนตำบลภูหลวง	2025-09-12	WTP	EN connect	5.โครงการที่รับเงินแล้วสะสม	2025-10-02	02.10.2025 เงินเข้าแล้ว	AR2509-021	100	6801-01
iv_8022077e	IV2509-025	ENC143-PDH		2025-09-12	1100000	paid						12602025	บ้านหลุมหิน ม.6 ต.ภูหลวง อ.ปักธงชัย จ.นครราชสีมา (6801-01)	00893	องค์การบริหารส่วนตำบลภูหลวง	2025-09-12	WTP	EN connect	5.โครงการที่รับเงินแล้วสะสม	2025-10-02	02.10.2025 เงินเข้าแล้ว	AR2509-022	100	6801-01
iv_c18507af	IV2509-024	ENC142-PDH		2025-09-12	1100000	paid						12502025	บ้านหลุมเงิน ม.5 ต.ภูหลวง อ.ปักธงชัย จ.นครราชสีมา (6801-01)	00893	องค์การบริหารส่วนตำบลภูหลวง	2025-09-12	WTP	EN connect	5.โครงการที่รับเงินแล้วสะสม	2025-10-02	02.10.2025 เงินเข้าแล้ว	AR2509-023	100	6801-01
iv_9ef9a381	IV2509-023	ENC137-PL		2025-09-15	2158800	paid						11202025	บ้านดอกคำใต้ ม.1 ต.แม่ตีบ อ.งาว จ.ลำปาง (6801-01)	00888	องค์การบริหารส่วนตำบลแม่ตีบ	2025-09-15	STS	EN connect	5.โครงการที่รับเงินแล้วสะสม	2025-10-31	31.10.2025 เงินเข้าแล้ว	AR2509-024	1	6801-01
iv_09f9c165	IV2509-022	INS046-PL		2025-09-16	3240000	paid						09802025	ม.8 ต.วังเย็น อ.แปลงยาว จ.ฉะเชิงเทรา (6801-01)	00873	เทศบาลตำบลวังเย็น	2025-09-16	STS	Innovatech	5.โครงการที่รับเงินแล้วสะสม	2025-10-01	01.10.2025 เงินเข้าแล้ว	AR2509-025	2	6801-01
iv_bdbefa9b	IV2509-017	AW123-PL		2025-09-09	5382196.24	paid						24302024	บ้านสี่ภาค ม.2 ต.ดงพลับ อ.บ้านหมี่ จ.ลพบุรี  (6801-01)	00816	องค์การบริหารส่วนตำบลบางกะพี้ดงพลับ	2025-09-09	KTB	STR	5.โครงการที่รับเงินแล้วสะสม	2025-10-06	06.10.2025 เงินเข้าแล้ว / WTP	AR2509-009	100	6801-01
iv_25892476	IV2509-016	INS051-PD		2025-09-09	1100000	paid						12002025	บ้านป่าแพะ ม.8 ต.ออย อ.ปง จ.พะเยา (6801-01)	00365	องค์การบริหารส่วนตำบลออย	2025-09-09	WTP	EN connect	5.โครงการที่รับเงินแล้วสะสม	2025-09-29	29.09.2025 เงินเข้าแล้ว / คุณแอม 082-183-2926	AR2509-010	100	6801-01
iv_11651216	IV2509-015	INS053-PD		2025-09-09	1100000	paid						12802025	บ้านต้นฝาง ม.5 ต.ออย อ.ปง จ.พะเยา (6801-01)	00365	องค์การบริหารส่วนตำบลออย	2025-09-09	STS	EN connect	5.โครงการที่รับเงินแล้วสะสม	2025-09-29	29.09.2025 เงินเข้าแล้ว / คุณแอม 082-183-2926	AR2509-011	100	6801-01
iv_4e2053b3	IV2509-014	TTI052-PL		2025-09-09	5400000	paid						08102025	บ้านตระกาจ ม.4 ต.ตระกาจ อ.กันทรลักษ์ จ.ศรีสะเกษ (6801-01)	00879	องค์การบริหารส่วนตำบลตระกาจ	2025-09-09	STS	WTP	5.โครงการที่รับเงินแล้วสะสม	2025-10-06	06.10.2025 เงินเข้าแล้ว / 094-8416925	AR2509-012	100	6801-01
iv_9098715e	IV2509-013	PP052-PDH		2025-09-05	1300000	paid						13202025	บริเวณโรงเรียนบ้านเขาเทพพิทักษ์ ม.1 ต.เขาพัง อ.บ้านตาขุน จ.สุราษฎร์ธานี (6707-03)	00020	เทศบาลตำบลบ้านเชี่ยวหลาน	2025-09-05	STS	Pinpoint	5.โครงการที่รับเงินแล้วสะสม	2025-09-29	29.09.2025 เงินเข้าแล้ว / คุณสาโรจน์ 061-1743497	AR2509-013	100	6707-03
iv_29d0019d	IV2509-012	ENC139-PL		2025-09-03	2150000	paid						11402025	บ้านแม่หีด ม.1 ต.วังแก้ว อ.วังเหนือ จ.ลำปาง (6801-01)	00890	องค์การบริหารส่วนตำบลวังแก้ว	2025-09-03	STS	EN connect	5.โครงการที่รับเงินแล้วสะสม	2025-10-01	01.10.2025 เงินเข้าแล้ว / คุณหนิง 087-551-6144	AR2509-008	1	6801-01
iv_86cca154	IV2509-011	INS043-PSL		2025-09-04	2700000	paid						07602025	ม.10 ต.วังเย็น อ.แปลงยาว จ.ฉะเชิงเทรา (6801-01)	00873	เทศบาลตำบลวังเย็น	2025-09-04	STS	ภาคตะวันออก	5.โครงการที่รับเงินแล้วสะสม	2025-09-29	29.09.2025 เงินเข้าแล้ว	AR2509-014	2	6801-01
iv_45068381	IV2508-042	STR061-PDH		2025-08-29	1100000	paid						06002025	บ้านห้วยไผ่ขุย ม.9 ต.หนองนางนวล อ.หนองฉาง จ.อุทัยธานี (6801-01)	00817	องค์การบริหารส่วนตำบลหนองนางนวล	2025-08-29	KTB	STR	5.โครงการที่รับเงินแล้วสะสม	2025-10-01	01.10.2025 เงินเข้าแล้ว / คุณเอก 056-510988	AR2508-040	100	6801-01
iv_54cc4b92	IV2508-041	STR056-PDH		2025-08-29	1100000	paid						05502025	บ้านทุ่งมะขามหวาน ม.4 ต.หนองนางนวล อ.หนองฉาง จ.อุทัยธานี (6801-01)	00817	องค์การบริหารส่วนตำบลหนองนางนวล	2025-08-29	KTB	STR	5.โครงการที่รับเงินแล้วสะสม	2025-10-01	01.10.2025 เงินเข้าแล้ว / คุณเอก 056-510988	AR2508-041	100	6801-01
iv_3b513dee	IV2508-040	STR055-PDH		2025-08-29	1100000	paid						05402025	บ้านหนองมะกอก ม.3 ต.หนองนางนวล อ.หนองฉาง จ.อุทัยธานี (6801-01)	00817	องค์การบริหารส่วนตำบลหนองนางนวล	2025-08-29	KTB	STR	5.โครงการที่รับเงินแล้วสะสม	2025-10-01	01.10.2025 เงินเข้าแล้ว / คุณเอก 056-510988	AR2508-042	100	6801-01
iv_0d34f356	IV2508-038	INS047-PD		2025-08-28	1100000	paid						10502025	บ้านงิ้วเฒ่า ม.6 ต.ศรีดอนมูล อ.เชียงแสน จ.เชียงราย (6801-01)	00882	องค์การบริหารส่วนตำบลศรีดอนมูล	2025-08-28	STS	Innovatech	5.โครงการที่รับเงินแล้วสะสม	2025-09-29	29.09.2025 เงินเข้าแล้ว	AR2508-039	100	6801-01
iv_0132fc78	IV2508-037	ENC114-PL		2025-08-26	5382196.24	paid						07402025	บ้านดอนข่า ม.5 ต.ทรายทอง อ.ศรีบุญเรือง จ.หนองบัวลำภู (6707-03)	00876	องค์การบริหารส่วนตำบลทรายทอง	2025-08-26	KTB	EN connect	5.โครงการที่รับเงินแล้วสะสม	2025-10-15	15.10.2025 เงินเข้าแล้ว / คุณปิ๊ก 095-429-3990	AR2508-038	100	6707-03
iv_09fd80d3	IV2508-036	ENC134-PL		2025-08-22	2115200	paid						10702025	บ้านยั้งเมิน ม.3 ต.ยั้งเมิน อ.สะเมิง จ.เชียงใหม่ (6801-01)	00883	องค์การบริหารส่วนตำบลยั้งเมิน	2025-08-22	STS	EN connect	5.โครงการที่รับเงินแล้วสะสม	2025-09-19	19.09.2025 เงินข้าแล้ว	AR2508-037	1	6801-01
iv_4b06188d	IV2508-034	ENC136-PL		2025-08-21	5400000	paid						11102025	บ้านเหลิ่งหิน ม.11 ต.โนนจาน อ.บัวลาย จ.นครราชสีมา (6801-01)	00887	องค์การบริหารส่วนตำบลโนนจาน	2025-08-21	STS	EN connect	5.โครงการที่รับเงินแล้วสะสม	2025-10-06	06.10.2025 เงินเข้าแล้ว / คุณเอ๋ 084-4165040	AR2508-034	100	6801-01
iv_8e23774c	IV2508-033	INS050-PD		2025-08-21	1100000	paid						11802025	บ้านหล่ายใหม่ ม.11 ต.ออย อ.ปง จ.พะเยา (6801-01)	00365	องค์การบริหารส่วนตำบลออย	2025-08-21	WTP	Innovatech	5.โครงการที่รับเงินแล้วสะสม	2025-09-17	17.09.2025 เงินเข้าแล้ว	AR2508-035	100	6801-01
iv_f279234a	IV2508-022	INS049-PL		2025-08-18	2699500	paid						11002025	บ้านวังแดง ม.3 ต.วังแดง อ.ตรอน จ.อุตรดิตถ์ (6801-01)	00886	องค์การบริหารส่วนตำบลวังแดง	2025-08-18	STS	Innovatech	5.โครงการที่รับเงินแล้วสะสม	2025-09-12	12.09.2025 เงินเข้าแล้ว	AR2508-019	2	6801-01
iv_8a45eedd	IV2508-021	ENC089-PM		2025-08-18	1352878.49	paid						33802024	บ้านนาสมใจ ม.7 ต.ผาสามยอด อ.เอราวัณ จ.เลย (6801-01)	00840	องคก์ารบริหารส่วนตำบลผาสามยอด	2025-08-18	WTP	EN connect	5.โครงการที่รับเงินแล้วสะสม	2025-09-23	23.09.2025 เงินเข้าแล้ว/ คุณกิ่ง 061-1150154	AR2508-020	1	6801-01
iv_ab717354	IV2508-020	ENC133-PL		2025-08-13	2136000	paid						10202025	บ้านสองแควปินหวาน ม.5 ต.เถินบุรี อ.เถิน จ.ลำปาง (6801-01)	00739	เทศบาลตำบลเถินบุรี	2025-08-13	STS	EN connect	5.โครงการที่รับเงินแล้วสะสม	2025-08-28	28.08.2025 เงินเข้าแล้ว	AR2508-030	1	6801-01
iv_2740712c	IV2508-019	ENC132-PL		2025-08-08	2136000	paid						10102025	บ้านป่าตาล ม.2 ต.เถินบุรี อ.เถิน จ.ลำปาง (6801-01)	00739	เทศบาลตำบลเถินบุรี	2025-08-08	STS	EN connect	5.โครงการที่รับเงินแล้วสะสม	2025-08-28	28.08.2025 เงินเข้าแล้ว	AR2508-031	1	6801-01
iv_3ad8a510	IV2508-011	AW133-PL		2025-08-07	5382196.25	paid						25602024	บ้านชุมทหาร ม.1 ต.ห้วยคต อ.ห้วยคต จ.อุทัยธานี (6801-01)	00823	องค์การบริหารส่วนตำบลห้วยคต	2025-08-07	KTB	STR	5.โครงการที่รับเงินแล้วสะสม	2025-09-15	15.09.2025 เงินเข้าแล้ว / คุณเล็ก 089-8605344	AR2508-012	100	6801-01
iv_b35f7b78	IV2508-010	STR043-PM		2025-08-07	3382196.24	paid						25702024	บ้านหนองจอก ม.7 ต.ห้วยคต อ.ห้วยคต จ.อุทัยธานี (6801-01)	00823	องค์การบริหารส่วนตำบลห้วยคต	2025-08-07	KTB	STR	5.โครงการที่รับเงินแล้วสะสม	2025-09-15	15.09.2025 เงินเข้าแล้ว / คุณเล็ก 089-8605344	AR2508-011	2	6801-01
iv_12192c83	IV2508-009	INS049-PL		2025-08-08	1601896.24	paid						11002025	บ้านวังแดง ม.3 ต.วังแดง อ.ตรอน จ.อุตรดิตถ์ (6801-01)	00886	องค์การบริหารส่วนตำบลวังแดง	2025-08-08	STS	Innovatech	5.โครงการที่รับเงินแล้วสะสม	2025-09-12	12.09.2025 เงินเข้าแล้ว	AR2508-009	1	6801-01
iv_b5e4544a	IV2508-008	INS048-PD		2025-08-07	1100000	paid						10802025	บ้านดอนทอง ม.12 ต.ออย อ.ปง จ.พะเยา (6801-01)	00365	องค์การบริหารส่วนตำบลออย	2025-08-07	STS	Innovatech	5.โครงการที่รับเงินแล้วสะสม	2025-09-12	12.09.2025 เงินเข้าแล้ว / คุณแอม 082-183-2926	AR2508-008	100	6801-01
iv_8881d16f	IV2508-007	INS039-PSL		2025-08-06	2700000	paid						06502025	ม.9 ต.วังเย็น อ.แปลงยาว จ.ฉะเชิงเทรา (6801-01)	00873	เทศบาลตำบลวังเย็น	2025-08-06	KTB	ภาคตะวันออก	5.โครงการที่รับเงินแล้วสะสม	2025-09-15	15.09.2025 เงินเข้าแล้ว / คุณช้าง 082-7120515	AR2508-007	2	6801-01
iv_84ab4307	IV2508-006	ENC119-PL		2025-08-05	5397000	paid						08602025	บ้านหัวแรต ม.10 ต.บัวโคก อ.ท่าตูม จ.สุรินทร์ (6801-01)	00552	องค์การบริหารส่วนตำบลบัวโคก	2025-08-05	STS	EN connect	5.โครงการที่รับเงินแล้วสะสม	2025-09-19	19.09.2025 เงินข้าแล้ว	AR2508-006	100	6801-01
iv_893ef848	IV2508-005	INS040-PSL		2025-08-04	2700000	paid						06802025	ม.2 ต.วังเย็น อ.แปลงยาว จ.ฉะเชิงเทรา (6801-01)	00873	เทศบาลตำบลวังเย็น	2025-08-04	KTB	ภาคตะวันออก	5.โครงการที่รับเงินแล้วสะสม	2025-09-15	15.09.2025 เงินเข้าแล้ว / คุณช้าง 082-7120515	AR2508-005	2	6801-01
iv_9cbce936	IV2507-070	AW140-PL		2025-07-30	5398814.94	paid						26302024	บ้านห้วยวังทอง ม.16 ต.ศรีบุญเรือง อ.ศรีบุญเรือง จ.หนองบัวลำภู (6707-03)	00757	องค์การบริหารส่วนตำบลศรีบุญเรือง	2025-07-30	KTB	EN connect	5.โครงการที่รับเงินแล้วสะสม	2025-10-03	03.10.2025 เงินเข้าแล้ว / คุณกวีระชัย 097-2948107	AR2507-071	100	6707-03
iv_fcbee36c	IV2507-069	INS046-PL		2025-07-29	2160000	paid						09802025	ม.8 ต.วังเย็น อ.แปลงยาว จ.ฉะเชิงเทรา (6801-01)	00873	เทศบาลตำบลวังเย็น	2025-07-29	STS	ภาคตะวันออก	5.โครงการที่รับเงินแล้วสะสม	2025-09-01	01.09.2025 เงินเข้าแล้ว / คุณช้าง 082-7120515	AR2507-070	1	6801-01
iv_7afe6f9d	IV2507-068	STR050-PL		2025-07-24	5400000	paid						28702024	บ้านบ่อสำราญ ม.4 ต.ทะเลบก อ.ดอนเจดีย์ จ.สุพรรณบุรี (6801-01)	00820	องค์การบริหารส่วนตำบลทะเลบก	2025-07-24	KTB	STR	5.โครงการที่รับเงินแล้วสะสม	2025-09-03	03.09.2025 เงินเข้าแล้ว / คุณชุติมา 081-1737976	AR2507-067	100	6801-01
iv_cae499a4	IV2507-067	AW139-PL		2025-07-29	5382196.22	paid						26202024	บ้านศรีโพธิ์ทอง ม.12 ต.ศรีบุญเรือง อ.ศรีบุญเรือง จ.หนองบัวลำภู (6707-03)	00757	องค์การบริหารส่วนตำบลศรีบุญเรือง	2025-07-29	KTB	EN connect	5.โครงการที่รับเงินแล้วสะสม	2025-10-03	03.10.2025 เงินเข้าแล้ว / คุณกวีระชัย 097-2948107	AR2507-069	100	6707-03
iv_0fad4939	IV2507-066	TTI049-PL		2025-07-25	3773000	paid						33202024	บ้านขุนศรี ม.2 ต.บุพราหมณ์ อ.นาดี จ.ปราจีนบุรี (6801-01)	00838	องค์การบริหารส่วนตำบลบุพราหมณ์	2025-07-25	WTP	ภาคตะวันออก	5.โครงการที่รับเงินแล้วสะสม	2025-08-29	29.08.2025 เงินเข้าแล้ว / คุณนัชชา 092-3141490	AR2507-068	2	6801-01
iv_22f57dc8	IV2507-065	AW127-PL		2025-07-23	3240000	paid						24502024	บ้านไร่น้อย ม.8 ต.น้ำอ่าง อ.ตรอน จ.อุตรดิตถ์ (6801-01)	00467	องค์การบริหารส่วนตำบลน้ำอ่าง	2025-07-23	KTB	Innovatech	5.โครงการที่รับเงินแล้วสะสม	2025-08-21	21.08.2025 เงินเข้าแล้ว / คุณเอก 093-9619428	AR2507-064	2	6801-01
iv_9e80ad4b	IV2507-064	AW138-PL		2025-07-23	5382196.22	paid						26402024	บ้านหนองบัวน้อย ม.7 ต.ศรีบุญเรือง อ.ศรีบุญเรือง จ.หนองบัวลำภู (6707-03)	00757	องค์การบริหารส่วนตำบลศรีบุญเรือง	2025-07-23	KTB	EN connect	5.โครงการที่รับเงินแล้วสะสม	2025-10-03	03.10.2025 เงินเข้าแล้ว / คุณกวีระชัย 097-2948107	AR2507-065	100	6707-03
iv_ffa29193	IV2507-062	STR062-PDH		2025-07-18	1100000	paid						06102025	บ้านหนองมะขามป้อม ม.10 ต.หนองนางนวล อ.หนองฉาง จ.อุทัยธานี (6801-01)	00817	องค์การบริหารส่วนตำบลหนองนางนวล	2025-07-18	KTB	STR	5.โครงการที่รับเงินแล้วสะสม	2025-09-22	22.09.2025 เงินเข้าแล้ว / คุณเอก 056-510988	AR2507-054	100	6801-01
iv_2ac8d260	IV2507-061	STR060-PDH		2025-07-18	1100000	paid						05902025	บ้านท่าข้ามสาคร ม.8 ต.หนองนางนวล อ.หนองฉาง จ.อุทัยธานี (6801-01)	00817	องค์การบริหารส่วนตำบลหนองนางนวล	2025-07-18	KTB	STR	5.โครงการที่รับเงินแล้วสะสม	2025-09-22	22.09.2025 เงินเข้าแล้ว / คุณเอก 056-510988	AR2507-055	100	6801-01
iv_d22a6659	IV2507-060	STR059-PDH		2025-07-18	1100000	paid						05802025	บ้านเกาะโสภี ม.7 ต.หนองนางนวล อ.หนองฉาง จ.อุทัยธานี (6801-01)	00817	องค์การบริหารส่วนตำบลหนองนางนวล	2025-07-18	KTB	STR	5.โครงการที่รับเงินแล้วสะสม	2025-09-22	22.09.2025 เงินเข้าแล้ว / คุณเอก 056-510988	AR2507-056	100	6801-01
iv_7767374d	IV2507-059	STR058-PDH		2025-07-18	1100000	paid						05702025	บ้านทุ่งมะขามเตี้ย ม.6 ต.หนองนางนวล อ.หนองฉาง จ.อุทัยธานี (6801-01)	00817	องค์การบริหารส่วนตำบลหนองนางนวล	2025-07-18	KTB	STR	5.โครงการที่รับเงินแล้วสะสม	2025-09-22	22.09.2025 เงินเข้าแล้ว / คุณเอก 056-510988	AR2507-057	100	6801-01
iv_f2af5509	IV2507-058	STR057-PDH		2025-07-18	1100000	paid						05602025	บ้านหนองรืน ม.5 ต.หนองนางนวล อ.หนองฉาง จ.อุทัยธานี (6801-01)	00817	องค์การบริหารส่วนตำบลหนองนางนวล	2025-07-18	KTB	STR	5.โครงการที่รับเงินแล้วสะสม	2025-09-22	22.09.2025 เงินเข้าแล้ว / คุณเอก 056-510988	AR2507-058	100	6801-01
iv_ec69343a	IV2507-057	STR054-PDH		2025-07-18	1100000	paid						05302025	บ้านหนองกระทุ่ม ม.2 ต.หนองนางนวล อ.หนองฉาง จ.อุทัยธานี (6801-01)	00817	องค์การบริหารส่วนตำบลหนองนางนวล	2025-07-18	KTB	STR	5.โครงการที่รับเงินแล้วสะสม	2025-09-22	22.09.2025 เงินเข้าแล้ว / คุณเอก 056-510988	AR2507-059	100	6801-01
iv_745c166e	IV2507-056	STR053-PDH		2025-07-18	1100000	paid						05202025	บ้านหนองขุนทอง ม.1 ต.หนองนางนวล อ.หนองฉาง จ.อุทัยธานี (6801-01)	00817	องค์การบริหารส่วนตำบลหนองนางนวล	2025-07-18	KTB	STR	5.โครงการที่รับเงินแล้วสะสม	2025-09-22	22.09.2025 เงินเข้าแล้ว / คุณเอก 056-510988	AR2507-060	100	6801-01
iv_4e5d4773	IV2507-055	INS042-PDH		2025-07-22	1251118.63	paid						07002025	บ้านน้ำม้าเหนือ ม.13 ต.สถาน อ.เชียงของ จ.เชียงราย (6707-03)	00874	เทศบาลตำบลสถาน	2025-07-22	KTB	Innovatech	5.โครงการที่รับเงินแล้วสะสม	2025-09-03	03.09.2025 เงินเข้าแล้ว / คุณแตน 097-9182756	AR2507-062	100	6707-03
iv_beb53d61	IV2507-054	INS041-PDH		2025-07-22	1251118.63	paid						06902025	บ้านน้ำม้า ม.3 ต.สถาน อ.เชียงของ จ.เชียงราย (6707-03)	00874	เทศบาลตำบลสถาน	2025-07-22	KTB	Innovatech	5.โครงการที่รับเงินแล้วสะสม	2025-09-03	03.09.2025 เงินเข้าแล้ว / คุณแตน 097-9182756	AR2507-063	100	6707-03
iv_dd9ca1c3	IV2507-053	ENC061-PL		2025-07-18	5382196.22	paid						29802024	บ้านโนนอุดมพัฒนา ม.10 ต.หนองบัวใต้ อ.ศรีบุญเรือง จ.หนองบัวลำภู (6707-03)	00079	องค์การบริหารส่วนตำบลหนองบัวใต้	2025-07-18	KTB	EN connect	5.โครงการที่รับเงินแล้วสะสม	2025-08-28	28.08.2025 เงินเข้าแล้ว / คุณเอื้อมตะวัน 042-002252 ต่อ 2	AR2507-061	100	6707-03
iv_15e1482e	IV2507-052	TTI048-PDH		2025-07-15	1100000	paid						02502025	หนองดุม ม.16 ต.นนทรี อ.กบินทร์บุรี จ.ปราจีนบุรี (6801-01)	00827	องค์การบริหารส่วนตำบลนนทรี	2025-07-15	WTP	ภาคตะวันออก	5.โครงการที่รับเงินแล้วสะสม	2025-08-27	27.08.2025 เงินเข้าแล้ว / พัสดุ 094-8198789	AR2507-053	100	6801-01
iv_1eec497b	IV2507-043	INS029-PL		2025-07-15	3240000	paid						2702025	บ้านเขาสะท้อนบน ม.10 ต.หนองไม้แก่น อ.แปลงยาว จ.ฉะเชิงเทรา (6801-01)	00855	องค์การบริหารส่วนตำบลหนองไม้แก่น	2025-06-26	STS	Innovatech	5.โครงการที่รับเงินแล้วสะสม	2025-09-01	01.09.2025 เงินเข้าแล้ว / คุณเบนซ์ 098-7695318	AR2507-044	2	6801-01
iv_af46d731	IV2507-040	STR039-PM		2025-07-14	2040000	paid						22902024	บ้านหนองอาสา ม.2 ต.เมืองการุ้ง อ.บ้านไร่ จ.อุทัยธานี (6801-01)	00812	องค์การบริหารส่วนตำบลเมืองการุ้ง	2025-07-14	KTB	STR	5.โครงการที่รับเงินแล้วสะสม	2025-10-01	01.10.2025 เงินเข้าแล้ว  / พัสดุ 06-5264-4496	AR2507-037	2	6801-01
iv_e66db84c	IV2507-039	STR040-PM		2025-07-14	2040000	paid						22802024	บ้านคลองโป่ง ม.5 ต.เมืองการุ้ง อ.บ้านไร่ จ.อุทัยธานี (6801-01)	00812	องค์การบริหารส่วนตำบลเมืองการุ้ง	2025-07-14	KTB	STR	5.โครงการที่รับเงินแล้วสะสม	2025-10-01	01.10.2025 เงินเข้าแล้ว  / พัสดุ 06-5264-4496	AR2507-038	2	6801-01
iv_706e0119	IV2507-038	INS043-PSL		2025-07-07	1800000	paid						7602025	ม.10 ต.วังเย็น อ.แปลงยาว จ.ฉะเชิงเทรา (6801-01)	00873	เทศบาลตำบลวังเย็น	2025-07-07	STS	Innovatech	5.โครงการที่รับเงินแล้วสะสม	2025-07-31	31.07.2025 เงินเข้าแล้ว / คุณมยุรี 086-5700254	AR2507-036	1	6801-01
iv_7e5ef484	IV2507-037	ENC110-PDH		2025-07-14	1100000	paid						6602025	บ้านชมน้อย ม.2 ต.ชมเจริญ อ.ปากชม จ.เลย (6801-01)	00761	องค์การบริหารส่วนตำบลชมเจริญ	2025-07-14	KTB	EN connect	5.โครงการที่รับเงินแล้วสะสม	2025-10-14	14.10.2025 เงินเข้าแล้ว / คุณมณีวรรณ 084-7428010 / WTP	AR2507-039	100	6801-01
iv_336c13fe	IV2507-036	ENC111-PDH		2025-07-14	1100000	paid						6702025	บ้านห้วยอาลัย ม.3 ต.ชมเจริญ อ.ปากชม จ.เลย (6801-01)	00761	องค์การบริหารส่วนตำบลชมเจริญ	2025-07-14	KTB	EN connect	5.โครงการที่รับเงินแล้วสะสม	2025-10-14	14.10.2025 เงินเข้าแล้ว / คุณมณีวรรณ 084-7428010 / WTP	AR2507-040	100	6801-01
iv_32d80af5	IV2507-034	INS044-PL		2025-07-09	2160000	paid						7802025	โรงเรียนเทศบาลพญาเม็งราย ๑ (ทุ่งเจ้า) ต.แม่เปา อ.พญาเม็งราย จ.เชียงราย (6801-01)	00629	เทศบาลตำบลพญาเม็งราย	2025-07-09	STS	Innovatech	5.โครงการที่รับเงินแล้วสะสม	2025-08-18	18.08.2025 เงินเข้าแล้ว / คุณอุตสนี 084-6085532	AR2507-034	1	6801-01
iv_e2a60f18	IV2507-033	INS045-PSM		2025-07-09	1200000	paid						8502025	บ้านหนองสองห้อง ม.2 ต.เม็งราย อ.พญาเม็งราย จ.เชียงราย (6801-01)	00629	เทศบาลตำบลพญาเม็งราย	2025-07-09	STS	Innovatech	5.โครงการที่รับเงินแล้วสะสม	2025-08-19	20.08.2025 เงินเข้าแล้ว / คุณอุตสนี 084-6085532	AR2507-033	1	6801-01
iv_0968c6d6	IV2507-032	PP046-PL		2025-07-09	3120000	paid						3602025	ม.4 ต.ท่างิ้ว อ.ห้วยยอด จ.ตรัง (6801-01)	00484	เทศบาลตำบลท่างิ้ว	2025-07-09	LIT	Pinpoint	5.โครงการที่รับเงินแล้วสะสม	2025-08-04	04.08.2025 เงินเข้าแล้ว	AR2507-032	2	6801-01
iv_7392373f	IV2507-031	INS024-PL		2025-07-08	3780000	paid						32502024	บ้านสุมข้าม ม.4 ต.นาขุม อ.บ้านโคก จ.อุตรดิตถ์ (6801-01)	00718	องค์การบริหารส่วนตำบลนาขุม	2025-07-08	WTP	Innovatech	5.โครงการที่รับเงินแล้วสะสม	2025-08-14	14.08.2025 เงินเข้าแล้ว / คุณน้ำฝน 087-8518426	AR2507-031	2	6801-01
iv_5dcf3645	IV2507-030	ENC130-PDH		2025-07-07	1298500	paid						8902025	บ้านโนนดินแดง (ที่ทำการผู้ใหญ่บ้าน) ม.13 ต.โนนดินแดง อ.โนนดินแดง จ.บุรีรัมย์ (6801-01)	00880	เทศบาลตำบลโนนดินแดง	2025-07-07	STS	EN connect	5.โครงการที่รับเงินแล้วสะสม	2025-08-25	25.08.2025 เงินเข้าแล้ว / คุณศศิการณ์ 062-1124014	AR2507-030	100	6801-01
iv_a758b066	IV2507-029	PP051-PM		2025-07-08	3400000	paid						4202025	บ้านโคกออก ม.6 ต.ตะเสะ อ.หาดสำราญ จ.ตรัง (6801-01)	00123	องค์การบริหารส่วนตำบลตะเสะ	2025-07-08	WTP	Pinpoint	5.โครงการที่รับเงินแล้วสะสม	2025-09-04	04.09.2025 เงินเข้าแล้ว  / คุณกุ้ง 075-291244	AR2507-027	100	6801-01
iv_e8f4820e	IV2507-028	INS035-PD		2025-07-04	1100000	paid						4802025	บ้านเมืองกาญจน์ ม.2 ต.ริมโขง อ.เชียงของ จ.เชียงราย (6801-01)	00871	องค์การบริหารส่วนตำบลริมโขง	2025-07-04	WTP	Innovatech	5.โครงการที่รับเงินแล้วสะสม	2025-08-14	14.08.2025 เงินเข้าแล้ว	AR2507-018	100	6801-01
iv_cf277e27	IV2507-027	INS034-PD		2025-07-04	1100000	paid						4702025	บ้านหาดบ้าย ม.1 ต.ริมโขง อ.เชียงของ จ.เชียงราย (6801-01)	00871	องค์การบริหารส่วนตำบลริมโขง	2025-07-04	WTP	Innovatech	5.โครงการที่รับเงินแล้วสะสม	2025-08-14	14.08.2025 เงินเข้าแล้ว	AR2507-019	100	6801-01
iv_b9e734dc	IV2507-026	ENC112-PDH		2025-07-07	1100000	paid						7102025	บ้านโนนแสนสุข ม.2 ต.สระว่านพระยา อ.ครบุรี จ.นครราชสีมา  (6801-01)	00875	องค์การบริหารส่วนตำบลสระว่านพระยา	2025-07-07	KTB	EN connect	5.โครงการที่รับเงินแล้วสะสม	2025-09-04	04.09.2025 เงินเข้าแล้ว  / 044-001123	AR2507-011	100	6801-01
iv_741467ff	IV2507-025	ENC108-PDH		2025-07-07	1100000	paid						6402025	บ้านบุพรมราช ม.6 ต.สุขเกษม อ.ปักธงชัย จ.นครราชสีมา (6801-01)	00872	องค์การบริหารส่วนตำบลสุขเกษม	2025-07-07	WTP	EN connect	5.โครงการที่รับเงินแล้วสะสม	2025-08-05	05.08.2025 เงินเข้าแล้ว / คุณต้อล 084-323-3823	AR2507-012	100	6801-01
iv_53b524a3	IV2507-024	ENC107-PDH		2025-07-09	1100000	paid						6302025	บ้านหนองชุมแสง ม.3 ต.สุขเกษม อ.ปักธงชัย จ.นครราชสีมา (6801-01)	00872	องค์การบริหารส่วนตำบลสุขเกษม	2025-07-09	WTP	EN connect	5.โครงการที่รับเงินแล้วสะสม	2025-08-05	05.08.2025 เงินเข้าแล้ว / คุณต้อล 084-323-3823	AR2507-028	100	6801-01
iv_240dd82e	IV2507-023	ENC129-PDH		2025-07-07	1298500	paid						9002025	บ้านโนนดินแดง (ศาลาประชาคม) ม.9 ต.โนนดินแดง อ.โนนดินแดง จ.บุรีรัมย์ (6801-01)	00880	เทศบาลตำบลโนนดินแดง	2025-07-07	STS	EN connect	5.โครงการที่รับเงินแล้วสะสม	2025-08-25	25.08.2025 เงินเข้าแล้ว / คุณศศิการณ์ 062-1124014	AR2507-013	100	6801-01
iv_adf1aabd	IV2507-022	ENC128-PDH		2025-07-07	1298500	paid						9102025	บ้านโนนดินแดง (วัดโนนดินแดงใต้) ม.8 ต.โนนดินแดง อ.โนนดินแดง จ.บุรีรัมย์ (6801-01)	00880	เทศบาลตำบลโนนดินแดง	2025-07-07	STS	EN connect	5.โครงการที่รับเงินแล้วสะสม	2025-08-25	25.08.2025 เงินเข้าแล้ว / คุณศศิการณ์ 062-1124014	AR2507-014	100	6801-01
iv_6b5f339d	IV2507-021	ENC127-PDH		2025-07-07	1298500	paid						9202025	บ้านโนนดินแดง (ที่ทำการกองทุนหมู่บ้าน) ม.7 ต.โนนดินแดง อ.โนนดินแดง จ.บุรีรัมย์ (6801-01)	00880	เทศบาลตำบลโนนดินแดง	2025-07-07	STS	EN connect	5.โครงการที่รับเงินแล้วสะสม	2025-08-25	25.08.2025 เงินเข้าแล้ว / คุณศศิการณ์ 062-1124014	AR2507-015	100	6801-01
iv_1eb3050f	IV2507-020	ENC126-PDH		2025-07-07	1298500	paid						9302025	บ้านโนนดินแดง (ศาลาประชาคม) ม.6 ต.โนนดินแดง อ.โนนดินแดง จ.บุรีรัมย์ (6801-01)	00880	เทศบาลตำบลโนนดินแดง	2025-07-07	STS	EN connect	5.โครงการที่รับเงินแล้วสะสม	2025-08-25	25.08.2025 เงินเข้าแล้ว / คุณศศิการณ์ 062-1124014	AR2507-016	100	6801-01
iv_5d251883	IV2507-019	ENC125-PDH		2025-07-09	1298500	paid						9702025	บ้านโนนดินแดง (สำนักงานเทศบาลตำบลโนนดินแดง) ม.5 ต.โนนดินแดง อ.โนนดินแดง จ.บุรีรัมย์ (6801-01)	00880	เทศบาลตำบลโนนดินแดง	2025-07-09	STS	EN connect	5.โครงการที่รับเงินแล้วสะสม	2025-08-25	25.08.2025 เงินเข้าแล้ว / คุณศศิการณ์ 062-1124014	AR2507-029	100	6801-01
iv_bf1c4dd4	IV2507-018	ENC124-PDH		2025-07-07	1298500	paid						9402025	บ้านโนนดินแดง (ศาลาประชาคม) ม.4 ต.โนนดินแดง อ.โนนดินแดง จ.บุรีรัมย์ (6801-01)	00880	เทศบาลตำบลโนนดินแดง	2025-07-07	STS	EN connect	5.โครงการที่รับเงินแล้วสะสม	2025-08-25	25.08.2025 เงินเข้าแล้ว / คุณศศิการณ์ 062-1124014	AR2507-017	100	6801-01
iv_4ea762e3	IV2507-017	ENC123-PDH		2025-07-07	1298500	paid						9502025	บ้านโนนดินแดง (ศาลาประชาคม) ม.3 ต.โนนดินแดง อ.โนนดินแดง จ.บุรีรัมย์ (6801-01)	00880	เทศบาลตำบลโนนดินแดง	2025-07-07	STS	EN connect	5.โครงการที่รับเงินแล้วสะสม	2025-08-25	25.08.2025 เงินเข้าแล้ว / คุณศศิการณ์ 062-1124014	AR2507-024	100	6801-01
iv_f769be02	IV2507-016	ENC122-PDH		2025-07-07	1298500	paid						9602025	บ้านโนนดินแดง (วัดโนนดินแดงเหนือ) ม.1 ต.โนนดินแดง อ.โนนดินแดง จ.บุรีรัมย์ (6801-01)	00880	เทศบาลตำบลโนนดินแดง	2025-07-07	STS	EN connect	5.โครงการที่รับเงินแล้วสะสม	2025-08-25	25.08.2025 เงินเข้าแล้ว / คุณศศิการณ์ 062-1124014	AR2507-023	100	6801-01
iv_ff2b8171	IV2507-015	ENC121-PDH		2025-07-07	1298500	paid						8702025	บ้านหนองสะแกกวน (ศาลาประชาคม) ม.6 ต.ส้มป่อย อ.โนนดินแดง จ.บุรีรัมย์ (6801-01)	00880	เทศบาลตำบลโนนดินแดง	2025-07-07	STS	EN connect	5.โครงการที่รับเงินแล้วสะสม	2025-08-25	25.08.2025 เงินเข้าแล้ว / คุณศศิการณ์ 062-1124014	AR2507-022	100	6801-01
iv_b8242482	IV2507-014	ENC120-PDH		2025-07-07	1298500	paid						8802025	บ้านน้อยสะแกกวน (พื้นที่สาธารณะ) ม.3 ต.ส้มป่อย อ.โนนดินแดง จ.บุรีรัมย์ (6801-01)	00880	เทศบาลตำบลโนนดินแดง	2025-07-07	STS	EN connect	5.โครงการที่รับเงินแล้วสะสม	2025-08-25	25.08.2025 เงินเข้าแล้ว / คุณศศิการณ์ 062-1124014	AR2507-021	100	6801-01
iv_14b42fa1	IV2507-013	INS038-PD		2025-07-04	1100000	paid						5102025	บ้านหาดทรายทอง ม.8 ต.ริมโขง อ.เชียงของ จ.เชียงราย (6801-01)	00871	องค์การบริหารส่วนตำบลริมโขง	2025-07-04	WTP	Innovatech	5.โครงการที่รับเงินแล้วสะสม	2025-08-14	14.08.2025 เงินเข้าแล้ว	AR2507-020	100	6801-01
iv_ad8faea4	IV2507-012	INS037-PD		2025-07-04	1100000	paid						5002025	บ้านใหม่เจริญ ม.4 ต.ริมโขง อ.เชียงของ จ.เชียงราย (6801-01)	00871	องค์การบริหารส่วนตำบลริมโขง	2025-07-04	WTP	Innovatech	5.โครงการที่รับเงินแล้วสะสม	2025-08-14	14.08.2025 เงินเข้าแล้ว	AR2507-025	100	6801-01
iv_48cfee44	IV2507-011	INS036-PD		2025-07-04	1100000	paid						4902025	บ้านดอนที่ ม.3 ต.ริมโขง อ.เชียงของ จ.เชียงราย (6801-01)	00871	องค์การบริหารส่วนตำบลริมโขง	2025-07-04	WTP	Innovatech	5.โครงการที่รับเงินแล้วสะสม	2025-08-14	14.08.2025 เงินเข้าแล้ว	AR2507-026	100	6801-01
iv_4cbaa3a0	IV2507-009	ENC117-PDH		2025-07-04	1100000	paid						8302025	บ้านนาผักก้าม ม.4 ต.เหล่ากอหก อ.นาแห้ว จ.เลย (6801-01)	00382	องค์การบริหารส่วนตำบลเหล่ากอหก	2025-07-04	WTP	EN connect	5.โครงการที่รับเงินแล้วสะสม	2025-09-17	18.09.2025 เงินเข้าแล้ว / คุณนัด 0-4203-1298 / คุณเหมี่ยว 065-6946669	AR2507-004	100	6801-01
iv_bbacaa1d	IV2507-008	ENC116-PDH		2025-07-04	1100000	paid						8202025	บ้านเหล่ากอหก ม.1 ต.เหล่ากอหก อ.นาแห้ว จ.เลย (6801-01)	00382	องค์การบริหารส่วนตำบลเหล่ากอหก	2025-07-04	WTP	EN connect	5.โครงการที่รับเงินแล้วสะสม	2025-09-17	18.09.2025 เงินเข้าแล้ว / คุณนัด 0-4203-1298 / คุณเหมี่ยว 065-6946669	AR2507-005	100	6801-01
iv_85951a12	IV2507-007	TTI039-PL		2025-07-04	3240000	paid						29502024	บ้านทุ่งวิจิตร ม.10 ต.สะพานหิน อ.นาดี จ.ปราจีนบุรี (6801-01)	00124	องค์การบริหารส่วนตำบลสะพานหิน	2025-07-04	WTP	ภาคตะวันออก	5.โครงการที่รับเงินแล้วสะสม	2025-08-21	21.08.2025 เงินเข้าแล้ว / คุณวรรณ 095-6645136	AR2507-006	2	6801-01
iv_a3c3bda5	IV2507-006	ENC113-PDH		2025-07-04	1100000	paid						7202025	บ้านชลประทาน ม.15 ต.โคกหินแฮ่ อ.เรณูนคร จ.นครพนม (6801-01)	00384	องค์การบริหารส่วนตำบลโคกหินแฮ่	2025-07-04	KTB	EN connect	5.โครงการที่รับเงินแล้วสะสม	2025-08-19	20.08.2025 เงินเข้าแล้ว / คุณอร 099-4951696	AR2507-007	100	6801-01
iv_559f9312	IV2507-005	ENC118-PDH		2025-07-04	1100000	paid						8402025	บ้านนาเจริญ ม.5 ต.เหล่ากอหก อ.นาแห้ว จ.เลย (6801-01)	00382	องค์การบริหารส่วนตำบลเหล่ากอหก	2025-07-04	WTP	EN connect	5.โครงการที่รับเงินแล้วสะสม	2025-09-17	18.09.2025 เงินเข้าแล้ว / คุณนัด 0-4203-1298 / คุณเหมี่ยว 065-6946669	AR2507-008	100	6801-01
iv_b7147d33	IV2507-003	ENC109-PSL		2025-07-01	2700000	paid						6202025	บ้านคอกควาย ม.6 ต.เมืองพลับพลา อ.ห้วยแถลง จ.นครราชสีมา (6801-01)	00788	องค์การบริหารส่วนตำบลเมืองพลับพลา	2025-07-01	WTP	EN connect	5.โครงการที่รับเงินแล้วสะสม	2025-08-08	08.08.2025 เงินเข้าแล้ว / คุณเอ๋ 088-5816238	AR2507-003	2	6801-01
iv_81f2184e	IV2506-043	TTI037-PL		2025-06-24	3240000	paid						28302024	ตลาดกลางสินค้าเกษตรสระแก้ว ม.1 ต.ศาลาลำดวน อ.เมืองสระแก้ว จ.สระแก้ว (6801-01)	00830	เทศบาลตำบลศาลาลำดวน	2025-06-24	STS	ภาคตะวันออก	5.โครงการที่รับเงินแล้วสะสม	2025-07-08	08.07.2025 เงินเข้าแล้ว / คุณแจ้ 086-5597563	AR2506-043	2	6801-01
iv_85114d65	IV2506-042	STR051-PM		2025-06-26	3400000	paid						28802024	บ้านย่านยาว ม.8 ต.ย่านยาว อ.สามชุก จ.สุพรรณบุรี (6801-01)	00742	องค์การบริหารส่วนตำบลย่านยาว	2025-06-26	LIT	STR	5.โครงการที่รับเงินแล้วสะสม	2025-07-21	21.07.2025 เงินเข้าแล้ว / คุณรัตนา 063-5146514	AR2506-045	2	6801-01
iv_5f6720c7	IV2506-041	STR048-PL		2025-06-27	5400000	paid						27602024	บ้านหนองบ้านเก่า ม.7 ต.บ้านเก่า อ.เมืองกาญจนบุรี จ.กาญจนบุรี (จุดที่ 2) (6801-01)	00735	องค์การบริหารส่วนตำบลบ้านเก่า	2025-06-27	KTB	STR	5.โครงการที่รับเงินแล้วสะสม	2025-08-04	04.08.2025 เงินเข้าแล้ว / คุณหนึ่ง 083-366-1654	AR2506-046	100	6801-01
iv_e5759776	IV2506-037	TTI030-PDH		2025-06-20	1300000	paid						24402024	บ้านคำใหญ่ ม.4 ต.ภูดิน อ.เมืองกาฬสินธุ์ จ.กาฬสินธุ์ (จุดที่2) (6801-01)	00159	เทศบาลตำบลภูดิน	2025-06-20	KTB	WTP	5.โครงการที่รับเงินแล้วสะสม	2025-08-21	21.08.2025 เงินเข้าแล้ว	AR2506-041	100	6801-01
iv_ee7141f0	IV2506-036	ENC106-PSL		2025-06-23	4500000	paid						4602025	บ้านพนอม ม.3 ต.พนอม อ.ท่าอุเทน จ.นครพนม (6801-01)	00870	องค์การบริหารส่วนตำบลพนอม	2025-06-23	WTP	EN connect	5.โครงการที่รับเงินแล้วสะสม	2025-08-04	04.08.2025 เงินเข้าแล้ว / คุณสุทธิดา 062-2649392	AR2506-030	100	6801-01
iv_63dc42fa	IV2506-035	TTI038-PL		2025-06-18	3240000	paid						28202024	โรงเรียนบ้านศาลาลำดวน ม.2 ต.ศาลาลำดวน อ.เมืองสระแก้ว จ.สระแก้ว (6801-01)	00830	เทศบาลตำบลศาลาลำดวน	2025-06-18	STS	WTP	5.โครงการที่รับเงินแล้วสะสม	2025-07-11	11.07.2025 เงินเข้าแล้ว	AR2506-037	2	6801-01
iv_5253f1fd	IV2506-034	INS032-PDH		2025-06-19	1252000	paid						4402025	บ้านแก่งหิน ม.2 ต.วังประจบ อ.เมืองตาก จ.ตาก (6707-03)	00094	องค์การบริการส่วนตำบลวังประจบ	2025-06-19	WTP	Innovatech	5.โครงการที่รับเงินแล้วสะสม	2025-08-04	04.08.2025 เงินเข้าแล้ว / คุณพัชรพร 062-8824111	AR2506-035	100	6707-03
iv_b856642c	IV2506-033	INS033-PDH		2025-06-19	1252000	paid						4502025	บ้านลานสอ ม.4 ต.วังประจบ อ.เมืองตาก จ.ตาก (6707-03)	00094	องค์การบริการส่วนตำบลวังประจบ	2025-06-19	WTP	Innovatech	5.โครงการที่รับเงินแล้วสะสม	2025-08-04	04.08.2025 เงินเข้าแล้ว / คุณพัชรพร 062-8824111	AR2506-036	100	6707-03
iv_d3a00d00	IV2506-032	AW114-PLS		2025-06-23	5400000	paid						21202024	บ้านแกเปะน้อย ม.10 ต.เชียงเครือ อ.เมืองกาฬสินธุ์ จ.กาฬสินธุ์ (6707-03)	00763	เทศบาลตำบลเชียงเครือ	2025-06-23	STS	WTP	5.โครงการที่รับเงินแล้วสะสม	2025-10-02	02.10.2025 เงินเข้าแล้ว / คุณปภาดา 0964218621	AR2506-031	100	6707-03
iv_da3f3c15	IV2506-031	AW113-STIIS		2025-06-20	5150000	paid						20602024	บ้านเหล่าค้อ ม.4 ต.เชียงเครือ อ.เมืองกาฬสินธุ์ จ.กาฬสินธุ์ (6707-03)	00763	เทศบาลตำบลเชียงเครือ	2025-06-20	STS	WTP	5.โครงการที่รับเงินแล้วสะสม	2025-10-02	02.10.2025 เงินเข้าแล้ว / คุณปภาดา 0964218621	AR2506-032	100	6707-03
iv_2497c92d	IV2506-030	AW097-STIIS		2025-06-20	3090000	paid						17702024	บ้านแกเปะ(หนองแฝก) ม.8 ต.เชียงเครือ อ.เมืองกาฬสินธุ์ จ.กาฬสินธุ์ (6707-03)	00763	เทศบาลตำบลเชียงเครือ	2025-06-20	WTP	WTP	5.โครงการที่รับเงินแล้วสะสม	2025-09-30	30.09.2025 เงินเข้าแล้ว / คุณปภาดา 0964218621	AR2506-033	2	6707-03
iv_1a60488b	IV2506-029	ENC095-PL		2025-06-20	3240000	paid						402025	บ้านโนน ม.1 ต.โนน อ.โนนนารายณ์ จ.สุรินทร์ (6801-01)	00844	องค์การบริหารส่วนตำบลโนน	2025-06-20	LIT	WTP	5.โครงการที่รับเงินแล้วสะสม	2025-08-04	04.08.2025 เงินเข้าแล้ว/ พัสดุ 080-0045313	AR2506-034	2	6801-01
iv_26ed565d	IV2506-028	AW097-STIIS		2025-06-04	2060000	paid						17702024	บ้านแกเปะ(หนองแฝก) ม.8 ต.เชียงเครือ อ.เมืองกาฬสินธุ์ จ.กาฬสินธุ์ (6707-03)	00763	เทศบาลตำบลเชียงเครือ	2025-06-04	WTP	WTP	5.โครงการที่รับเงินแล้วสะสม	2025-09-30	30.09.2025 เงินเข้าแล้ว / คุณปภาดา 0964218621	AR2506-029	1	6707-03
iv_3061ed92	IV2506-024	ENC055-PL		2025-06-12	3240000	paid						28002024	บ้านห้างฉัตรใต้ ม.1 ต.ห้างฉัตร อ.ห้างฉัตร จ.ลำปาง (6801-01)	00829	เทศบาลตำบลห้างฉัตร	2025-06-12	KTB	EN connect	5.โครงการที่รับเงินแล้วสะสม	2025-06-27	27.06.2025 เงินเข้าแล้ว	AR2506-023	2	6801-01
iv_690af618	IV2506-023	ENC088-PL		2025-06-13	3240000	paid						33302024	บ้านสายทอง ม.12 ต.หลุ่งตะเคียน อ.ห้วยแถลง จ.นครราชสีมา (6801-01)	00839	องค์การบริหารส่วนตำบลหลุ่งตะเคียน	2025-06-13	STS	EN connect	5.โครงการที่รับเงินแล้วสะสม	2025-07-31	31.07.2025 เงินเข้าแล้ว / คุณชุติมา 095-6211190	AR2506-024	2	6801-01
iv_9e338316	IV2506-022	AW136-PL		2025-06-09	3240000	paid						26602024	ม.16 ต.นนทรี อ.กบินทร์บุรี จ.ปราจีนบุรี (6707-03)	00827	องค์การบริหารส่วนตำบลนนทรี	2025-06-09	FUNDING	ภาคตะวันออก	5.โครงการที่รับเงินแล้วสะสม	2025-07-31	31.07.2025 เงินเข้าแล้ว / พัสดุ 094-8198789	AR2506-018	2	6707-03
iv_b20416a2	IV2506-021	AW136-PL		2025-06-09	2160000	paid						26602024	ม.16 ต.นนทรี อ.กบินทร์บุรี จ.ปราจีนบุรี (6707-03)	00827	องค์การบริหารส่วนตำบลนนทรี	2025-06-09	FUNDING	ภาคตะวันออก	5.โครงการที่รับเงินแล้วสะสม	2025-07-31	31.07.2025 เงินเข้าแล้ว / พัสดุ 094-8198789	AR2506-049	1	6707-03
iv_37e1c52e	IV2506-020	TTI050-PDH		2025-06-16	1300000	paid						4302025	ภายในหมู่บ้านสุขเกษม ม.9 ต.โนนเปือย อ.กุดชุม จ.ยโสธร (6708-01)	00864	องค์การบริหารส่วนตำบลโนนเปือย	2025-06-16	WTP	WTP	5.โครงการที่รับเงินแล้วสะสม	2025-06-26	26.06.2025 เงินเข้าแล้ว	AR2506-025	3	6708-01
iv_6c07161e	IV2506-019			2025-06-05	81000	paid						11332024	SV-886-PL-บ้านห้างฉัตรเหนือ ม.2  ต.ห้างฉัตร อ.ห้างฉัตร จ.ลำปาง (SV-6802-01)	00253	ที่ทำการปกครองอำเภอห้างฉัตร	2025-06-05	WTP	EN connect	5.โครงการที่รับเงินแล้วสะสม	2025-06-19	19.06.2025 เงินเข้าแล้ว	AR2506-017	3	SV-6802-01
iv_cf04aa83	IV2506-018			2025-06-05	81000	paid						11322024	SV-878-PL-บ้านขามแดง ม.6 ต.ห้างฉัตร อ.ห้างฉัตร จ.ลำปาง (SV-6802-01)	00253	ที่ทำการปกครองอำเภอห้างฉัตร	2025-06-05	WTP	EN connect	5.โครงการที่รับเงินแล้วสะสม	2025-06-19	19.06.2025 เงินเข้าแล้ว	AR2506-016	3	SV-6802-01
iv_373af86c	IV2506-017	ENC051-PL		2025-06-11	3207894.62	paid						27802024	บ้านหนองลูกควาย ม.5 ต.แหลมทอง อ.หนองบุญมาก จ.นครราชสีมา (6801-01)	00826	เทศบาลตำบลแหลมทอง	2025-06-11	KTB	EN connect	5.โครงการที่รับเงินแล้วสะสม	2025-07-01	01.07.2025 เงินเข้าแล้ว	AR2506-020	2	6801-01
iv_65325c8e	IV2506-016	ENC052-PL		2025-06-11	3207894.62	paid						27902024	บ้านโคกลุงกราด ม.7 ต.แหลมทอง อ.หนองบุญมาก จ.นครราชสีมา (6801-01)	00826	เทศบาลตำบลแหลมทอง	2025-06-11	KTB	EN connect	5.โครงการที่รับเงินแล้วสะสม	2025-07-01	01.07.2025 เงินเข้าแล้ว	AR2506-021	2	6801-01
iv_f63fad8f	IV2506-015	ENC053-PL		2025-06-11	3207894.62	paid						27702024	บ้านโพธิ์ณรงค์ ม.8 ต.แหลมทอง อ.หนองบุญมาก จ.นครราชสีมา (6801-01)	00826	เทศบาลตำบลแหลมทอง	2025-06-11	KTB	EN connect	5.โครงการที่รับเงินแล้วสะสม	2025-07-01	01.07.2025 เงินเข้าแล้ว	AR2506-022	2	6801-01
iv_791688f3	IV2506-014	TTI049-PL		2025-06-09	1617000	paid						33202024	บ้านขุนศรี ม.2 ต.บุพราหมณ์ อ.นาดี จ.ปราจีนบุรี (6801-01)	00838	องค์การบริหารส่วนตำบลบุพราหมณ์	2025-06-09	WTP	ภาคตะวันออก	5.โครงการที่รับเงินแล้วสะสม	2025-07-25	25.07.2025 เงินเข้าแล้ว	AR2506-014	1	6801-01
iv_52d3ebfd	IV2506-013	AW067-PL		2025-06-04	5381567.87	paid						9802024	บ้านห้วยลาดเหนือ ม.11 ต.ผาขาว อ.ผาขาว จ.เลย (6707-03)	00783	องค์การบริหารส่วนจังหวัดเลย	2025-06-04	STS	EN connect	5.โครงการที่รับเงินแล้วสะสม	2025-07-11	11.07.2025 เงินเข้าแล้ว / คุณนิภา พัสดุ 042-812033	AR2506-012	3	6707-03
iv_2e345c3b	IV2506-012	AW066-PL		2025-06-04	5381567.87	paid						9702024	บ้านสมศักดิ์พัฒนา ม.2 ต.ผาขาว อ.ผาขาว จ.เลย (6707-03)	00783	องค์การบริหารส่วนจังหวัดเลย	2025-06-04	STS	EN connect	5.โครงการที่รับเงินแล้วสะสม	2025-07-11	11.07.2025 เงินเข้าแล้ว / คุณนิภา พัสดุ 042-812033	AR2506-011	3	6707-03
iv_e974bf43	IV2506-011	TTI047-PDH		2025-06-09	1100000	paid						2602025	บ้านหนองข่า ม.12 ต.นนทรี อ.กบินทร์บุรี จ.ปราจีนบุรี (6801-01)	00827	องค์การบริหารส่วนตำบลนนทรี	2025-06-09	WTP	ภาคตะวันออก	5.โครงการที่รับเงินแล้วสะสม	2025-07-31	31.07.2025 เงินเข้าแล้ว / พัสดุ 094-8198789	AR2506-015	3	6801-01
iv_70182ffd	IV2506-010	ENC104-PL		2025-06-20	3240000	paid						3302025	บ้านป่าปอ ม.8 ต.ด่านม่วงคำ อ.โคกศรีสุพรรณ จ.สกลนคร (6801-01)	00857	องค์การบริหารส่วนตำบลด่านม่วงคำ	2025-06-20	WTP	EN connect	5.โครงการที่รับเงินแล้วสะสม	2025-08-05	05.08.2025 เงินเข้าแล้ว / คุณจารุวรรณ 088-5503650	AR2506-042	2	6801-01
iv_f743d4b9	IV2506-008	STR052-PL		2025-06-06	5400000	paid						33102024	บ้านหัวรัง ม.4 ต.ดอนเจดีย์ อ.พนมทวน จ.กาญจนบุรี (6801-01)	00837	เทศบาลตำบลดอนเจดีย์	2025-06-06	FUNDING	STR	5.โครงการที่รับเงินแล้วสะสม	2025-07-21	21.07.2025 เงินเข้าแล้ว / คุณปุ๊ ทางไลน์	AR2506-004	3	6801-01
iv_3198c704	IV2506-007	PP050-PDH		2025-06-06	1100000	paid						4102025	บ้านทุ่งเปลว ม.3 ต.ตะเสะ อ.หาดสำราญ จ.ตรัง (6801-01)	00123	องค์การบริหารส่วนตำบลตะเสะ	2025-06-06	WTP	Pinpoint	5.โครงการที่รับเงินแล้วสะสม	2025-08-18	18.08.2025 เงินเข้าแล้ว / คุณกุ้ง 075-291244	AR2506-005	100	6801-01
iv_1016d81b	IV2506-006	PP049-PDH		2025-06-06	1285000	paid						3802025	บ้านป่าหมาก ม.4 ต.นาตาล่วง อ.เมืองตรัง จ.ตรัง (6801-01)	00863	เทศบาลตำบลนาตาล่วง	2025-06-06	WTP	Pinpoint	5.โครงการที่รับเงินแล้วสะสม	2025-07-01	01.07.2025 เงินเข้าแล้ว	AR2506-006	3	6801-01
iv_c9d753ac	IV2506-005	PP048-PDH		2025-06-06	1285000	paid						3902025	บ้านนาขา ม.2 ต.นาตาล่วง อ.เมืองตรัง จ.ตรัง (6801-01)	00863	เทศบาลตำบลนาตาล่วง	2025-06-06	WTP	Pinpoint	5.โครงการที่รับเงินแล้วสะสม	2025-07-01	01.07.2025 เงินเข้าแล้ว	AR2506-007	3	6801-01
iv_a4aa9a4f	IV2506-004	PP047-PDH		2025-06-06	1285000	paid						4002025	บ้านทุ่งตำเสา ม.1 ต.นาตาล่วง อ.เมืองตรัง จ.ตรัง (6801-01)	00863	เทศบาลตำบลนาตาล่วง	2025-06-06	WTP	Pinpoint	5.โครงการที่รับเงินแล้วสะสม	2025-07-01	01.07.2025 เงินเข้าแล้ว	AR2506-008	3	6801-01
iv_c13f5c15	IV2506-003	ENC109-PSL		2025-06-05	1800000	paid						6202025	บ้านคอกควาย ม.6 ต.เมืองพลับพลา อ.ห้วยแถลง จ.นครราชสีมา (6801-01)	00788	องค์การบริหารส่วนตำบลเมืองพลับพลา	2025-06-05	WTP	EN connect	5.โครงการที่รับเงินแล้วสะสม	2025-07-23	23.07.2025 เงินเข้าแล้ว / คุณเอ๋ 088-5816238	AR2506-003	1	6801-01
iv_3c2f92f0	IV2505-098	ENC097-PL		2025-05-14	5386400	paid						01202025	บ้านยางหล่อ ม.4 ต.ยางหล่อ อ.ศรีบุญเรือง จ.หนองบัวลำภู (6707-03)	00850	เทศบาลตำบลยางหล่อ	2025-05-14	คุณประกอบ	EN connect	5.โครงการที่รับเงินแล้วสะสม	2025-10-06	06.10.2025 เงินเข้าแล้ว	AR2505-108	100	6707-03
iv_abf01e4c	IV2505-097	STR040-PM		2025-05-23	1326271	paid						22802024	บ้านคลองโป่ง ม.5 ต.เมืองการุ้ง อ.บ้านไร่ จ.อุทัยธานี (6801-01)	00812	องค์การบริหารส่วนตำบลเมืองการุ้ง	2025-05-23	KTB	STR	5.โครงการที่รับเงินแล้วสะสม	2025-07-11	11.07.2025 เงินเข้าแล้ว / พัสดุ 06-5264-4496	AR2505-107	1	6801-01
iv_b2f374df	IV2505-096	STR039-PM		2025-05-23	1315731.63	paid						22902024	บ้านหนองอาสา ม.2 ต.เมืองการุ้ง อ.บ้านไร่ จ.อุทัยธานี (6801-01)	00812	องค์การบริหารส่วนตำบลเมืองการุ้ง	2025-05-23	KTB	STR	5.โครงการที่รับเงินแล้วสะสม	2025-07-11	11.07.2025 เงินเข้าแล้ว / พัสดุ 06-5264-4496	AR2505-106	1	6801-01
iv_1e1c91bd	IV2505-088	ENC062-PL		2025-05-30	3240000	paid						30102024	บ้านโพนทอง ม.9 ต.ทรายขาว อ.วังสะพุง จ.เลย (6801-01)	00834	องค์การบริหารส่วนตำบลทรายขาว	2025-05-30	KTB	EN connect	5.โครงการที่รับเงินแล้วสะสม	2025-09-04	04.09.2025 เงินเข้าแล้ว  / คุณจุ๊บ 081-8722608	AR2505-096	2	6801-01
iv_3a10a662	IV2505-087	INS030-PD		2025-05-30	1100000	paid						3402025	บ้านดงน้ำล้อม ม.8 ต.แม่เย็น อ.พาน จ.เชียงราย (จุดที่ 2) (6801-01)	00858	องค์การบริหารส่วนตำบลแม่เย็น	2025-05-30	WTP	Innovatech	5.โครงการที่รับเงินแล้วสะสม	2025-01-21	21.07.2025 เงินเข้าแล้ว / คุณอ้อม 093-138-2039	AR2505-097	3	6801-01
iv_c6631ef1	IV2505-086	INS031-PD		2025-05-30	1100000	paid						3502025	บ้านอิงดอย ม.10 ต.แม่เย็น อ.พาน จ.เชียงราย (6801-01)	00858	องค์การบริหารส่วนตำบลแม่เย็น	2025-05-30	WTP	Innovatech	5.โครงการที่รับเงินแล้วสะสม	2025-07-21	21.07.2025 เงินเข้าแล้ว / คุณอ้อม 093-138-2039	AR2505-098	3	6801-01
iv_4c56182a	IV2505-085	STR049-PL		2025-05-28	5400000	paid						29002024	ม.7 ต.ม่วงเตี้ย อ.วิเศษชัยชาญ จ.อ่างทอง (จุดที่ 2) (6801-01)	00655	เทศบาลตำบลม่วงเตี้ย	2025-05-28	STS	STR	5.โครงการที่รับเงินแล้วสะสม	2025-06-27	27.06.2025 เงินเข้าแล้ว / คุณใหม่ 086-3695449	AR2505-089	3	6801-01
iv_69c470f4	IV2505-084	STR047-PL		2025-05-27	5379000	paid						29102024	บ้านสามัคคีธรรม ม.5 ต.ลุ่มสุ่ม อ.ไทรโยค จ.กาญจนบุรี (6801-01)	00734	องค์การบริหารส่วนตำบลลุ่มสุ่ม	2025-05-27	WTP	STR	5.โครงการที่รับเงินแล้วสะสม	2025-07-14	14.07.2025 เงินเข้าแล้ว / คุณผา 089-0409795	AR2505-088	3	6801-01
iv_2685a48e	IV2505-083	TTI042-PDH		2025-05-27	1100000	paid						32902024	บ้านหัวช้าง ม.8 ต.นาเชือก อ.นาเชือก จ.มหาสารคาม (6801-01)	00403	องค์การบริหารส่วนตำบลนาเชือก	2025-05-27	WTP	WTP	5.โครงการที่รับเงินแล้วสะสม	2025-06-30	30.06.2025 เงินเข้าแล้ว / คุณดวงใจ 093-7815476	AR2505-077	3	6801-01
iv_9cf753b7	IV2505-082	TTI041-PDH		2025-05-27	1100000	paid						32802024	บ้านห้วยทราย ม.6 ต.นาเชือก อ.นาเชือก จ.มหาสารคาม (6801-01)	00403	องค์การบริหารส่วนตำบลนาเชือก	2025-05-27	WTP	WTP	5.โครงการที่รับเงินแล้วสะสม	2025-06-30	30.06.2025 เงินเข้าแล้ว / คุณดวงใจ 093-7815476	AR2505-078	3	6801-01
iv_4e81d9dd	IV2505-078	TTI040-PDH		2025-05-27	1100000	paid						32702024	บ้านห้วยหิน ม.3 ต.นาเชือก อ.นาเชือก จ.มหาสารคาม (6801-01)	00403	องค์การบริหารส่วนตำบลนาเชือก	2025-05-27	LIT	WTP	5.โครงการที่รับเงินแล้วสะสม	2025-06-30	30.06.2025 เงินเข้าแล้ว / คุณดวงใจ 093-7815476	AR2505-079	3	6801-01
iv_5a41abf4	IV2505-077	AW122-PL		2025-05-22	5400000	paid						24202024	บ้านเหนือเขต ม.1 ต.บางกะพี้ อ.บ้านหมี่ จ.ลพบุรี (6801-01)	00816	องค์การบริหารส่วนตำบลบางกะพี้ดงพลับ	2025-05-22	KTB	STR	5.โครงการที่รับเงินแล้วสะสม	2025-07-11	11.07.2025 เงินเข้าแล้ว / คุณศิริพร 097-2021084	AR2505-067	3	6801-01
iv_6c70908e	IV2505-076	TTI043-PDH		2025-05-23	1100000	paid						2002025	บ้านเขาแดง ม.11 ต.สาริกา อ.เมืองนครนายก จ.นครนายก (6801-01)	00849	องค์การบริหารส่วนตำบลสาริกา	2025-05-23	LIT	ภาคตะวันออก	5.โครงการที่รับเงินแล้วสะสม	2025-06-26	26.06.2025 เงินเข้าแล้ว / คุณเปรม 0944566546	AR2505-071	3	6801-01
iv_90a8f515	IV2505-075	TTI036-PD		2025-05-22	1100000	paid						28502024	โรงเรียนบ้านศาลาลำดวน ม.2 ต.ศาลาลำดวน อ.เมืองสระแก้ว จ.สระแก้ว (6801-01)	00830	เทศบาลตำบลศาลาลำดวน	2025-05-22	LIT	ภาคตะวันออก	5.โครงการที่รับเงินแล้วสะสม	2025-06-10	10.06.2025 เงินเข้าแล้ว / คุณแจ้ 086-5597563	AR2505-068	3	6801-01
iv_ea64449c	IV2505-074	TTI035-PD		2025-05-22	1100000	paid						28402024	ตลาดกลางสินค้าเกษตรสระแก้ว ม.1 ต.ศาลาลำดวน อ.เมืองสระแก้ว จ.สระแก้ว (6801-01)	00830	เทศบาลตำบลศาลาลำดวน	2025-05-22	LIT	ภาคตะวันออก	5.โครงการที่รับเงินแล้วสะสม	2025-06-10	10.06.2025 เงินเข้าแล้ว / คุณแจ้ 086-5597563	AR2505-069	3	6801-01
iv_6760f886	IV2505-073	TTI005-PL		2025-05-23	3228000	paid						9502024	บริเวณบ้านหนองกระจับ ม.6 ต.ดงพระราม อ.เมืองปราจีนบุรี จ.ปราจีนบุรี (6712-01)	00778	ที่ทำการปกครองอำเภอเมืองปราจีนบุรี	2025-05-23	KTB	ภาคตะวันออก	5.โครงการที่รับเงินแล้วสะสม	2025-06-23	23.06.2025 เงินเข้าแล้ว / คุณมิ้ม 085-3335715	AR2505-072	2	6712-01
iv_daaeae12	IV2505-072	PP045		2025-05-23	5150000	paid						2802025	ST II S-บริเวณถังประปาบ้านนายอ่ำ รักอิ่ม (นายคนอง หนูรอด) ม.4 ต.ท่าบอน อ.ระโนด จ.สงขลา (6808-01)	00174	องค์การบริหารส่วนตำบลท่าบอน	2025-05-23	WTP	Pinpoint	5.โครงการที่รับเงินแล้วสะสม	2025-07-15	15.07.2025 เงินเข้าแล้ว	AR2505-073	3	6808-01
iv_c62a5792	IV2505-071	INS023-PL		2025-05-23	5400000	paid						27302024	บ้านแม่เงิน ม.6 ต.แม่เงิน อ.เชียงแสน จ.เชียงราย (6801-01)	00728	เทศบาลตำบลแม่เงิน	2025-05-23	KTB	Innovatech	5.โครงการที่รับเงินแล้วสะสม	2025-06-18	18.06.2025 เงินเข้าแล้ว / ผอ.กองช่าง 094-7068282	AR2505-074	3	6801-01
iv_9ef0590a	IV2505-070	INS022-PL		2025-05-23	5400000	paid						27502024	บ้านแม่คำ ม.4 ต.แม่เงิน อ.เชียงแสน จ.เชียงราย (6801-01)	00728	เทศบาลตำบลแม่เงิน	2025-05-23	KTB	Innovatech	5.โครงการที่รับเงินแล้วสะสม	2025-06-18	18.06.2025 เงินเข้าแล้ว / ผอ.กองช่าง 094-7068282	AR2505-084	3	6801-01
iv_6460609f	IV2505-069	INS040-PSL		2025-05-26	1800000	paid						6802025	ม.2 ต.วังเย็น อ.แปลงยาว จ.ฉะเชิงเทรา (6801-01)	00873	เทศบาลตำบลวังเย็น	2025-05-26	KTB	Innovatech	5.โครงการที่รับเงินแล้วสะสม	2025-07-11	11.07.2025 เงินเข้าแล้ว / คุณช้าง 082-7120515 / คุณมยุรี 086-5700254	AR2505-076	1	6801-01
iv_cffb5cc0	IV2505-068	ENC086-PL		2025-05-22	5400000	paid						32602024	บ้านเมืองลีง ม.1 ต.เมืองลีง อ.จอมพระ จ.สุรินทร์ (6801-01)	00516	องค์การบริหารส่วนตำบลเมืองลีง	2025-05-22	WTP	EN connect	5.โครงการที่รับเงินแล้วสะสม	2025-07-23	23.07.2025 เงินเข้าแล้ว / เบอร์กลาง 044-581155	AR2505-070	3	6801-01
iv_9231bef9	IV2505-066	PP037-PL		2025-05-27	5400000	paid						27402024	บ้านตันหยง ม.2 ต.มะนังยง อ.ยะหริ่ง จ.ปัตตานี (6801-01)	00833	เทศบาลตำบลตันหยง	2025-05-27	KTB	Pinpoint	5.โครงการที่รับเงินแล้วสะสม	2025-06-20	20.06.2025 เงินเข้าแล้ว / คุณด๊ะ 087-292-8493 / เบอร์กลาง 073-487-104	AR2505-066	3	6801-01
iv_8e8bcc22	IV2505-065	AW126-PL		2025-05-23	3240000	paid						24702024	บ้านเขาพระเอก ม.8 ต.ทุ่งหลวง อ.ปากท่อ จ.ราชบุรี  (6801-01)	00709	เทศบาลตำบลทุ่งหลวง	2025-05-23	KTB	STR	5.โครงการที่รับเงินแล้วสะสม	2025-06-11	11.06.2025 เงินเข้าแล้ว / คุณสุภิชรา 080-4422441	AR2505-064	2	6801-01
iv_7d531375	IV2505-064	STR041-PSL		2025-05-23	2700000	paid						24802024	บ้านทุ่งหลวง ม.2 ต.ทุ่งหลวง อ.ปากท่อ จ.ราชบุรี (6801-01)	00709	เทศบาลตำบลทุ่งหลวง	2025-05-23	KTB	STR	5.โครงการที่รับเงินแล้วสะสม	2025-06-06	06.06.2025 เงินเข้าแล้ว / คุณสุภิชรา 080-4422441	AR2505-063	2	6801-01
iv_9dc05721	IV2505-063	STR046-PL		2025-05-23	5400000	paid						27202024	บ้านหนองลัน ม.4 ต.สุขฤทัย อ.ห้วยคต จ.อุทัยธานี (6801-01)	00819	องค์การบริหารส่วนตำบลสุขฤทัย	2025-05-23	KTB	STR	5.โครงการที่รับเงินแล้วสะสม	2025-06-26	26.06.2025 เงินเข้าแล้ว / เบอร์กลาง 056-985561 (เช็คกรุงไทย)	AR2505-062	3	6801-01
iv_4abda055	IV2505-062	PP036-PM		2025-05-21	3400000	paid						25502024	บ้านบางหิน ม.2 ต.บางหิน อ.กะเปอร์ จ.ระนอง (6801-01)	00825	องค์การบริหารส่วนตำบลบางหิน	2025-05-21	KTB	Pinpoint	5.โครงการที่รับเงินแล้วสะสม	2025-06-20	20.06.2025 เงินเข้าแล้ว / คุณกรวีร์ 090-9966455	AR2505-056	2	6801-01
iv_c82553fc	IV2505-061	INS007-PM		2025-05-21	1980000	paid						8102024	บ้านค่าไพบูลย์ ม.2 ต.ปง อ.ปง จ.พะเยา (6701-01)	00768	เทศบาลตำบลแม่ยม	2025-05-21	KTB	Innovatech	5.โครงการที่รับเงินแล้วสะสม	2025-06-27	27.06.2025 เงินเข้าแล้ว / เบอร์กลาง 054-430919 / ประสานงานทางไลน์	AR2505-057	2	6701-01
iv_1f563d68	IV2505-060	INS021-PL		2025-05-22	3780000	paid						29402024	บ้านหก ม.4 ต.บุญเรือง อ.เชียงของ จ.เชียงราย (6801-01)	00733	เทศบาลตำบลบุญเรือง	2025-05-22	KTB	Innovatech	5.โครงการที่รับเงินแล้วสะสม	2025-06-18	18.06.2025 เงินเข้าแล้ว	AR2505-061	2	6801-01
iv_9bf21ca8	IV2505-059	INS039-PSL		2025-05-22	1800000	paid						6502025	ม.9 ต.วังเย็น อ.แปลงยาว จ.ฉะเชิงเทรา (6801-01)	00873	เทศบาลตำบลวังเย็น	2025-05-22	KTB	Innovatech	5.โครงการที่รับเงินแล้วสะสม	2025-07-11	11.07.2025 เงินเข้าแล้ว / คุณช้าง 082-7120515 / คุณมยุรี 086-5700254	AR2505-060	1	6801-01
iv_27b69180	IV2505-058	AW130-PL		2025-05-22	5400000	paid						24902024	บ้านนาจำปา ม.8 ต.นาจำปา อ.ดอนจาน จ.กาฬสินธุ์ (6801-01)	00818	องค์การบริหารส่วนตำบลนาจำปา	2025-05-22	KTB	WTP	5.โครงการที่รับเงินแล้วสะสม	2025-06-25	25.06.2025 เงินเข้าแล้ว / คุณพรพิมล 092-9300887	AR2505-059	3	6801-01
iv_6c1b29fb	IV2505-057	INS013-PL		2025-05-21	5382196.24	paid						22302024	ม.4 ต.บ้านถ้ำ อ.ดอกคำใต้ จ.พะเยา (6801-01)	00811	เทศบาลตำบลบ้านถ้ำ	2025-05-21	KTB	Innovatech	5.โครงการที่รับเงินแล้วสะสม	2025-06-11	11.06.2025 เงินเข้าแล้ว / คุณสุปรียา 087-8302275	AR2505-058	3	6801-01
iv_9752f82c	IV2505-055	INS020-PL		2025-05-19	3240000	paid						23702024	บ้านต่อแพ ม.1 ต.แม่เงา อ.ขุนยวม จ.แม่ฮ่องสอน (6801-01)	00815	องค์การบริหารส่วนตำบลแม่เงา	2025-05-19	KTB	Innovatech	5.โครงการที่รับเงินแล้วสะสม	2025-06-27	27.06.2025 รับเช็คแล้ว รอเงินเข้า / คุณนุ่น 080-0066214 (เช็คกรุงไทย) / พุธ	AR2505-051	2	6801-01
iv_b1bb4e4d	IV2505-051	AW144-PLS		2025-05-13	5400000	paid						1902025	บ้านดงมัน ม.4 ต.คำนาดี อ.โพนทอง จ.ร้อยเอ็ด (6707-03)	00851	องค์การบริหารส่วนตำบลคำนาดี	2025-05-13	LIT	WTP	5.โครงการที่รับเงินแล้วสะสม	2025-06-25	25.06.2025 เงินเข้าแล้ว / ปลัด 084-934-9619 / ธุรการ 063-9389706	AR2505-048	3	6707-03
iv_984f56e3	IV2505-050	AW145-PLS		2025-05-13	5400000	paid						1802025	บ้านปากช่อง ม.8 ต.คำนาดี อ.โพนทอง จ.ร้อยเอ็ด (6707-03)	00851	องค์การบริหารส่วนตำบลคำนาดี	2025-05-13	LIT	WTP	5.โครงการที่รับเงินแล้วสะสม	2025-06-25	25.06.2025 เงินเข้าแล้ว / ปลัด 084-934-9619 / ธุรการ 063-9389706	AR2505-049	3	6707-03
iv_b998d3f6	IV2505-049	AW146-PLS		2025-05-13	5400000	paid						1702025	บ้านบึงงาม ม.10 ต.คำนาดี อ.โพนทอง จ.ร้อยเอ็ด (6707-03)	00851	องค์การบริหารส่วนตำบลคำนาดี	2025-05-13	LIT	WTP	5.โครงการที่รับเงินแล้วสะสม	2025-06-25	25.06.2025 เงินเข้าแล้ว / ปลัด 084-934-9619 / ธุรการ 063-9389706	AR2505-050	3	6707-03
iv_7a6e0d3c	IV2505-048	AW124-PL		2025-05-16	3762500	paid						24102024	บ้านปงคอบ ม.9 ต.วิเชตนคร อ.แจ้ห่ม จ.ลำปาง (6801-01)	00824	องค์การบริหารส่วนตำบลวิเชตนคร	2025-05-16	KTB	EN connect	5.โครงการที่รับเงินแล้วสะสม	2025-06-30	30.06.2025 เงินเข้าแล้ว / คุณอนัญญา 083-5946466 / พุธ	AR2505-039	2	6801-01
iv_815974f5	IV2505-047	TTI046-PDH		2025-05-16	1300000	paid						2302025	บ้านแกเปะ (ร.ร.แกเปะราษฎร์นิยม) ม.8 ต.เชียงเครือ อ.เมืองกาฬสินธุ์ จ.กาฬสินธุ์ (6707-03)	00763	เทศบาลตำบลเชียงเครือ	2025-05-16	WTP	WTP	5.โครงการที่รับเงินแล้วสะสม	2025-09-17	17.09.2025 เงินเข้าแล้ว / คุณปภาดา 0964218621	AR2505-040	100	6707-03
iv_7b24c61b	IV2505-046	TTI045-PDH		2025-05-16	1300000	paid						2202025	บ้านเหล่าค้อ (วัดเทพคีรี) ม.4 ต.เชียงเครือ อ.เมืองกาฬสินธุ์ จ.กาฬสินธุ์ (6707-03)	00763	เทศบาลตำบลเชียงเครือ	2025-05-16	WTP	WTP	5.โครงการที่รับเงินแล้วสะสม	2025-09-17	17.09.2025 เงินเข้าแล้ว / คุณปภาดา 0964218621	AR2505-041	100	6707-03
iv_fd0a76ea	IV2505-045	TTI044-PDH		2025-05-16	1300000	paid						2402025	บ้านเชียงเครือ (รร.เชียงเครือวิทยาคม) ม.1 ต.เชียงเครือ อ.เมืองกาฬสินธุ์ จ.กาฬสินธุ์ (6707-03)	00763	เทศบาลตำบลเชียงเครือ	2025-05-16	WTP	WTP	5.โครงการที่รับเงินแล้วสะสม	2025-09-02	02.09.2025 เงินเข้าแล้ว / คุณปภาดา 0964218621	AR2505-042	100	6707-03
iv_91760af7	IV2505-044	ENC103-PDH		2025-05-16	1300000	paid						3202025	บ้านบุหวาย ม.12 ต.วังหิน อ.โนนแดง จ.นครราชสีมา (6801-01)	00856	เทศบาลตำบลวังหิน	2025-05-16	WTP	EN connect	5.โครงการที่รับเงินแล้วสะสม	2025-06-12	12.06.2025 เงินเข้าแล้ว / คุณสุดใจ 086-8718809	AR2505-043	3	6801-01
iv_0cd209cc	IV2505-043	ENC102-PDH		2025-05-16	1300000	paid						3102025	บ้านดอนยาวน้อย ม.6 ต.วังหิน อ.โนนแดง จ.นครราชสีมา (6801-01)	00856	เทศบาลตำบลวังหิน	2025-05-16	WTP	EN connect	5.โครงการที่รับเงินแล้วสะสม	2025-06-12	12.06.2025 เงินเข้าแล้ว / คุณสุดใจ 086-8718809	AR2505-083	3	6801-01
iv_adb3b199	IV2505-042	ENC101-PDH		2025-05-16	1300000	paid						3002025	บ้านหนองขี้เหล็ก ม.4 ต.วังหิน อ.โนนแดง จ.นครราชสีมา (6801-01)	00856	เทศบาลตำบลวังหิน	2025-05-16	WTP	EN connect	5.โครงการที่รับเงินแล้วสะสม	2025-06-12	12.06.2025 เงินเข้าแล้ว / คุณสุดใจ 086-8718809	AR2505-045	3	6801-01
iv_a85221c3	IV2505-041	ENC100-PDH		2025-05-16	1300000	paid						2902025	บ้านหนองบัว ม.2 ต.วังหิน อ.โนนแดง จ.นครราชสีมา (6801-01)	00856	เทศบาลตำบลวังหิน	2025-05-16	WTP	EN connect	5.โครงการที่รับเงินแล้วสะสม	2025-06-12	12.06.2025 เงินเข้าแล้ว / คุณสุดใจ 086-8718809	AR2505-046	3	6801-01
iv_9fbfd348	IV2505-040	AW089-PL		2025-05-16	3229317.74	paid						15502024	ม.3 ต.เกษตรสุวรรณ อ.บ่อทอง จ.ชลบุรี (6707-03)	00794	องค์การบริหารส่วนตำบลเกษตรสุวรรณ	2025-05-16	STS	ภาคตะวันออก	5.โครงการที่รับเงินแล้วสะสม	2025-06-27	27.06.2025 เงินเข้าแล้ว / คุณตุ๊กตา 092-3566690	AR2505-047	2	6707-03
iv_3ba6f28b	IV2505-034	STR042-PM		2025-05-26	3400000	paid						25102024	บ้านเกาะโสภี ม.7 ต.หนองนางนวล อ.หนองฉาง จ.อุทัยธานี (6801-01)	00817	องค์การบริหารส่วนตำบลหนองนางนวล	2025-05-26	KTB	STR	5.โครงการที่รับเงินแล้วสะสม	2025-07-17	17.07.2025 เงินเข้าแล้ว / คุณนิ 096-0784506	AR2505-085	2	6801-01
iv_2f52f96d	IV2505-033	AW132-PL		2025-05-26	5400000	paid						25202024	บ้านห้วยไผ่ขุย ม.9 ต.หนองนางนวล อ.หนองฉาง จ.อุทัยธานี (6801-01)	00817	องค์การบริหารส่วนตำบลหนองนางนวล	2025-05-26	KTB	STR	5.โครงการที่รับเงินแล้วสะสม	2025-07-17	17.07.2025 เงินเข้าแล้ว / คุณนิ 096-0784506	AR2505-086	3	6801-01
iv_37471c98	IV2505-032	AW131-PL		2025-05-26	5400000	paid						25002024	บ้านหนองมะกอก ม.3 ต.หนองนางนวล อ.หนองฉาง จ.อุทัยธานี (6801-01)	00817	องค์การบริหารส่วนตำบลหนองนางนวล	2025-05-26	KTB	STR	5.โครงการที่รับเงินแล้วสะสม	2025-07-17	17.07.2025 เงินเข้าแล้ว / คุณนิ 096-0784506	AR2505-087	3	6801-01
iv_60cf50f5	IV2505-031	ENC099-PL		2025-05-14	5400000	paid						1302025	บ้านสันป่าพลวง ม.10 ต.ยางหล่อ อ.ศรีบุญเรือง จ.หนองบัวลำภู (6707-03)	00850	เทศบาลตำบลยางหล่อ	2025-05-14	คุณประกอบ	EN connect	5.โครงการที่รับเงินแล้วสะสม	2025-07-11	11.07.2025 เงินเข้าแล้ว / คุณจอย พัสดุ 099-6268533 (โทรไม่ติด))	AR2505-032	3	6707-03
iv_7eddddfe	IV2505-030	ENC098-PL		2025-05-14	5400000	paid						1102025	บ้านโนนม่วงน้อย ม.8 ต.ยางหล่อ อ.ศรีบุญเรือง จ.หนองบัวลำภู (6707-03)	00850	เทศบาลตำบลยางหล่อ	2025-05-14	คุณประกอบ	EN connect	5.โครงการที่รับเงินแล้วสะสม	2025-07-11	11.07.2025 เงินเข้าแล้ว / คุณจอย พัสดุ 099-6268533 (โทรไม่ติด)	AR2505-033	3	6707-03
iv_8403b091	IV2505-029	ENC096-PL		2025-05-14	5400000	paid						1002025	บ้านดอนเล้า ม.1 ต.ยางหล่อ อ.ศรีบุญเรือง จ.หนองบัวลำภู (6707-03)	00850	เทศบาลตำบลยางหล่อ	2025-05-14	คุณประกอบ	EN connect	5.โครงการที่รับเงินแล้วสะสม	2025-07-11	11.07.2025 เงินเข้าแล้ว / คุณจอย พัสดุ 099-6268533 (โทรไม่ติด)	AR2505-034	3	6707-03
iv_1bd7e391	IV2505-028	ENC104-PL		2025-05-14	2160000	paid						3302025	บ้านป่าปอ ม.8 ต.ด่านม่วงคำ อ.โคกศรีสุพรรณ จ.สกลนคร (6801-01)	00857	องค์การบริหารส่วนตำบลด่านม่วงคำ	2025-05-14	WTP	EN connect	5.โครงการที่รับเงินแล้วสะสม	2025-07-17	17.07.2025 เงินเข้าแล้ว / คุณจารุวรรณ 088-5503650	AR2505-035	1	6801-01
iv_6ec41352	IV2505-027	INS029-PL		2025-05-14	2160000	paid						2702025	บ้านเขาสะท้อนบน ม.10 ต.หนองไม้แก่น อ.แปลงยาว จ.ฉะเชิงเทรา (6801-01)	00855	องค์การบริหารส่วนตำบลหนองไม้แก่น	2025-05-14	STS	Innovatech	5.โครงการที่รับเงินแล้วสะสม	2025-06-27	27.06.2025 เงินเข้าแล้ว / คุณเบนซ์ 098-7695318	AR2505-025	1	6801-01
iv_8e25d154	IV2505-026	AW118-PL		2025-05-14	5400000	paid						22402024	บ้านห้วยทรายขาว ม.3 ต.ทุ่งหลวง อ.ละแม จ.ชุมพร (6707-03)	00810	องค์การบริหารส่วนตำบลทุ่งหลวง	2025-05-14	KTB	Pinpoint	5.โครงการที่รับเงินแล้วสะสม	2025-06-11	11.06.2025 เงินเข้าแล้ว / คุณสุภาพร 089-0142314	AR2505-024	3	6707-03
iv_8a4918e9	IV2505-025	ENC054-PL		2025-05-15	3240000	paid						28602024	บ้านวังสวย ม.5 ต.จำปาโมง อ.บ้านผือ จ.อุดรธานี  (6801-01)	00771	องค์การบริหารส่วนตำบลจำปาโมง	2025-05-15	KTB	EN connect	5.โครงการที่รับเงินแล้วสะสม	2025-05-30	30.05.2025 เงินเข้าแล่ว / คุณสุชาดา 082-1946929	AR2505-026	2	6801-01
iv_a34146ab	IV2505-024	PP044-PDH		2025-05-06	1100000	paid						2102025	บ้านด่าน ม.1 ต.กะเปอร์ อ.กะเปอร์ จ.ระนอง (6801-01)	00405	องค์การบริหารส่วนตำบลกะเปอร์	2025-05-06	LIT	Pinpoint	5.โครงการที่รับเงินแล้วสะสม	2025-06-10	10.06.2025 เงินเข้าแล้ว / คุณปาล์ม 093-6534045	AR2505-018	3	6801-01
iv_35d85fa8	IV2505-022	INS027-PD		2025-05-08	1100000	paid						1502025	บ้านสันผักแค ม.5 ต.ม่วงคำ อ.พาน จ.เชียงราย (6801-01)	00848	องค์การบริหารส่วนตำบลม่วงคำ	2025-05-08	LIT	Innovatech	5.โครงการที่รับเงินแล้วสะสม	2025-06-19	19.06.2025 เงินเข้าแล้ว / คุณเชอร์รี่ 085-7198563	AR2505-019	3	6801-01
iv_030112d6	IV2505-021	INS026-PD		2025-05-08	1100000	paid						1402025	บ้านม่วงคำ ม.1 ต.ม่วงคำ อ.พาน จ.เชียงราย (6801-01)	00848	องค์การบริหารส่วนตำบลม่วงคำ	2025-05-08	LIT	Innovatech	5.โครงการที่รับเงินแล้วสะสม	2025-06-19	19.06.2025 เงินเข้าแล้ว / คุณเชอร์รี่ 085-7198563	AR2505-020	3	6801-01
iv_16a9d679	IV2505-020	INS028-PD		2025-05-08	1100000	paid						1602025	บ้านสันน้ำบ่อ ม.6 ต.ม่วงคำ อ.พาน จ.เชียงราย (6801-01)	00848	องค์การบริหารส่วนตำบลม่วงคำ	2025-05-08	LIT	Innovatech	5.โครงการที่รับเงินแล้วสะสม	2025-06-19	19.06.2025 เงินเข้าแล้ว / คุณเชอร์รี่ 085-7198563	AR2505-021	3	6801-01
iv_0c5180df	IV2505-012	ENC088-PL		2025-05-07	2160000	paid						33302024	บ้านสายทอง ม.12 ต.หลุ่งตะเคียน อ.ห้วยแถลง จ.นครราชสีมา (6801-01)	00839	องค์การบริหารส่วนตำบลหลุ่งตะเคียน	2025-05-07	STS	EN connect	5.โครงการที่รับเงินแล้วสะสม	2025-07-31	31.07.2025 เงินเข้าแล้ว / คุณชุติมา 095-6211190	AR2505-008	1	6801-01
iv_1d34c2db	IV2505-009	PP027-PL		2025-05-07	3240000	paid						9202024	บ้านราษฎร์นิคม ม.1 ต.สามขา อ.กุฉินารายณ์ จ.กาฬสินธุ์ (6701-01)	00206	องค์การบริหารส่วนตำบลสามขา	2025-05-07	KTB	Pinpoint	5.โครงการที่รับเงินแล้วสะสม	2025-07-23	23.07.2025 เงินเข้าแล้ว / คุณอ้อน 093-3814379	AR2505-009	2	6701-01
iv_5bd0acbe	IV2505-008	AW125-PL		2025-05-02	3240000	paid						24602024	บ้านหนองน้ำใส ม.7 ต.ทุ่งหลวง อ.ปากท่อ จ.ราชบุรี (6801-01)	00709	เทศบาลตำบลทุ่งหลวง	2025-05-02	KTB	STR	5.โครงการที่รับเงินแล้วสะสม	2025-05-16	16.05.2025 เงินเข้าแล้ว	AR2505-007	2	6801-01
iv_d30002b9	IV2505-007			2025-05-06	6490000	paid						847			เทศบาลตำบลนาสีทอง	2025-05-06	LIT	Pinpoint	5.โครงการที่รับเงินแล้วสะสม	2025-06-04	04.06.2025 เงินเข้าแล้ว / คุณทราย	AR2505-005	3	
iv_4f1efb7a	IV2505-005	INS012-PL		2025-05-06	5398000	paid						21602024	บ้านผามูบ ม.7 ต.แม่พูล อ.ลับแล จ.อุตรดิตถ์ (6701-01)	00808	องค์การบริหารส่วนตำบลแม่พูล	2025-05-06	STS	Innovatech	5.โครงการที่รับเงินแล้วสะสม	2025-06-06	06.06.2025 เงินเข้าแล้ว / คุณตอง 065-9623696	AR2505-006	3	6701-01
iv_97d45ca8	IV2505-003	ENC095-PL		2025-05-02	2160000	paid						402025	บ้านโนน ม.1 ต.โนน อ.โนนนารายณ์ จ.สุรินทร์ (6801-01)	00844	องค์การบริหารส่วนตำบลโนน	2025-05-02	LIT	EN connect	5.โครงการที่รับเงินแล้วสะสม	2025-07-14	14.07.2025 เงินเข้าแล้ว / พัสดุ 080-0045313	AR2505-003	1	6801-01
iv_511436f1	IV2504-091	AW124-PL		2025-04-28	1612500	paid						24102024	บ้านปงคอบ ม.9 ต.วิเชตนคร อ.แจ้ห่ม จ.ลำปาง (6801-01)	00824	องค์การบริหารส่วนตำบลวิเชตนคร	2025-04-28	KTB	EN connect	5.โครงการที่รับเงินแล้วสะสม	2025-06-19	19.06.2025 เงินเข้าแล้ว / คุณอนัญญา 083-5946466	AR2504-094	1	6801-01
iv_f4e0e399	IV2504-090	ENC053-PL		2025-04-10	2122796.82	paid						27702024	บ้านโพธิ์ณรงค์ ม.8 ต.แหลมทอง อ.หนองบุญมาก จ.นครราชสีมา (6801-01)	00826	เทศบาลตำบลแหลมทอง	2025-04-10	KTB	EN connect	5.โครงการที่รับเงินแล้วสะสม	2025-06-13	13.06.2025 เงินเข้าแล้ว / คุณแหม่ม 081-2824814	AR2504-095	1	6801-01
iv_a097a085	IV2504-088	ENC062-PL		2025-04-30	2160000	paid						30102024	บ้านโพนทอง ม.9 ต.ทรายขาว อ.วังสะพุง จ.เลย (6801-01)	00834	องค์การบริหารส่วนตำบลทรายขาว	2025-04-30	KTB	EN connect	5.โครงการที่รับเงินแล้วสะสม	2025-06-26	26.06.2025 เงินเข้าแล้ว / คุณนรพนธ์ 063-7166635	AR2504-087	1	6801-01
iv_621b8687	IV2504-087	AW121-PL		2025-04-29	3240000	paid						24002024	บ้านข่า ม.2 ต.บ้านข่า อ.ศรีสงคราม จ.นครพนม (6801-01)	00056	เทศบาลตำบลบ้านข่า	2025-04-29	KTB	EN connect	5.โครงการที่รับเงินแล้วสะสม	2025-05-23	23.05.2025 เงินเข้าแล้ว / คุณชลทิชา 0908540974	AR2504-088	2	6801-01
iv_870ea1e0	IV2504-069	PP038-PDH		2025-04-23	1100000	paid						202025	บ้านดอนรัก ม.2 ต.ทุ่งกง อ.กาญจนดิษฐ์ จ.สุราษฎร์ธานี (6801-01)	00846	องค์การบริหารส่วนตำบลทุ่งกง	2025-04-23	LIT	Pinpoint	5.โครงการที่รับเงินแล้วสะสม	2025-05-29	29.05.2025 เงินเข้าแล้ว / คุณบี 098-6702730	AR2504-053	3	6801-01
iv_181c2d28	IV2504-068	AW110-PL		2025-04-23	3240000	paid						20402024	บ้านบางหลุด ม.13 ต.คลองชะอุ่น อ.พนม จ.สุราษฎร์ธานี (6707-03)	00749	เทศบาลตำบลคลองชะอุ่น	2025-04-23	STS	Pinpoint	5.โครงการที่รับเงินแล้วสะสม	2025-05-27	27.05.2025 เงินเข้าแล้ว / คุณสุรีรัตน์ 086-2828128	AR2504-054	2	6707-03
iv_b6011965	IV2504-067	AW095-PLS		2025-04-23	5400000	paid						17502024	บ้านราษฎร์สำราญ ม.8 ต.โคกสมบูรณ์ อ.กมลาไสย จ.กาฬสินธุ์ (6707-03)	00613	องค์การบริหารส่วนตำบลโคกสมบูรณ์	2025-04-23	STS	WTP	5.โครงการที่รับเงินแล้วสะสม	2025-06-27	27.06.2025 เงินเข้าแล้ว / คุณพรพรรณ 089-2338340	AR2504-055	3	6707-03
iv_621450d1	IV2504-066	AW096-PLS		2025-04-23	5400000	paid						17602024	บ้านนามล ม.2 ต.โคกสมบูรณ์ อ.กมลาไสย จ.กาฬสินธุ์ (6707-03)	00613	องค์การบริหารส่วนตำบลโคกสมบูรณ์	2025-04-23	STS	WTP	5.โครงการที่รับเงินแล้วสะสม	2025-06-27	27.06.2025 เงินเข้าแล้ว / คุณพรพรรณ 089-2338340	AR2504-056	3	6707-03
iv_e97c19c8	IV2504-065	INS020-PL		2025-04-21	2142196.24	paid						23702024	บ้านต่อแพ ม.1 ต.แม่เงา อ.ขุนยวม จ.แม่ฮ่องสอน (6801-01)	00815	องค์การบริหารส่วนตำบลแม่เงา	2025-04-21	KTB	Innovatech	5.โครงการที่รับเงินแล้วสะสม	2025-06-27	27.06.2025 รับเช็คแล้ว รอเงินเข้า / คุณนุ่น 080-0066214 (เช็คกรุงไทย) / พุธ	AR2504-057	1	6801-01
iv_8e5df695	IV2504-064	ENC091-PD		2025-04-21	1100000	paid						33702024	บ้านสันปูเลย ม.2 ต.ศรีเตี้ย อ.บ้านโฮ่ง จ.ลำพูน (6801-01)	00841	เทศบาลตำบลศรีเตี้ย	2025-04-21	LIT	EN connect	5.โครงการที่รับเงินแล้วสะสม	2025-05-07	07.05.2025 เงินเข้าแล้ว	AR2504-058	3	6801-01
iv_c95a803b	IV2504-063	ENC093-PD		2025-04-21	1100000	paid						33502024	บ้านศรีลาภรณ์ ม.7 ต.ศรีเตี้ย อ.บ้านโฮ่ง จ.ลำพูน (6801-01)	00841	เทศบาลตำบลศรีเตี้ย	2025-04-21	LIT	EN connect	5.โครงการที่รับเงินแล้วสะสม	2025-05-07	07.05.2025 เงินเข้าแล้ว	AR2504-059	3	6801-01
iv_19fa1898	IV2504-062	ENC092-PD		2025-04-21	1100000	paid						33602024	บ้านหนองสะลิง ม.4 ต.ศรีเตี้ย อ.บ้านโฮ่ง จ.ลำพูน (6801-01)	00841	เทศบาลตำบลศรีเตี้ย	2025-04-21	LIT	EN connect	5.โครงการที่รับเงินแล้วสะสม	2025-05-07	07.05.2025 เงินเข้าแล้ว	AR2504-060	3	6801-01
iv_680b25d3	IV2504-061	ENC094-PD		2025-04-21	1100000	paid						33402024	บ้านดงมะปินหวาน ม.8 ต.ศรีเตี้ย อ.บ้านโฮ่ง จ.ลำพูน (6801-01)	00841	เทศบาลตำบลศรีเตี้ย	2025-04-21	LIT	EN connect	5.โครงการที่รับเงินแล้วสะสม	2025-05-07	07.05.2025 เงินเข้าแล้ว	AR2504-061	3	6801-01
iv_87ed4d71	IV2504-060	ENC090-PD		2025-04-21	1100000	paid						33902024	บ้านหล่ายแก้ว ม.1 ต.ศรีเตี้ย อ.บ้านโฮ่ง จ.ลำพูน (6801-01)	00841	เทศบาลตำบลศรีเตี้ย	2025-04-21	LIT	EN connect	5.โครงการที่รับเงินแล้วสะสม	2025-05-07	07.05.2025 เงินเข้าแล้ว	AR2504-062	3	6801-01
iv_7fb59147	IV2504-059	AW129-PL		2025-04-11	3234192.52	paid						25302024	บ้านโป่งสะท้อน ม.6 ต.ชำฆ้อ อ.เขาชะเมา จ.ระยอง (6801-01)	00391	เทศบาลตำบลชำฆ้อ	2025-04-11	STS	ภาคตะวันออก	5.โครงการที่รับเงินแล้วสะสม	2025-05-08	08.05.2025 เงินเข้าแล้ว / รุ่งฟ้า 080-5663725	AR2504-063	2	6801-01
iv_fb4259c3	IV2504-058	AW128-PL		2025-04-11	3234192.51	paid						25402024	บ้านศรีประชา ม.1 ต.ชำฆ้อ อ.เขาชะเมา จ.ระยอง (6801-01)	00391	เทศบาลตำบลชำฆ้อ	2025-04-11	STS	ภาคตะวันออก	5.โครงการที่รับเงินแล้วสะสม	2025-05-08	08.05.2025 เงินเข้าแล้ว / รุ่งฟ้า 080-5663725	AR2504-064	2	6801-01
iv_d0a9a463	IV2504-057	INS025-PDH		2025-04-11	1100000	paid						302025	บ้านหนองโสน ม.2 ต.เสม็ดใต้ อ.บางคล้า จ.ฉะเชิงเทรา (6801-01)	00344	องค์การบริหารส่วนตำบลเสม็ดใต้	2025-04-11	LIT	Innovatech	5.โครงการที่รับเงินแล้วสะสม	2025-05-29	29.05.2025 เงินเข้าแล้ว	AR2504-065	3	6801-01
iv_d5944e2b	IV2504-056	INS024-PL		2025-04-10	1602196.24	paid						32502024	บ้านสุมข้าม ม.4 ต.นาขุม อ.บ้านโคก จ.อุตรดิตถ์ (6801-01)	00718	องค์การบริหารส่วนตำบลนาขุม	2025-04-10	WTP	Innovatech	5.โครงการที่รับเงินแล้วสะสม	2025-05-27	27.05.2025 เงินเข้าแล้ว / คุณน้ำฝน 087-8518426	AR2504-067	1	6801-01
iv_90dfe4be	IV2504-055	ENC087-PD		2025-04-10	1100000	paid						33002024	บ้านทะเล ม.4 ต.เสมา อ.สูงเนิน จ.นครราชสีมา (6801-01)	00648	องค์การบริหารส่วนตำบลเสมา	2025-04-10	WTP	EN connect	5.โครงการที่รับเงินแล้วสะสม	2025-05-29	29.05.2025 เงินเข้าแล้ว / ไม่รับสาย คุณโอ๋ 0809435226 / เบอร์กลางไม่รับสาย 044-009759	AR2504-068	3	6801-01
iv_b9e5543f	IV2504-054	AW089-PL		2025-04-04	2152878.5	paid						15502024	ม.3 ต.เกษตรสุวรรณ อ.บ่อทอง จ.ชลบุรี (6707-03)	00794	องค์การบริหารส่วนตำบลเกษตรสุวรรณ	2025-04-04	STS	ภาคตะวันออก	5.โครงการที่รับเงินแล้วสะสม	2025-05-23	27.05.2025 เงินเข้าแล้ว / ไม่รับสาย ผอ.กองช่าง 088-2988741	AR2504-066	1	6707-03
iv_b626d4b1	IV2504-046	ENC052-PL		2025-04-10	2138596.42	paid						27902024	บ้านโคกลุงกราด ม.7 ต.แหลมทอง อ.หนองบุญมาก จ.นครราชสีมา (6801-01)	00826	เทศบาลตำบลแหลมทอง	2025-04-10	KTB	EN connect	5.โครงการที่รับเงินแล้วสะสม	2025-06-13	13.06.2025 เงินเข้าแล้ว / คุณแหม่ม 081-2824814	AR2504-048	1	6801-01
iv_f56c2b95	IV2504-045	ENC051-PL		2025-04-10	2138596.42	paid						27802024	บ้านหนองลูกควาย ม.5 ต.แหลมทอง อ.หนองบุญมาก จ.นครราชสีมา (6801-01)	00826	เทศบาลตำบลแหลมทอง	2025-04-10	KTB	EN connect	5.โครงการที่รับเงินแล้วสะสม	2025-06-13	13.06.2025 เงินเข้าแล้ว / คุณแหม่ม 081-2824814	AR2504-049	1	6801-01
iv_c362dc51	IV2504-044	ENC085-PL		2025-04-11	3240000	paid						32202024	บ้านภูมิขนุน ม.8 ต.ดม อ.สังขะ จ.สุรินทร์ (6714-01)	00836	ที่ทำการปกครองอำเภอสังขะ	2025-04-11	FUNDING	EN connect	5.โครงการที่รับเงินแล้วสะสม	2025-06-06	06.06.2025 เงินเข้าแล้ว / คุณแจ๊บ 0889810293	AR2504-046	2	6714-01
iv_4e39f192	IV2504-043	ENC084-PL		2025-04-11	3240000	paid						32302024	บ้านภูมิโปน ม.5 ต.ดม อ.สังขะ จ.สุรินทร์ (6714-01)	00836	ที่ทำการปกครองอำเภอสังขะ	2025-04-11	FUNDING	EN connect	5.โครงการที่รับเงินแล้วสะสม	2025-06-06	06.06.2025 เงินเข้าแล้ว / คุณแจ๊บ 0889810293	AR2504-047	2	6714-01
iv_dc4e3e11	IV2504-039	PP034-PM		2025-04-08	4489000	paid						23002024	บ้านลำสินธุ์เหนือ ม.3 ต.ลำสินธุ์ อ.ศรีนครินทร์ จ.พัทลุง (6707-03)	00813	เทศบาลตำบลลำสินธุ์	2025-04-08	KTB	Pinpoint	5.โครงการที่รับเงินแล้วสะสม	2025-05-15	15.05.2025 เงินเข้าแล้ว	AR2504-040	3	6707-03
iv_f0fc5458	IV2504-038	ENC083-PL		2025-04-09	3240000	paid						32402024	บ้านก้านเหลือง ม.4 ต.ระเวียง อ.โนนนารายณ์ จ.สุรินทร์ (6714-01)	00835	ที่ทำการปกครองอำเภอโนนนารายณ์	2025-04-09	KTB	EN connect	5.โครงการที่รับเงินแล้วสะสม	2025-05-07	07.05.2025 เงินเข้าแล้ว / คุณนุช 088-9814587	AR2504-008	2	6714-01
iv_a8778924	IV2504-037	TTI003-PL		2025-04-08	3120000	paid						4402024	บ้านคลอง 19 ม.9 ต.หมอนทอง อ.บางน้ำเปรี้ยว จ.ฉะเชิงเทรา (6701-01)	00740	องค์การบริหารส่วนตำบลหมอนทอง	2025-04-08	WTP	ภาคตะวันออก	5.โครงการที่รับเงินแล้วสะสม	2025-05-08	08.05.2025 เงินเข้าแล้ว / ผอ.คลัง 089-9842781	AR2504-009	2	6701-01
iv_a2c1394d	IV2504-036	ENC082-PDH		2025-04-08	1273000	paid						30802024	บ้านโนนเจดีย์พัฒนา ม.19 ต.บัลลังก์ อ.โนนไทย จ.นครราชสีมา (6801-01)	00832	เทศบาลตำบลบัลลังก์	2025-04-08	LIT	EN connect	5.โครงการที่รับเงินแล้วสะสม	2025-04-28	28.04.2025 เงินเข้าแล้ว	AR2504-010	3	6801-01
iv_ee797866	IV2504-035	ENC081-PDH		2025-04-08	1273000	paid						30402024	บ้านคูเมืองใหม่ ม.18 ต.บัลลังก์ อ.โนนไทย จ.นครราชสีมา (6801-01)	00832	เทศบาลตำบลบัลลังก์	2025-04-08	LIT	EN connect	5.โครงการที่รับเงินแล้วสะสม	2025-04-28	28.04.2025 เงินเข้าแล้ว	AR2504-011	3	6801-01
iv_7a106d76	IV2504-034	ENC080-PDH		2025-04-08	1273000	paid						30902024	บ้านทำนบพัฒนา ม.17 ต.บัลลังก์ อ.โนนไทย จ.นครราชสีมา (6801-01)	00832	เทศบาลตำบลบัลลังก์	2025-04-08	LIT	EN connect	5.โครงการที่รับเงินแล้วสะสม	2025-04-28	28.04.2025 เงินเข้าแล้ว	AR2504-012	3	6801-01
iv_3cee5c77	IV2504-033	ENC079-PDH		2025-04-08	1273000	paid						30202024	บ้านโนนทองพัฒนา ม.16 ต.บัลลังก์ อ.โนนไทย จ.นครราชสีมา (6801-01)	00832	เทศบาลตำบลบัลลังก์	2025-04-08	LIT	EN connect	5.โครงการที่รับเงินแล้วสะสม	2025-04-28	28.04.2025 เงินเข้าแล้ว	AR2504-013	3	6801-01
iv_7fd96ce8	IV2504-032	ENC078-PDH		2025-04-08	1273000	paid						32102024	บ้านสระตะเฆ่หิน ม.15 ต.บัลลังก์ อ.โนนไทย จ.นครราชสีมา (6801-01)	00832	เทศบาลตำบลบัลลังก์	2025-04-08	LIT	EN connect	5.โครงการที่รับเงินแล้วสะสม	2025-04-28	28.04.2025 เงินเข้าแล้ว	AR2504-014	3	6801-01
iv_d5866e4e	IV2504-031	ENC077-PDH		2025-04-08	1273000	paid						31902024	บ้านสระขุด ม.14 ต.บัลลังก์ อ.โนนไทย จ.นครราชสีมา  (6801-01)	00832	เทศบาลตำบลบัลลังก์	2025-04-08	LIT	EN connect	5.โครงการที่รับเงินแล้วสะสม	2025-04-28	28.04.2025 เงินเข้าแล้ว	AR2504-015	3	6801-01
iv_d7a2f172	IV2504-030	ENC076-PDH		2025-04-08	1273000	paid						32002024	บ้านโกรกหอย ม.13 ต.บัลลังก์ อ.โนนไทย จ.นครราชสีมา (6801-01)	00832	เทศบาลตำบลบัลลังก์	2025-04-08	LIT	EN connect	5.โครงการที่รับเงินแล้วสะสม	2025-04-28	28.04.2025 เงินเข้าแล้ว	AR2504-016	3	6801-01
iv_e92c7411	IV2504-029	ENC075-PDH		2025-04-08	1273000	paid						31002024	บ้านเมืองเก่า ม.12 ต.บัลลังก์ อ.โนนไทย จ.นครราชสีมา (6801-01)	00832	เทศบาลตำบลบัลลังก์	2025-04-08	LIT	EN connect	5.โครงการที่รับเงินแล้วสะสม	2025-04-28	28.04.2025 เงินเข้าแล้ว	AR2504-017	3	6801-01
iv_f3af8d36	IV2504-028	ENC074-PDH		2025-04-08	1273000	paid						30502024	โรงเรียนบ้านบัลลังก์สะอาด ม.11 ต.บัลลังก์ อ.โนนไทย จ.นครราชสีมา (6801-01)	00832	เทศบาลตำบลบัลลังก์	2025-04-08	LIT	EN connect	5.โครงการที่รับเงินแล้วสะสม	2025-04-28	28.04.2025 เงินเข้าแล้ว	AR2504-018	3	6801-01
iv_ffcd4c51	IV2504-027	ENC073-PDH		2025-04-08	1273000	paid						31102024	บ้านบัลลังก์ ม.11 ต.บัลลังก์ อ.โนนไทย จ.นครราชสีมา (6801-01)	00832	เทศบาลตำบลบัลลังก์	2025-04-08	LIT	EN connect	5.โครงการที่รับเงินแล้วสะสม	2025-04-28	28.04.2025 เงินเข้าแล้ว	AR2504-019	3	6801-01
iv_f115842a	IV2504-026	ENC072-PDH		2025-04-08	1273000	paid						31202024	บ้านโพธิ์ตาสี ม.10 ต.บัลลังก์ อ.โนนไทย จ.นครราชสีมา (6801-01)	00832	เทศบาลตำบลบัลลังก์	2025-04-08	LIT	EN connect	5.โครงการที่รับเงินแล้วสะสม	2025-04-28	28.04.2025 เงินเข้าแล้ว	AR2504-020	3	6801-01
iv_21df1581	IV2504-025	ENC071-PDH		2025-04-08	1273000	paid						31302024	บ้านหนองแจง ม.9 ต.บัลลังก์ อ.โนนไทย จ.นครราชสีมา (6801-01)	00832	เทศบาลตำบลบัลลังก์	2025-04-08	LIT	EN connect	5.โครงการที่รับเงินแล้วสะสม	2025-04-28	28.04.2025 เงินเข้าแล้ว	AR2504-021	3	6801-01
iv_7b1c6ddd	IV2504-024	ENC070-PDH		2025-04-08	1273000	paid						30302024	บ้านสระตะเฆ่ ม.8 ต.บัลลังก์ อ.โนนไทย จ.นครราชสีมา (6801-01)	00832	เทศบาลตำบลบัลลังก์	2025-04-08	LIT	EN connect	5.โครงการที่รับเงินแล้วสะสม	2025-04-28	28.04.2025 เงินเข้าแล้ว	AR2504-022	3	6801-01
iv_75f7f90c	IV2504-023	ENC069-PDH		2025-04-08	1273000	paid						31802024	บ้านดอนยาว ม.7 ต.บัลลังก์ อ.โนนไทย จ.นครราชสีมา (6801-01)	00832	เทศบาลตำบลบัลลังก์	2025-04-08	LIT	EN connect	5.โครงการที่รับเงินแล้วสะสม	2025-04-28	28.04.2025 เงินเข้าแล้ว	AR2504-023	3	6801-01
iv_f8325d68	IV2504-022	ENC068-PDH		2025-04-08	1273000	paid						30702024	บ้านกระดาน ม.6 ต.บัลลังก์ อ.โนนไทย จ.นครราชสีมา (6801-01)	00832	เทศบาลตำบลบัลลังก์	2025-04-08	LIT	EN connect	5.โครงการที่รับเงินแล้วสะสม	2025-04-28	28.04.2025 เงินเข้าแล้ว	AR2504-024	3	6801-01
iv_c2063901	IV2504-021	ENC067-PDH		2025-04-08	1273000	paid						30602024	บ้านน้อย ม.5 ต.บัลลังก์ อ.โนนไทย จ.นครราชสีมา (6801-01)	00832	เทศบาลตำบลบัลลังก์	2025-04-08	LIT	EN connect	5.โครงการที่รับเงินแล้วสะสม	2025-04-28	28.04.2025 เงินเข้าแล้ว	AR2504-025	3	6801-01
iv_6e787ff8	IV2504-020	ENC066-PDH		2025-04-08	1273000	paid						31402024	บ้านกุดเวียน ม.4 ต.บัลลังก์ อ.โนนไทย จ.นครราชสีมา (6801-01)	00832	เทศบาลตำบลบัลลังก์	2025-04-08	LIT	EN connect	5.โครงการที่รับเงินแล้วสะสม	2025-04-28	28.04.2025 เงินเข้าแล้ว	AR2504-026	3	6801-01
iv_a14e29bb	IV2504-019	ENC065-PDH		2025-04-08	1273000	paid						31502024	บ้านคูเมือง ม.3 ต.บัลลังก์ อ.โนนไทย จ.นครราชสีมา (6801-01)	00832	เทศบาลตำบลบัลลังก์	2025-04-08	LIT	EN connect	5.โครงการที่รับเงินแล้วสะสม	2025-04-28	28.04.2025 เงินเข้าแล้ว	AR2504-027	3	6801-01
iv_e41cdabc	IV2504-018	ENC064-PDH		2025-04-08	1273000	paid						31602024	บ้านหนองแวง ม.2 ต.บัลลังก์ อ.โนนไทย จ.นครราชสีมา (6801-01)	00832	เทศบาลตำบลบัลลังก์	2025-04-08	LIT	EN connect	5.โครงการที่รับเงินแล้วสะสม	2025-04-28	28.04.2025 เงินเข้าแล้ว	AR2504-028	3	6801-01
iv_cccee3bb	IV2504-017	ENC063-PDH		2025-04-08	1273000	paid						31702024	บ้านโนนเจดีย์ ม.1 ต.บัลลังก์ อ.โนนไทย จ.นครราชสีมา (6801-01)	00832	เทศบาลตำบลบัลลังก์	2025-04-08	LIT	EN connect	5.โครงการที่รับเงินแล้วสะสม	2025-04-28	28.04.2025 เงินเข้าแล้ว	AR2504-029	3	6801-01
iv_a47ecb2b	IV2504-016	PP046-PL		2025-04-04	2080000	paid						3602025	ม.4 ต.ท่างิ้ว อ.ห้วยยอด จ.ตรัง (6801-01)	00484	เทศบาลตำบลท่างิ้ว	2025-04-04	WTP	Pinpoint	5.โครงการที่รับเงินแล้วสะสม	2025-04-24	24.04.2025 เงินเข้าแล้ว	AR2504-030	1	6801-01
iv_69fbba5b	IV2504-015	ENC060-PL		2025-04-04	5400000	paid						29702024	บ้านนาทับควาย ม.8 ต.หนองบัวใต้  อ.ศรีบุญเรือง จ.หนองบัวลำภู (6707-03)	00079	องค์การบริหารส่วนตำบลหนองบัวใต้	2025-04-04	KTB	EN connect	5.โครงการที่รับเงินแล้วสะสม	2025-05-28	28.05.2025 เงินเข้าแล้ว / ผอ.คลัง 091-8689797	AR2504-031	3	6707-03
iv_626f95b9	IV2504-014	ENC059-PL		2025-04-04	5400000	paid						29902024	บ้านบุ่งแก้ว ม.5 ต.หนองบัวใต้ อ.ศรีบุญเรือง จ.หนองบัวลำภู (6707-03)	00079	องค์การบริหารส่วนตำบลหนองบัวใต้	2025-04-04	KTB	EN connect	5.โครงการที่รับเงินแล้วสะสม	2025-05-28	28.05.2025 เงินเข้าแล้ว / ผอ.คลัง 091-8689797	AR2504-032	3	6707-03
iv_01f17b7f	IV2504-013	ENC058-PL		2025-04-04	5400000	paid						30002024	บ้านหนองบัวใต้ ม.1 ต.หนองบัวใต้ อ.ศรีบุญเรือง จ.หนองบัวลำภู (6707-03)	00079	องค์การบริหารส่วนตำบลหนองบัวใต้	2025-04-04	KTB	EN connect	5.โครงการที่รับเงินแล้วสะสม	2025-05-28	28.05.2025 เงินเข้าแล้ว / ผอ.คลัง 091-8689797	AR2504-033	3	6707-03
iv_a81ef861	IV2504-012	ENC084-PL		2025-04-03	2160000	paid						32302024	บ้านภูมิโปน ม.5 ต.ดม อ.สังขะ จ.สุรินทร์ (6714-01)	00836	ที่ทำการปกครองอำเภอสังขะ	2025-04-03	FUNDING	EN connect	5.โครงการที่รับเงินแล้วสะสม	2025-06-06	06.06.2025 เงินเข้าแล้ว / คุณแจ๊บ 0889810293	AR2504-034	1	6714-01
iv_3a2f3f6b	IV2504-011	ENC085-PL		2025-04-03	2160000	paid						32202024	บ้านภูมิขนุน ม.8 ต.ดม อ.สังขะ จ.สุรินทร์ (6714-01)	00836	ที่ทำการปกครองอำเภอสังขะ	2025-04-03	FUNDING	EN connect	5.โครงการที่รับเงินแล้วสะสม	2025-06-06	06.06.2025 เงินเข้าแล้ว / คุณแจ๊บ 0889810293	AR2504-035	1	6714-01
iv_e6701b17	IV2504-010	AW127-PL		2025-04-18	2142196.24	paid						24502024	บ้านไร่น้อย ม.8 ต.น้ำอ่าง อ.ตรอน จ.อุตรดิตถ์ (6801-01)	00467	องค์การบริหารส่วนตำบลน้ำอ่าง	2025-04-18	KTB	Innovatech	5.โครงการที่รับเงินแล้วสะสม	2025-05-19	19.05.2025 เงินเข้าแล้ว / คุณเอก 093-9619428	AR2504-091	1	6801-01
iv_34950221	IV2504-009	AW126-PL		2025-04-01	2142196.24	paid						24702024	บ้านเขาพระเอก ม.8 ต.ทุ่งหลวง อ.ปากท่อ จ.ราชบุรี  (6801-01)	00709	เทศบาลตำบลทุ่งหลวง	2025-04-01	KTB	STR	5.โครงการที่รับเงินแล้วสะสม	2025-04-22	22.04.2025 เงินเข้าแล้ว / 080-4422441	AR2504-037	1	6801-01
iv_ca675f53	IV2504-008	INS021-PL		2025-04-01	1620000	paid						29402024	บ้านหก ม.4 ต.บุญเรือง อ.เชียงของ จ.เชียงราย (6801-01)	00733	เทศบาลตำบลบุญเรือง	2025-04-01	KTB	Innovatech	5.โครงการที่รับเงินแล้วสะสม	2025-04-29	29.04.2025 เงินเข้าแล้ว / 0850380224 คุณลิ้นจี่	AR2504-038	1	6801-01
iv_c6a8b13a	IV2504-007	ENC054-PL		2025-04-02	2160000	paid						28602024	บ้านวังสวย ม.5 ต.จำปาโมง อ.บ้านผือ จ.อุดรธานี  (6801-01)	00771	องค์การบริหารส่วนตำบลจำปาโมง	2025-04-02	KTB	EN connect	5.โครงการที่รับเงินแล้วสะสม	2025-05-08	08.05.2025 เงินเข้าแล้ว / คุณสุชาดา 082-1946929	AR2504-036	1	6801-01
iv_ce8d9fb0	IV2503-085	TTI034-PDH		2025-03-28	1100000	paid						28902024	บ้านโคกโก่ง ม.5 ต.กุดหว้า อ.กุฉินารายณ์ จ.กาฬสินธุ์ (6801-01)	00822	องค์การบริหารส่วนตำบลนาไคร้	2025-03-28	LIT	ภาคตะวันออก	5.โครงการที่รับเงินแล้วสะสม	2025-06-06	06.06.2025 เงินเข้าแล้ว / คุณหยก 081-2607536 / คุณศิรินทิพย์ 0985848562	AR2503-092	3	6801-01
iv_c7332d99	IV2503-083	INS007-PM		2025-03-31	1302196.24	paid						8102024	บ้านค่าไพบูลย์ ม.2 ต.ปง อ.ปง จ.พะเยา (6701-01)	00768	เทศบาลตำบลแม่ยม	2025-03-31	KTB	Innovatech	5.โครงการที่รับเงินแล้วสะสม	2025-05-22	22.05.2025 เงินเข้าแล้ว / คุณผ่องพรรณ 081-7646109	AR2503-090	1	6701-01
iv_a9edb95f	IV2503-082	AW134-PL		2025-03-28	3240000	paid						26802024	ม.8 ต.นนทรี อ.กบินทร์บุรี จ.ปราจีนบุรี (6707-03)	00827	องค์การบริหารส่วนตำบลนนทรี	2025-03-28	WTP	ภาคตะวันออก	5.โครงการที่รับเงินแล้วสะสม	2025-07-01	01.07.2025 เงินเข้าแล้ว / พัสดุ 094-8198789	AR2503-077	2	6707-03
iv_47aaa73d	IV2503-081	AW135-PL		2025-03-28	3240000	paid						26702024	ม.9 ต.นนทรี อ.กบินทร์บุรี จ.ปราจีนบุรี (6707-03)	00827	องค์การบริหารส่วนตำบลนนทรี	2025-03-28	WTP	ภาคตะวันออก	5.โครงการที่รับเงินแล้วสะสม	2025-07-01	01.07.2025 เงินเข้าแล้ว / พัสดุ 094-8198789	AR2503-078	2	6707-03
iv_515d8661	IV2503-080	AW137-PL		2025-03-28	3240000	paid						26502024	ม.12 ต.นนทรี อ.กบินทร์บุรี จ.ปราจีนบุรี (6707-03)	00827	องค์การบริหารส่วนตำบลนนทรี	2025-03-28	FUNDING	ภาคตะวันออก	5.โครงการที่รับเงินแล้วสะสม	2025-06-26	26.06.2025 เงินเข้าแล้ว / พัสดุ 094-8198789	AR2503-079	2	6707-03
iv_4c8a3fec	IV2503-079	ENC057-PL		2025-03-28	3238800	paid						27102024	บ้านแสงสว่าง ม.5 ต.พิมาน อ.นาแก จ.นครพนม (6801-01)	00607	องค์การบริหารส่วนตำบลพิมาน	2025-03-28	KTB	EN connect	5.โครงการที่รับเงินแล้วสะสม	2025-05-02	02.05.2025 เงินเข้าแล้ว  / คุณนก เบอร์ 091-0414600	AR2503-080	2	6801-01
iv_fe85c11b	IV2503-078	AW142-PL		2025-03-28	5400000	paid						29302024	บ้านหัวงัว ม.8 ต.ยางตลาด อ.ยางตลาด จ.กาฬสินธุ์ (6801-01)	00821	องค์การบริหารส่วนตำบลยางตลาด	2025-03-28	WTP	WTP	5.โครงการที่รับเงินแล้วสะสม	2025-05-29	29.05.2025 เงินเข้าแล้ว / คุณอาม 082-1080760	AR2503-081	3	6801-01
iv_cfa21e16	IV2503-077	ENC034-PL		2025-03-31	5400000	paid						9302024	บ้านโคกใหญ่ ม.1 ต.โคกใหญ่ อ.ท่าลี่ จ.เลย (6701-01)	00776	องค์การบริหารส่วนตำบลโคกใหญ่	2025-03-31	KTB	EN connect	5.โครงการที่รับเงินแล้วสะสม	2025-05-14	14.05.2025 เงินเข้าแล้ว / คุณอัญชลี 080-3322868	AR2503-076	3	6701-01
iv_a27f282d	IV2503-076	STR044-PDH		2025-03-28	1300000	paid						26902024	ม.8 ต.นนทรี อ.กบินทร์บุรี จ.ปราจีนบุรี (6707-03)	00827	องค์การบริหารส่วนตำบลนนทรี	2025-03-28	STS	ภาคตะวันออก	5.โครงการที่รับเงินแล้วสะสม	2025-07-08	08.07.2025 เงินเข้าแล้ว / พัสดุ 094-8198789	AR2503-082	3	6707-03
iv_91086022	IV2503-075	STR045-PDH		2025-03-28	1300000	paid						27002024	ม.9 ต.นนทรี อ.กบินทร์บุรี จ.ปราจีนบุรี (6707-03)	00827	องค์การบริหารส่วนตำบลนนทรี	2025-03-28	STS	ภาคตะวันออก	5.โครงการที่รับเงินแล้วสะสม	2025-06-27	27.06.2025 เงินเข้าแล้ว / พัสดุ 094-8198789	AR2503-083	3	6707-03
iv_a689baa6	IV2503-074	ENC056-PDH		2025-03-26	1273305.31	paid						28102024	บ้านห้างฉัตรใต้ ม.1 ต.ห้างฉัตร อ.ห้างฉัตร จ.ลำปาง (6801-01)	00829	เทศบาลตำบลห้างฉัตร	2025-03-26	KTB	EN connect	5.โครงการที่รับเงินแล้วสะสม	2025-04-29	29.04.2025 เงินเข้าแล้ว / คุณเน 082-2384413	AR2503-085	3	6801-01
iv_ce13558a	IV2503-073	TTI031-PDH		2025-03-26	1300000	paid						26102024	บ้านสร้างแก้ว ม.3 ต.หนองแวง อ.สมเด็จ จ.กาฬสินธุ์ (6707-03)	00199	องค์การบริหารส่วนตำบลหนองแวง	2025-03-26	KTB	WTP	5.โครงการที่รับเงินแล้วสะสม	2025-05-16	16.05.2025 เงินเข้าแล้ว / คุณสุภา 086-2208938	AR2503-086	3	6707-03
iv_bd26027f	IV2503-072	TTI032-PDH		2025-03-26	1300000	paid						25902024	บ้านโนนชาด ม.8 ต.หนองแวง อ.สมเด็จ จ.กาฬสินธุ์ (6707-03)	00199	องค์การบริหารส่วนตำบลหนองแวง	2025-03-26	KTB	WTP	5.โครงการที่รับเงินแล้วสะสม	2025-05-16	16.05.2025 เงินเข้าแล้ว / คุณสุภา 086-2208938	AR2503-087	3	6707-03
iv_bc299512	IV2503-071	TTI033-PDH		2025-03-26	1300000	paid						26002024	บ้านพรสวรรค์ ม.10 ต.หนองแวง อ.สมเด็จ จ.กาฬสินธุ์ (6707-03)	00199	องค์การบริหารส่วนตำบลหนองแวง	2025-03-26	KTB	WTP	5.โครงการที่รับเงินแล้วสะสม	2025-05-16	16.05.2025 เงินเข้าแล้ว / คุณสุภา 086-2208938	AR2503-088	3	6707-03
iv_f868350b	IV2503-068	TTI039-PL		2025-03-24	2160000	paid						29502024	บ้านทุ่งวิจิตร ม.10 ต.สะพานหิน อ.นาดี จ.ปราจีนบุรี (6801-01)	00124	องค์การบริหารส่วนตำบลสะพานหิน	2025-03-24	KTB	STR	5.โครงการที่รับเงินแล้วสะสม	2025-04-30	30.04.2025 เงินเข้าแล้ว  / คุณวรรณ 095-6645136	AR2503-071	1	6801-01
iv_1c4f85cb	IV2503-067	PP027-PL		2025-03-25	2160000	paid						9202024	บ้านราษฎร์นิคม ม.1 ต.สามขา อ.กุฉินารายณ์ จ.กาฬสินธุ์ (6701-01)	00206	องค์การบริหารส่วนตำบลสามขา	2025-03-25	KTB	Pinpoint	5.โครงการที่รับเงินแล้วสะสม	2025-06-17	17.06.2025 เงินเข้าแล้ว / คุณอ้อน 093-3814379	AR2503-070	1	6701-01
iv_c01871c9	IV2503-066			2025-03-07	135000	paid						1782025	SV-855-PL-บ้านเวียงกาหลง ม.15 ต.เวียงกาหลง อ.เวียงป่าเป้า จ.เชียงราย  (SV-6801-01)	00248	เทศบาลตำบลเวียงกาหลง	2025-03-07	WTP	Innovatech	5.โครงการที่รับเงินแล้วสะสม	2025-03-26	26.03.2025 เงินเข้าแล้ว	AR2503-073		SV-6801-01
iv_81c1737b	IV2503-065	ENC083-PL		2025-03-19	2160000	paid						32402024	บ้านก้านเหลือง ม.4 ต.ระเวียง อ.โนนนารายณ์ จ.สุรินทร์ (6714-01)	00835	ที่ทำการปกครองอำเภอโนนนารายณ์	2025-03-19	KTB	EN connect	5.โครงการที่รับเงินแล้วสะสม	2025-05-07	07.05.2025 เงินเข้าแล้ว / คุณนุช 088-9814587	AR2503-072	1	6714-01
iv_fe68c56b	IV2503-062	AW120-PL		2025-03-20	3240000	paid						23502024	บ้านดอนข้าวหลาม ม.9 ต.น้ำก่ำ อ.ธาตุพนม จ.นครพนม (6801-01)	00679	เทศบาลตำบลน้ำก่ำ	2025-03-20	KTB	WTP	5.โครงการที่รับเงินแล้วสะสม	2025-04-22	22.04.2025 เงินเข้าแล้ว / คุณกนกอร 065-4092839	AR2503-062	2	6801-01
iv_c5fa5b26	IV2503-061	AW119-PL		2025-03-21	3240000	paid						23602024	บ้านแก่งโพธิ์ ม.2 ต.น้ำก่ำ อ.ธาตุพนม จ.นครพนม (6801-01)	00679	เทศบาลตำบลน้ำก่ำ	2025-03-21	KTB	WTP	5.โครงการที่รับเงินแล้วสะสม	2025-04-22	22.04.2025 เงินเข้าแล้ว / คุณกนกอร 065-4092839	AR2503-059	2	6801-01
iv_e80d80dc	IV2503-060	ENC049-PDH		2025-03-21	1300000	paid						23902024	บ้านทิดไทย ม.10 ต.ไร่ อ.พรรณานิคม จ.สกลนคร (6707-03)	00618	เทศบาลตำบลไร่	2025-03-21	KTB	EN connect	5.โครงการที่รับเงินแล้วสะสม	2025-04-11	02.05.2025 เงินเข้าแล้ว / กองคลัง 094-3562654	AR2503-060	3	6707-03
iv_f54a4998	IV2503-059	ENC048-PDH		2025-03-21	1300000	paid						23802024	บ้านกุดก้อม ม.7 ต.ไร่ อ.พรรณานิคม จ.สกลนคร (6707-03)	00618	เทศบาลตำบลไร่	2025-03-21	KTB	EN connect	5.โครงการที่รับเงินแล้วสะสม	2025-04-11	02.05.2025 เงินเข้าแล้ว / กองคลัง 094-3562654	AR2503-061	3	6707-03
iv_1ab7a05c	IV2503-053	AW121-PL		2025-03-17	2160000	paid						24002024	บ้านข่า ม.2 ต.บ้านข่า อ.ศรีสงคราม จ.นครพนม (6801-01)	00056	เทศบาลตำบลบ้านข่า	2025-03-17	KTB	WTP	5.โครงการที่รับเงินแล้วสะสม	2025-04-08	08.04.2025 เงินเข้าแล้ว	AR2503-050	1	6801-01
iv_16601495	IV2503-052	ENC055-PL		2025-03-13	2160000	paid						28002024	บ้านห้างฉัตรใต้ ม.1 ต.ห้างฉัตร อ.ห้างฉัตร จ.ลำปาง (6801-01)	00829	เทศบาลตำบลห้างฉัตร	2025-03-13	KTB	EN connect	5.โครงการที่รับเงินแล้วสะสม	2025-04-25	25.04.2025 จังหวัดโอนเงินแล้ว รอเงินเข้า / คุณเน 082-2384413	AR2503-049	1	6801-01
iv_2c7fc08c	IV2503-051	INS014-PDH		2025-03-13	1286580.16	paid						22702024	โรงเรียนบ้านศรีประชา ม.1 ต.ชำฆ้อ อ.เขาชะเมา จ.ระยอง (6707-03)	00391	เทศบาลตำบลชำฆ้อ	2025-03-13	KTB	Innovatech	5.โครงการที่รับเงินแล้วสะสม	2025-04-18	18.04.2025 เงินเข้าแล้ว / รุ่งฟ้า 080-5663725	AR2503-051	3	6707-03
iv_39c1cf55	IV2503-050	INS016-PDH		2025-03-13	1286580.16	paid						22602024	โรงเรียนชำฆ้อพิทยาคม ต.ชำฆ้อ อ.เขาชะเมา จ.ระยอง (6707-03)	00391	เทศบาลตำบลชำฆ้อ	2025-03-13	KTB	Innovatech	5.โครงการที่รับเงินแล้วสะสม	2025-04-18	18.04.2025 เงินเข้าแล้ว / รุ่งฟ้า 080-5663725	AR2503-052	3	6707-03
iv_aa84a59e	IV2503-049	INS015-PDH		2025-03-13	1286580.16	paid						22502024	โรงเรียนบ้านชำฆ้อ ม.3 ต.ชำฆ้อ อ.เขาชะเมา จ.ระยอง (6707-03)	00391	เทศบาลตำบลชำฆ้อ	2025-03-13	KTB	Innovatech	5.โครงการที่รับเงินแล้วสะสม	2025-04-18	18.04.2025 เงินเข้าแล้ว / รุ่งฟ้า 080-5663725	AR2503-053	3	6707-03
iv_7c018be7	IV2503-046	STR038-PDH		2025-03-13	1299000	paid						22002024	บ้านสามพอก ม.11 ต.บางแตน อ.บ้านสร้าง จ.ปราจีนบุรี (6707-03)	00809	องค์การบริหารส่วนตำบลบางแตน	2025-03-13	KTB	ภาคตะวันออก	5.โครงการที่รับเงินแล้วสะสม	2025-04-25	25.04.2025 เงินเข้าแล้ว / คุณหนึ่ง พัสดุ 092-0205619	AR2503-041	3	6707-03
iv_c109cf86	IV2503-045	STR037-PDH		2025-03-13	1299000	paid						22202024	บ้านปากตำหรุ ม.6 ต.บางแตน อ.บ้านสร้าง จ.ปราจีนบุรี (6707-03)	00809	องค์การบริหารส่วนตำบลบางแตน	2025-03-13	KTB	ภาคตะวันออก	5.โครงการที่รับเงินแล้วสะสม	2025-04-25	25.04.2025 เงินเข้าแล้ว / คุณหนึ่ง พัสดุ 092-0205619	AR2503-042	3	6707-03
iv_5c9c2b7c	IV2503-044	STR036-PDH		2025-03-13	1299000	paid						22102024	บ้านปลายคลอง ม.5 ต.บางแตน อ.บ้านสร้าง จ.ปราจีนบุรี (6707-03)	00809	องค์การบริหารส่วนตำบลบางแตน	2025-03-13	KTB	ภาคตะวันออก	5.โครงการที่รับเงินแล้วสะสม	2025-04-25	25.04.2025 เงินเข้าแล้ว / คุณหนึ่ง พัสดุ 092-0205619	AR2503-043	3	6707-03
iv_8b232f95	IV2503-043	AW117		2025-03-17	3089400	paid						21702024	ST II S-บ้านเกาะลอย ม.7 ต.บางแตน อ.บ้านสร้าง จ.ปราจีนบุรี (6707-03)	00809	องค์การบริหารส่วนตำบลบางแตน	2025-03-13	KTB	ภาคตะวันออก	5.โครงการที่รับเงินแล้วสะสม	2025-04-25	25.04.2025 เงินเข้าแล้ว / คุณหนึ่ง พัสดุ 092-0205619	AR2503-089	2	6707-03
iv_b7fa08f2	IV2503-042	AW116		2025-03-13	3089400	paid						21802024	ST II S-บ้านปลายคลอง ม.5 ต.บางแตน อ.บ้านสร้าง จ.ปราจีนบุรี (6707-03)	00809	องค์การบริหารส่วนตำบลบางแตน	2025-03-13	KTB	ภาคตะวันออก	5.โครงการที่รับเงินแล้วสะสม	2025-04-25	25.04.2025 เงินเข้าแล้ว / คุณหนึ่ง พัสดุ 092-0205619	AR2503-045	2	6707-03
iv_0312480e	IV2503-041	AW115		2025-03-13	3089400	paid						21902024	ST II S-บ้านใหม่ ม.1 ต.บางแตน อ.บ้านสร้าง จ.ปราจีนบุรี (6707-03)	00809	องค์การบริหารส่วนตำบลบางแตน	2025-03-13	KTB	ภาคตะวันออก	5.โครงการที่รับเงินแล้วสะสม	2025-04-25	25.04.2025 เงินเข้าแล้ว / คุณหนึ่ง พัสดุ 092-0205619	AR2503-046	2	6707-03
iv_133ba4d2	IV2503-040	AW119-PL		2025-03-06	2160000	paid						23602024	บ้านแก่งโพธิ์ ม.2 ต.น้ำก่ำ อ.ธาตุพนม จ.นครพนม (6801-01)	00679	เทศบาลตำบลน้ำก่ำ	2025-03-06	KTB	EN connect	5.โครงการที่รับเงินแล้วสะสม	2025-03-31	31.03.2025 เงินเข้าแล้ว / คุณกาน 065-6697072	AR2503-035	1	6801-01
iv_9c2a2a1b	IV2503-039	AW120-PL		2025-03-06	2160000	paid						23502024	บ้านดอนข้าวหลาม ม.9 ต.น้ำก่ำ อ.ธาตุพนม จ.นครพนม (6801-01)	00679	เทศบาลตำบลน้ำก่ำ	2025-03-06	KTB	EN connect	5.โครงการที่รับเงินแล้วสะสม	2025-03-31	31.03.2025 เงินเข้าแล้ว / คุณกาน 065-6697072	AR2503-036	1	6801-01
iv_7f433e9c	IV2503-038	AW125-PL		2025-03-11	2160000	paid						24602024	บ้านหนองน้ำใส ม.7 ต.ทุ่งหลวง อ.ปากท่อ จ.ราชบุรี (6801-01)	00709	เทศบาลตำบลทุ่งหลวง	2025-03-11	KTB	STR	5.โครงการที่รับเงินแล้วสะสม	2025-04-24	24.04.2025 เงินเข้าแล้ว / คุณเตย 092-3979515	AR2503-037	1	6801-01
iv_1af3db0f	IV2503-037	STR041-PSL		2025-03-11	1800000	paid						24802024	บ้านทุ่งหลวง ม.2 ต.ทุ่งหลวง อ.ปากท่อ จ.ราชบุรี (6801-01)	00709	เทศบาลตำบลทุ่งหลวง	2025-03-11	KTB	STR	5.โครงการที่รับเงินแล้วสะสม	2025-04-24	24.04.2025 เงินเข้าแล้ว / คุณเตย 092-3979515	AR2503-048	1	6801-01
iv_bd64ed1e	IV2503-036	ENC023-PL		2025-03-11	3240000	paid						7002024	แก่งปลาปก ม.5 ต.ชมเจริญ อ.ปากชม จ.เลย (6701-01)	00761	องค์การบริหารส่วนตำบลชมเจริญ	2025-03-11	KTB	EN connect	5.โครงการที่รับเงินแล้วสะสม	2025-05-20	20.05.2025 เงินเข้าแล้ว / คุณอมร 084-7428010	AR2503-038	2	6701-01
iv_4be4cd53	IV2503-035	ENC026-PL		2025-03-12	5386416.25	paid						7802024	บ้านเมี่ยง ม.5,8,9 ต.หนองผือ อ.ท่าลี่ จ.เลย (6701-01)	00766	องค์การบริหารส่วนตำบลหนองผือ	2025-03-12	KTB	EN connect	5.โครงการที่รับเงินแล้วสะสม	2025-05-20	20.05.2025 เงินเข้าแล้ว / คุณบุษราคัม 081-8736136	AR2503-039	3	6701-01
iv_ca3769b3	IV2503-034	PP033-PDH		2025-03-06	1300000	paid						21502024	บ้านนายาว-ดอนสร้อยทอง ม.3 ต.น้ำพุ อ.บ้านนาสาร จ.สุราษฎร์ธานี (6707-03)	00726	องค์การบริหารส่วนตำบลน้ำพุ	2025-03-06	KTB	Pinpoint	5.โครงการที่รับเงินแล้วสะสม	2025-05-27	27.05.2025 เงินเข้าแล้ว / คุณโบว์ 089-7233932	AR2503-033	3	6707-03
iv_ee800c45	IV2503-033	ENC050-PL		2025-03-28	5400000	paid						25802024	บ้านไทรงาม ม.5 ต.ไทรงาม อ.ไทรงาม จ.กำแพงเพชร (6713-01)	00828	ที่ว่าการอำเภอไทรงาม	2025-03-06	KTB	EN connect	5.โครงการที่รับเงินแล้วสะสม	2025-05-16	16.05.2025 เงินเข้าแล้ว / คุณป็อป 088-9816349	AR2503-084	3	6713-01
iv_16e3bed0	IV2503-032	AW111-PL		2025-03-05	3240000	paid						21302024	ม.4 ต.พรุพี อ.บ้านนาสาร จ.สุราษฎร์ธานี (6707-03)	00807	เทศบาลตำบลพรุพี	2025-03-05	STS	Pinpoint	5.โครงการที่รับเงินแล้วสะสม	2025-03-27	27.03.2025 เงินเข้าแล้ว	AR2503-032	2	6707-03
iv_0ef30f62	IV2503-016	TTI037-PL		2025-03-06	2160000	paid						28302024	ตลาดกลางสินค้าเกษตรสระแก้ว ม.1 ต.ศาลาลำดวน อ.เมืองสระแก้ว จ.สระแก้ว (6801-01)	00830	เทศบาลตำบลศาลาลำดวน	2025-03-06	STS	ภาคตะวันออก	5.โครงการที่รับเงินแล้วสะสม	2025-03-21	21.03.2025 เงินเข้าแล้ว	AR2503-015	1	6801-01
iv_42f350e9	IV2503-015	TTI038-PL		2025-03-06	2160000	paid						28202024	โรงเรียนบ้านศาลาลำดวน ม.2 ต.ศาลาลำดวน อ.เมืองสระแก้ว จ.สระแก้ว (6801-01)	00830	เทศบาลตำบลศาลาลำดวน	2025-03-06	STS	ภาคตะวันออก	5.โครงการที่รับเงินแล้วสะสม	2025-03-21	21.03.2025 เงินเข้าแล้ว	AR2503-016	1	6801-01
iv_4c414f46	IV2503-010	TTI029-PDH		2025-03-05	1300000	paid						20802024	บ้านเหล่ากลาง (ประปาใหม่หมู่บ้าน) ม.11 ต.เชียงเครือ อ.เมืองกาฬสินธุ์ จ.กาฬสินธุ์ (6707-03)	00763	เทศบาลตำบลเชียงเครือ	2025-03-05	WTP	WTP	5.โครงการที่รับเงินแล้วสะสม	2025-09-02	02.09.2025 เงินเข้าแล้ว / คุณปภาดา 0964218621	AR2503-006	100	6707-03
iv_38b7131b	IV2503-009	TTI026-PDH		2025-03-05	1300000	paid						21102024	บ้านเหล่าค้อ (ร.ร.เหล่าค้อ) ม.4 ต.เชียงเครือ อ.เมืองกาฬสินธุ์ จ.กาฬสินธุ์ (6707-03)	00763	เทศบาลตำบลเชียงเครือ	2025-03-05	WTP	WTP	5.โครงการที่รับเงินแล้วสะสม	2025-09-02	30.09.2025 เงินเข้าแล้ว / คุณปภาดา 0964218621	AR2503-007	100	6707-03
iv_98f644c6	IV2503-008	TTI025-PDH		2025-03-05	1300000	paid						21002024	บ้านเชียงเครือ (ศพด.วัดชูเถาวัลย์) ม.1 ต.เชียงเครือ อ.เมืองกาฬสินธุ์ จ.กาฬสินธุ์ (6707-03)	00763	เทศบาลตำบลเชียงเครือ	2025-03-05	WTP	WTP	5.โครงการที่รับเงินแล้วสะสม	2025-09-02	02.09.2025 เงินเข้าแล้ว / คุณปภาดา 0964218621	AR2503-008	100	6707-03
iv_83640c67	IV2503-007	TTI027-PDH		2025-03-05	1300000	paid						20902024	บ้านแกเปะ (ศพด.วัดโพธิ์ศรีสะอาด) ม.5 ต.เชียงเครือ อ.เมืองกาฬสินธุ์ จ.กาฬสินธุ์ (6707-03)	00763	เทศบาลตำบลเชียงเครือ	2025-03-05	WTP	WTP	5.โครงการที่รับเงินแล้วสะสม	2025-09-02	02.09.2025 เงินเข้าแล้ว / คุณปภาดา 0964218621	AR2503-009	100	6707-03
iv_c5468601	IV2503-006	TTI028-PDH		2025-03-05	1300000	paid						20702024	บ้านแกเปะ (ประปาหมู่บ้าน) ม.10 ต.เชียงเครือ อ.เมืองกาฬสินธุ์ จ.กาฬสินธุ์ (6707-03)	00763	เทศบาลตำบลเชียงเครือ	2025-03-05	WTP	WTP	5.โครงการที่รับเงินแล้วสะสม	2025-09-02	02.09.2025 เงินเข้าแล้ว / คุณปภาดา 0964218621	AR2503-010	100	6707-03
iv_9689f417	IV2503-005	AW112-PL		2025-03-04	5400000	paid						21402024	บ้านดอนงูเหลือม ม.7 ต.หนองแค อ.ราษีไศล จ.ศรีสะเกษ (6707-03)	00806	องค์การบริหารส่วนตำบลหนองแค	2025-03-04	STS	WTP	5.โครงการที่รับเงินแล้วสะสม	2025-06-06	06.06.2025 เงินเข้าแล้ว	AR2503-002	3	6707-03
iv_82849478	IV2503-004	INS017-PDH		2025-03-04	1100000	paid						23202024	บ้านนาท่อ ม.1 ต.ไชยสถาน อ.เมืองน่าน จ.น่าน (6801-01)	00163	องค์การบริหารส่วนตำบลไชยสถาน	2025-03-04	KTB	Innovatech	5.โครงการที่รับเงินแล้วสะสม	2025-04-02	02.04.2025 เงินเข้าแล้ว / คุณกบ 063-5944698	AR2503-003	3	6801-01
iv_b9983b49	IV2503-003	INS018-PDH		2025-03-04	1100000	paid						23302024	บ้านไชยสถาน ม.2 ต.ไชยสถาน อ.เมืองน่าน จ.น่าน (6801-01)	00163	องค์การบริหารส่วนตำบลไชยสถาน	2025-03-04	KTB	Innovatech	5.โครงการที่รับเงินแล้วสะสม	2025-04-02	02.04.2025 เงินเข้าแล้ว / คุณกบ 063-5944698	AR2503-004	3	6801-01
iv_83dcdd2b	IV2503-002	INS019-PDH		2025-03-04	1100000	paid						23402024	บ้านศรีเกิด ม.3 ต.ไชยสถาน อ.เมืองน่าน จ.น่าน (6801-01)	00163	องค์การบริหารส่วนตำบลไชยสถาน	2025-03-04	KTB	Innovatech	5.โครงการที่รับเงินแล้วสะสม	2025-04-02	02.04.2025 เงินเข้าแล้ว / คุณกบ 063-5944698	AR2503-005	3	6801-01
iv_7a12d13f	IV2502-133	AW109-PLS		2025-02-28	5400000	paid						20502024	บ้านหนองแห้ว,บ้านหนองแคเจริญสุข ม.3,17 ต.ดูกอึ่ง อ.หนองฮี จ.ร้อยเอ็ด (6707-03)	00805	องค์การบริหารส่วนตำบลดูกอึ่ง	2025-02-28	STS	WTP	5.โครงการที่รับเงินแล้วสะสม	2025-03-26	26.03.2025 เงินเข้าแล้ว / WTP	AR2502-133	3	6707-03
iv_e4818c44	IV2502-132	AW128-PL		2025-02-24	2156128.34	paid						25402024	บ้านศรีประชา ม.1 ต.ชำฆ้อ อ.เขาชะเมา จ.ระยอง (6801-01)	00391	เทศบาลตำบลชำฆ้อ	2025-02-24	STS	ภาคตะวันออก	5.โครงการที่รับเงินแล้วสะสม	2025-04-11	11.04.2025 เงินเข้าแล้ว / รุ่งฟ้า 080-5663725	AR2502-128	1	6801-01
iv_4d35ee27	IV2502-131	AW129-PL		2025-02-24	2156128.34	paid						25302024	บ้านโป่งสะท้อน ม.6 ต.ชำฆ้อ อ.เขาชะเมา จ.ระยอง (6801-01)	00391	เทศบาลตำบลชำฆ้อ	2025-02-24	STS	ภาคตะวันออก	5.โครงการที่รับเงินแล้วสะสม	2025-04-11	11.04.2025 เงินเข้าแล้ว / รุ่งฟ้า 080-5663725	AR2502-129	1	6801-01
iv_10fe4e40	IV2502-130	AW100-PL		2025-02-24	5390320.85	paid						18502024	ม.2 ต.ชำฆ้อ อ.เขาชะเมา จ.ระยอง (6707-03)	00391	เทศบาลตำบลชำฆ้อ	2025-02-24	STS	ภาคตะวันออก	5.โครงการที่รับเงินแล้วสะสม	2025-03-27	27.03.2025 เงินเข้าแล้ว / รุ่งฟ้า 080-5663725	AR2502-130	3	6707-03
iv_ae49fce9	IV2502-129	AW101-PL		2025-02-24	5390320.85	paid						18302024	บ้านชำฆ้อ ม.3 ต.ชำฆ้อ อ.เขาชะเมา จ.ระยอง (6707-03)	00391	เทศบาลตำบลชำฆ้อ	2025-02-24	STS	ภาคตะวันออก	5.โครงการที่รับเงินแล้วสะสม	2025-03-27	27.03.2025 เงินเข้าแล้ว / รุ่งฟ้า 080-5663725	AR2502-131	3	6707-03
iv_8ffb9905	IV2502-128	AW102-PL		2025-02-24	5390320.85	paid						18402024	บ้านสวนขนุน ม.5 ต.ชำฆ้อ อ.เขาชะเมา จ.ระยอง (6707-03)	00391	เทศบาลตำบลชำฆ้อ	2025-02-24	STS	ภาคตะวันออก	5.โครงการที่รับเงินแล้วสะสม	2025-03-27	27.03.2025 เงินเข้าแล้ว / รุ่งฟ้า 080-5663725	AR2502-132	3	6707-03
iv_1758513a	IV2502-127	AW108-PLS		2025-02-28	5400000	paid						20302024	บ้านสระแก้ว ม.4 ต.สระแก้ว อ.พนมไพร จ.ร้อยเอ็ด (6707-03)	00758	องค์การบริหารส่วนตำบลสระแก้ว	2025-02-28	STS	WTP	5.โครงการที่รับเงินแล้วสะสม	2025-04-11	11.04.2025 เงินเข้าแล้ว / 095-8308357	AR2502-134	3	6707-03
iv_c645aa45	IV2502-126	AW086-PL		2025-02-28	5964000	paid						12902024	บ้านหนองหัวช้าง ม.3 ต.กลางหมื่น อ.เมืองกาฬสินธุ์ จ.กาฬสินธุ์ (6707-03)	00364	เทศบาลตำบลกลางหมื่น	2025-02-28	STS	WTP	5.โครงการที่รับเงินแล้วสะสม	2025-03-27	27.03.2025 เงินเข้าแล้ว / พัสดุ 080-7068381	AR2502-135	3	6707-03
iv_1723f4b6	IV2502-125	AW103-PL		2025-02-26	5400000	paid						19002024	บ้านปลักซิมปอ ม.6 ต.ควนสตอ อ.ควนโดน จ.สตูล (6707-03)	00505	องค์การบริหารส่วนตำบลควนสตอ	2025-02-26	STS	Pinpoint	5.โครงการที่รับเงินแล้วสะสม	2025-03-27	27.03.2025 เงินเข้าแล้ว / คุณนาเดียร์ 0836416463	AR2502-124	3	6707-03
iv_af2521a9	IV2502-124	AW104-PL		2025-02-26	5400000	paid						19102024	ม.9 ต.ควนสตอ อ.ควนโดน จ.สตูล (6707-03)	00505	องค์การบริหารส่วนตำบลควนสตอ	2025-02-26	STS	Pinpoint	5.โครงการที่รับเงินแล้วสะสม	2025-03-27	27.03.2025 เงินเข้าแล้ว / คุณนาเดียร์ 0836416463	AR2502-125	3	6707-03
iv_1a06c8d2	IV2502-123	AW099-PL		2025-02-24	5400000	paid						18702024	ม.6 ต.น้ำเป็น อ.เขาชะเมา จ.ระยอง (6707-03)	00801	องค์การบริหารส่วนตำบลน้ำเป็น	2025-02-24	STS	ภาคตะวันออก	5.โครงการที่รับเงินแล้วสะสม	2025-03-27	27.03.2025 เงินเข้าแล้ว	AR2502-123	3	6707-03
iv_fcf47d69	IV2502-122	AW105		2025-02-26	5150000	paid						18802024	ST II S-บ้านแจ้งจม ม.7 ต.เจ้าท่า อ.กมลาไสย จ.กาฬสินธุ์ (6707-03)	00197	องค์การบริหารส่วนตำบลเจ้าท่า	2025-02-26	STS	WTP	5.โครงการที่รับเงินแล้วสะสม	2025-04-21	21.04.2025 เงินเข้าแล้ว / คุณหมู 097-3355371	AR2502-126	3	6707-03
iv_55ff7e68	IV2502-121	AW107-PL		2025-02-27	5400000	paid						20202024	บ้านย่านซื่อ ม.2 ต.ย่านซื่อ อ.ควนโดน จ.สตูล (6707-03)	00803	องค์การบริหารส่วนตำบลย่านซื่อ	2025-02-27	STS	Pinpoint	5.โครงการที่รับเงินแล้วสะสม	2025-03-27	27.03.2025 เงินเข้าแล้ว / คุณอังคณา พัสดุ 081-2779359	AR2502-127	3	6707-03
iv_4a40a63f	IV2502-120	AW106		2025-02-26	3090000	paid						18902024	ST II S-ม.9 ต.พระอาจารย์ อ.องครักษ์ จ.นครนายก (6707-03)	00800	องค์การบริหารส่วนตำบลพระอาจารย์	2025-02-26	STS	ภาคตะวันออก	5.โครงการที่รับเงินแล้วสะสม	2025-04-23	23.04.2025 เงินเข้าแล้ว / คุณมน 092-8392545	AR2502-122	2	6707-03
iv_4851c4e3	IV2502-119	PP026-PL		2025-02-24	3240000	paid						8702024	บ้านดงเย็น ม.4 ต.ดงพยุง อ.ดอนจาน จ.กาฬสินธุ์ (6701-01)	00702	องค์การบริหารส่วนตำบลดงพยุง	2025-02-24	KTB	WTP	5.โครงการที่รับเงินแล้วสะสม	2025-05-14	14.05.2025 เงินเข้าแล้ว / ผอ.กองคลัง 099-6404168	AR2502-120	2	6701-01
iv_c1cf69d0	IV2502-118	AW092-PL		2025-02-20	5400000	paid						17302024	บ้านสองพี่น้อง ม.2 ต.สองสลึง อ.แกลง จ.ระยอง (6707-03)	00798	เทศบาลตำบลสองสลึง	2025-02-20	STS	ภาคตะวันออก	5.โครงการที่รับเงินแล้วสะสม	2025-03-12	12.03.2025 เงินเข้าแล้ว	AR2502-117	3	6707-03
iv_ccfce60b	IV2502-117	AW093-PL		2025-02-20	5400000	paid						17402024	บ้านบ่อทอง ม.5 ต.สองสลึง อ.แกลง จ.ระยอง (6707-03)	00798	เทศบาลตำบลสองสลึง	2025-02-20	STS	ภาคตะวันออก	5.โครงการที่รับเงินแล้วสะสม	2025-03-12	12.03.2025 เงินเข้าแล้ว	AR2502-118	3	6707-03
iv_25bb2d5b	IV2502-116	AW094-PL		2025-02-20	5400000	paid						17202024	บ้านหนองเสม็ด ม.6 ต.สองสลึง อ.แกลง จ.ระยอง (6707-03)	00798	เทศบาลตำบลสองสลึง	2025-02-20	STS	ภาคตะวันออก	5.โครงการที่รับเงินแล้วสะสม	2025-03-12	12.03.2025 เงินเข้าแล้ว	AR2502-119	3	6707-03
iv_aa2614f4	IV2502-115	AW098-PLS		2025-02-24	5400000	paid						18602024	บ้านหัวดง ม.12 ต.ศรีสว่าง อ.โพนทราย จ.ร้อยเอ็ด (6707-03)	00802	องค์การบริหารส่วนตำบลศรีสว่าง	2025-02-24	STS	WTP	5.โครงการที่รับเงินแล้วสะสม	2025-03-26	26.03.2025 เงินเข้าแล้ว / WTP	AR2502-121	3	6707-03
iv_756cfa1e	IV2502-114	TTI020-PDH		2025-02-25	1300000	paid						18202024	บ้านเชียงเครือ ม.2 ต.เชียงเครือ อ.เมืองกาฬสินธุ์ จ.กาฬสินธุ์ (6707-03)	00763	เทศบาลตำบลเชียงเครือ	2025-02-25	WTP	WTP	5.โครงการที่รับเงินแล้วสะสม	2025-09-17	17.09.2025 เงินเข้าแล้ว / คุณปภาดา 0964218621	AR2502-112	100	6707-03
iv_a0404d6b	IV2502-113	TTI021-PDH		2025-02-25	1300000	paid						18002024	บ้านเชียงเครือ ม.3 ต.เชียงเครือ อ.เมืองกาฬสินธุ์ จ.กาฬสินธุ์ (6707-03)	00763	เทศบาลตำบลเชียงเครือ	2025-02-25	WTP	WTP	5.โครงการที่รับเงินแล้วสะสม	2025-09-17	17.09.2025 เงินเข้าแล้ว / คุณปภาดา 0964218621	AR2502-113	100	6707-03
iv_2f06fc7c	IV2502-112	TTI022-PDH		2025-02-25	1300000	paid						17802024	บ้านแกเปะ(ดอนเจ้าปู่) ม.7 ต.เชียงเครือ อ.เมืองกาฬสินธุ์ จ.กาฬสินธุ์ (6707-03)	00763	เทศบาลตำบลเชียงเครือ	2025-02-25	WTP	WTP	5.โครงการที่รับเงินแล้วสะสม	2025-09-17	17.09.2025 เงินเข้าแล้ว / คุณปภาดา 0964218621	AR2502-114	100	6707-03
iv_28a691e5	IV2502-111	TTI023-PDH		2025-02-25	1300000	paid						17902024	บ้านแกเปะ(ตรงข้ามบ้านผู้ช่วยเต่า) ม.8 ต.เชียงเครือ อ.เมืองกาฬสินธุ์ จ.กาฬสินธุ์ (6707-03)	00763	เทศบาลตำบลเชียงเครือ	2025-02-25	WTP	WTP	5.โครงการที่รับเงินแล้วสะสม	2025-09-17	17.09.2025 เงินเข้าแล้ว / คุณปภาดา 0964218621	AR2502-115	100	6707-03
iv_84540d61	IV2502-110	TTI024-PDH		2025-02-25	1300000	paid						18102024	บ้านแซงอุดม(ศาลากลางบ้าน) ม.9 ต.เชียงเครือ อ.เมืองกาฬสินธุ์ จ.กาฬสินธุ์ (6707-03)	00763	เทศบาลตำบลเชียงเครือ	2025-02-25	WTP	WTP	5.โครงการที่รับเงินแล้วสะสม	2025-09-30	30.09.2025 เงินเข้าแล้ว / คุณปภาดา 0964218621	AR2502-116	100	6707-03
iv_760cdb30	IV2502-108	STR026-PDH		2025-02-21	1300000	paid						19202024	ม.1 ต.โคกช้าง อ.เดิมบางนางบวช จ.สุพรรณบุรี (6707-03)	00804	องค์การบริหารส่วนตำบลโคกช้าง	2025-02-21	WTP	STR	5.โครงการที่รับเงินแล้วสะสม	2025-04-01	01.04.2025 เงินเข้าแล้ว / คุณปัทมา 095-5035620	AR2502-100	3	6707-03
iv_88fcfcbf	IV2502-107	STR027-PDH		2025-02-21	1300000	paid						19402024	ม.2 ต.โคกช้าง อ.เดิมบางนางบวช จ.สุพรรณบุรี (6707-03)	00804	องค์การบริหารส่วนตำบลโคกช้าง	2025-02-21	WTP	STR	5.โครงการที่รับเงินแล้วสะสม	2025-04-01	01.04.2025 เงินเข้าแล้ว / คุณปัทมา 095-5035620	AR2502-101	3	6707-03
iv_bfa8adde	IV2502-106	STR028-PDH		2025-02-21	1300000	paid						19502024	ม.3 ต.โคกช้าง อ.เดิมบางนางบวช จ.สุพรรณบุรี (6707-03)	00804	องค์การบริหารส่วนตำบลโคกช้าง	2025-02-21	WTP	STR	5.โครงการที่รับเงินแล้วสะสม	2025-04-01	01.04.2025 เงินเข้าแล้ว / คุณปัทมา 095-5035620	AR2502-102	3	6707-03
iv_131f168b	IV2502-105	STR029-PDH		2025-02-21	1300000	paid						19602024	ม.4 ต.โคกช้าง อ.เดิมบางนางบวช จ.สุพรรณบุรี (6707-03)	00804	องค์การบริหารส่วนตำบลโคกช้าง	2025-02-21	WTP	STR	5.โครงการที่รับเงินแล้วสะสม	2025-04-01	01.04.2025 เงินเข้าแล้ว / คุณปัทมา 095-5035620	AR2502-103	3	6707-03
iv_4cfbdefa	IV2502-104	STR030-PDH		2025-02-21	1300000	paid						19702024	ม.5 ต.โคกช้าง อ.เดิมบางนางบวช จ.สุพรรณบุรี (6707-03)	00804	องค์การบริหารส่วนตำบลโคกช้าง	2025-02-21	WTP	STR	5.โครงการที่รับเงินแล้วสะสม	2025-04-01	01.04.2025 เงินเข้าแล้ว / คุณปัทมา 095-5035620	AR2502-104	3	6707-03
iv_693836e8	IV2502-103	STR031-PDH		2025-02-21	1300000	paid						19802024	ม.6 ต.โคกช้าง อ.เดิมบางนางบวช จ.สุพรรณบุรี (6707-03)	00804	องค์การบริหารส่วนตำบลโคกช้าง	2025-02-21	WTP	STR	5.โครงการที่รับเงินแล้วสะสม	2025-04-01	01.04.2025 เงินเข้าแล้ว / คุณปัทมา 095-5035620	AR2502-105	3	6707-03
iv_fc1521cf	IV2502-102	STR032-PDH		2025-02-21	1300000	paid						19902024	ม.7 ต.โคกช้าง อ.เดิมบางนางบวช จ.สุพรรณบุรี (6707-03)	00804	องค์การบริหารส่วนตำบลโคกช้าง	2025-02-21	WTP	STR	5.โครงการที่รับเงินแล้วสะสม	2025-04-01	01.04.2025 เงินเข้าแล้ว / คุณปัทมา 095-5035620	AR2502-106	3	6707-03
iv_a5b2b176	IV2502-101	STR033-PDH		2025-02-21	1300000	paid						20002024	ม.8 ต.โคกช้าง อ.เดิมบางนางบวช จ.สุพรรณบุรี (6707-03)	00804	องค์การบริหารส่วนตำบลโคกช้าง	2025-02-21	WTP	STR	5.โครงการที่รับเงินแล้วสะสม	2025-04-01	01.04.2025 เงินเข้าแล้ว / คุณปัทมา 095-5035620	AR2502-107	3	6707-03
iv_a2bcd708	IV2502-100	STR034-PDH		2025-02-21	1300000	paid						20102024	ม.9 ต.โคกช้าง อ.เดิมบางนางบวช จ.สุพรรณบุรี (6707-03)	00804	องค์การบริหารส่วนตำบลโคกช้าง	2025-02-21	WTP	STR	5.โครงการที่รับเงินแล้วสะสม	2025-04-01	01.04.2025 เงินเข้าแล้ว / คุณปัทมา 095-5035620	AR2502-108	3	6707-03
iv_752c9cd4	IV2502-099	STR035-PDH		2025-02-21	1300000	paid						19302024	ม.10 ต.โคกช้าง อ.เดิมบางนางบวช จ.สุพรรณบุรี (6707-03)	00804	องค์การบริหารส่วนตำบลโคกช้าง	2025-02-21	WTP	STR	5.โครงการที่รับเงินแล้วสะสม	2025-04-01	01.04.2025 เงินเข้าแล้ว / คุณปัทมา 095-5035620	AR2502-109	3	6707-03
iv_313c3b36	IV2502-098	AW091-PL		2025-02-19	3240000	paid						16702024	บ้านหนองขาม ม.15 ต.หนองขาม อ.จักราช จ.นครราชสีมา (6714-01)	00795	องค์การบริหารส่วนตำบลหนองขาม	2025-02-19	STS	EN connect	5.โครงการที่รับเงินแล้วสะสม	2025-03-14	14.03.2025 เงินเข้าแล้ว	AR2502-096	2	6714-01
iv_8c20cda0	IV2502-096	ENC057-PL		2025-02-19	2159200	paid						27102024	บ้านแสงสว่าง ม.5 ต.พิมาน อ.นาแก จ.นครพนม (6801-01)	00607	องค์การบริหารส่วนตำบลพิมาน	2025-02-19	KTB	EN connect	5.โครงการที่รับเงินแล้วสะสม	2025-03-27	27.03.2025 เงินเข้าแล้ว / คุณขวัญ 089-628511	AR2502-097	1	6801-01
iv_183e588c	IV2502-095	ENC031-PL		2025-02-21	3120000	paid						8902024	บ้านสุขสบาย ม.12 ต.โพนสูง อ.บ้านดุง จ.อุดรธานี (6701-01)	00773	องค์การบริหารส่วนตำบลโพนสูง	2025-02-21	KTB	EN connect	5.โครงการที่รับเงินแล้วสะสม	2025-04-09	09.04.2025 เงินเข้าแล้ว / 095-8308357	AR2502-098	2	6701-01
iv_42b0e3c7	IV2502-094	ENC030-PL		2025-02-21	3120000	paid						8802024	บ้านโพนสูงสวัสดี ม.1 ต.โพนสูง อ.บ้านดุง จ.อุดรธานี (6701-01)	00773	องค์การบริหารส่วนตำบลโพนสูง	2025-02-21	KTB	EN connect	5.โครงการที่รับเงินแล้วสะสม	2025-04-09	09.04.2025 เงินเข้าแล้ว / 095-8308357	AR2502-099	2	6701-01
iv_2dd0fe25	IV2502-093	TTI019-PDH		2025-02-14	1300000	paid						13702024	บ้านโนนศาลา ม.13 ต.ภูดิน อ.เมืองกาฬสินธุ์ จ.กาฬสินธุ์ (6707-03)	00159	เทศบาลตำบลภูดิน	2025-02-14	WTP	WTP	5.โครงการที่รับเงินแล้วสะสม	2025-08-01	01.08.2025 เงินเข้าแล้ว / คุณนิมาน 095-1816564	AR2502-077	100	6707-03
iv_a18786df	IV2502-092	TTI018-PDH		2025-02-14	1300000	paid						14302024	บ้านเหล่าหลวงกลาง(จุดที่ 2) ม.12 ต.ภูดิน อ.เมืองกาฬสินธุ์ จ.กาฬสินธุ์ (6707-03)	00159	เทศบาลตำบลภูดิน	2025-02-14	WTP	WTP	5.โครงการที่รับเงินแล้วสะสม	2025-08-01	01.08.2025 เงินเข้าแล้ว / คุณนิมาน 095-1816564	AR2502-078	100	6707-03
iv_a57b0708	IV2502-091	TTI017-PDH		2025-02-14	1300000	paid						14202024	บ้านเหล่าหลวงกลาง(จุดที่ 1) ม.12 ต.ภูดิน อ.เมืองกาฬสินธุ์ จ.กาฬสินธุ์ (6707-03)	00159	เทศบาลตำบลภูดิน	2025-02-14	WTP	WTP	5.โครงการที่รับเงินแล้วสะสม	2025-08-01	01.08.2025 เงินเข้าแล้ว / คุณนิมาน 095-1816564	AR2502-079	100	6707-03
iv_4b383a2b	IV2502-090	TTI016-PDH		2025-02-14	1300000	paid						14402024	บ้านเหล่าหลวงใต้ ม.11 ต.ภูดิน อ.เมืองกาฬสินธุ์ จ.กาฬสินธุ์ (6707-03)	00159	เทศบาลตำบลภูดิน	2025-02-14	WTP	WTP	5.โครงการที่รับเงินแล้วสะสม	2025-08-01	01.08.2025 เงินเข้าแล้ว / คุณนิมาน 095-1816564	AR2502-080	100	6707-03
iv_e7dc546a	IV2502-089	TTI015-PDH		2025-02-14	1300000	paid						13402024	บ้านโคกนางาม ม.10 ต.ภูดิน อ.เมืองกาฬสินธุ์ จ.กาฬสินธุ์ (6707-03)	00159	เทศบาลตำบลภูดิน	2025-02-14	WTP	WTP	5.โครงการที่รับเงินแล้วสะสม	2025-08-01	01.08.2025 เงินเข้าแล้ว / คุณนิมาน 095-1816564	AR2502-081	100	6707-03
iv_55af8ac0	IV2502-088	TTI014-PDH		2025-02-14	1300000	paid						13602024	บ้านนาขาม ม.9 ต.ภูดิน อ.เมืองกาฬสินธุ์ จ.กาฬสินธุ์ (6707-03)	00159	เทศบาลตำบลภูดิน	2025-02-14	WTP	WTP	5.โครงการที่รับเงินแล้วสะสม	2025-08-01	01.08.2025 เงินเข้าแล้ว / คุณนิมาน 095-1816564	AR2502-082	100	6707-03
iv_de65728b	IV2502-087	TTI013-PDH		2025-02-14	1300000	paid						14102024	บ้านเหล่าหลวง ม.8 ต.ภูดิน อ.เมืองกาฬสินธุ์ จ.กาฬสินธุ์ (6707-03)	00159	เทศบาลตำบลภูดิน	2025-02-14	WTP	WTP	5.โครงการที่รับเงินแล้วสะสม	2025-08-01	01.08.2025 เงินเข้าแล้ว / คุณนิมาน 095-1816564	AR2502-083	100	6707-03
iv_28025f0e	IV2502-086	TTI012-PDH		2025-02-17	1300000	paid						14002024	บ้านเหล่าหลวง(สำนักงานเทศบาลตำบลภูดิน) ม.8 ต.ภูดิน อ.เมืองกาฬสินธุ์ จ.กาฬสินธุ์ (6707-03)	00159	เทศบาลตำบลภูดิน	2025-02-17	WTP	WTP	5.โครงการที่รับเงินแล้วสะสม	2025-08-01	01.08.2025 เงินเข้าแล้ว / คุณนิมาน 095-1816564	AR2502-094	100	6707-03
iv_d3ee9e11	IV2502-085	TTI011-PDH		2025-02-14	1300000	paid						13202024	บ้านคำดอกไม้ ม.6 ต.ภูดิน อ.เมืองกาฬสินธุ์ จ.กาฬสินธุ์ (6707-03)	00159	เทศบาลตำบลภูดิน	2025-02-14	WTP	WTP	5.โครงการที่รับเงินแล้วสะสม	2025-08-01	01.08.2025 เงินเข้าแล้ว / คุณนิมาน 095-1816564	AR2502-084	100	6707-03
iv_87e26295	IV2502-084	TTI010-PDH		2025-02-14	1300000	paid						13802024	บ้านโนนหัวเขื่อน ม.5 ต.ภูดิน อ.เมืองกาฬสินธุ์ จ.กาฬสินธุ์ (6707-03)	00159	เทศบาลตำบลภูดิน	2025-02-14	WTP	WTP	5.โครงการที่รับเงินแล้วสะสม	2025-08-01	01.08.2025 เงินเข้าแล้ว / คุณนิมาน 095-1816564	AR2502-085	100	6707-03
iv_50f87dca	IV2502-083	TTI009-PDH		2025-02-14	1300000	paid						13302024	บ้านคำใหญ่ ม.4 ต.ภูดิน อ.เมืองกาฬสินธุ์ จ.กาฬสินธุ์ (6707-03)	00159	เทศบาลตำบลภูดิน	2025-02-14	KTB	WTP	5.โครงการที่รับเงินแล้วสะสม	2025-08-01	01.08.2025 เงินเข้าแล้ว / คุณนิมาน 095-1816564	AR2502-086	100	6707-03
iv_4debfae3	IV2502-082	TTI008-PDH		2025-02-14	1300000	paid						13502024	บ้านถิ่นพัฒนา ม.3 ต.ภูดิน อ.เมืองกาฬสินธุ์ จ.กาฬสินธุ์ (6707-03)	00159	เทศบาลตำบลภูดิน	2025-02-14	WTP	WTP	5.โครงการที่รับเงินแล้วสะสม	2025-08-01	01.08.2025 เงินเข้าแล้ว / คุณนิมาน 095-1816564	AR2502-087	100	6707-03
iv_995dfe98	IV2502-081	TTI007-PDH		2025-02-14	1300000	paid						13102024	บ้านค่ายลูกเสือ ม.2 ต.ภูดิน อ.เมืองกาฬสินธุ์ จ.กาฬสินธุ์ (6707-03)	00159	เทศบาลตำบลภูดิน	2025-02-14	WTP	WTP	5.โครงการที่รับเงินแล้วสะสม	2025-08-01	01.08.2025 เงินเข้าแล้ว / คุณนิมาน 095-1816564	AR2502-088	100	6707-03
iv_e1d6bcaa	IV2502-080	TTI006-PDH		2025-02-14	1300000	paid						13902024	บ้านสว่าง ม.1 ต.ภูดิน อ.เมืองกาฬสินธุ์ จ.กาฬสินธุ์ (6707-03)	00159	เทศบาลตำบลภูดิน	2025-02-14	WTP	WTP	5.โครงการที่รับเงินแล้วสะสม	2025-08-01	01.08.2025 เงินเข้าแล้ว / คุณนิมาน 095-1816564	AR2502-089	100	6707-03
iv_e1b14a68	IV2502-079	AW087		2025-02-14	5150000	paid						14502024	ST II S-บ้านคำใหญ่ ม.4 ต.ภูดิน อ.เมืองกาฬสินธุ์ จ.กาฬสินธุ์ (6707-03)	00159	เทศบาลตำบลภูดิน	2025-02-14	STS	WTP	5.โครงการที่รับเงินแล้วสะสม	2025-04-30	30.04.2025 เงินเข้าแล้ว / คุณนิมาน 095-1816564	AR2502-090	3	6707-03
iv_9f45d292	IV2502-077	ENC020-PM		2025-02-17	2029317.74	paid						5902024	บ้านวังบอน ม.2 ต.อิปุ่ม อ.ด่านซ้าย จ.เลย (6701-01)	00750	องค์การบริหารส่วนตำบลอิปุ่ม	2025-02-17	KTB	EN connect	5.โครงการที่รับเงินแล้วสะสม	2025-04-08	08.04.2025 เงินเข้าแล้ว	AR2502-093	2	6701-01
iv_c0f2ecc2	IV2502-076	PP035-PDH		2025-02-14	1300000	paid						23102024	ม.5 ต.ปรางหมู่ อ.เมืองพัทลุง จ.พัทลุง (6801-01)	00814	เทศบาลตำบลปรางหมู่	2025-02-14	KTB	Pinpoint	5.โครงการที่รับเงินแล้วสะสม	2025-03-27	27.03.2025 เงินเข้าแล้ว / คุณเจี๊ยบ 089-465-4930	AR2502-091	3	6801-01
iv_4ae89c8b	IV2502-075	PP025-PL		2025-02-13	3240000	paid						8502024	บ้านไร่ออก ม.5 ต.บ่อหิน อ.สิเกา จ.ตรัง (6701-01)	00772	องค์การบริหารส่วนตำบลบ่อหิน	2025-02-13	KTB	Pinpoint	5.โครงการที่รับเงินแล้วสะสม	2025-03-14	14.03.2025 เงินเข้าแล้ว / คุณออม พัสดุ 092-1255577	AR2502-092	2	6701-01
iv_da11cd86	IV2502-074	STR012-PLS		2025-02-14	3405600	paid						14902024	บ้านคอกช้างพัฒนา ม.9 ต.หนองพลับ อ.หัวหิน จ.ประจวบคีรีขันธ์ (6712-01)	00790	ที่ทำการปกครองอำเภอหัวหิน	2025-02-14	STS	STR	5.โครงการที่รับเงินแล้วสะสม	2025-03-24	24.03.2025 เงินเข้าแล้ว / คุณนิ่ม สมต. 063-903-3062	AR2502-040	2	6712-01
iv_dc550aff	IV2502-073	STR013-PMS		2025-02-14	2170800	paid						14802024	บ้านหนองหอย ม.10 ต.หนองพลับ อ.หัวหิน จ.ประจวบคีรีขันธ์ (6712-01)	00790	ที่ทำการปกครองอำเภอหัวหิน	2025-02-14	STS	STR	5.โครงการที่รับเงินแล้วสะสม	2025-03-24	24.03.2025 เงินเข้าแล้ว / คุณนิ่ม สมต. 063-903-3062	AR2502-041	2	6712-01
iv_109834ba	IV2502-072	STR014-PL		2025-02-14	3240000	paid						15002024	บ้านวไลย ม.1 ต.หนองพลับ อ.หัวหิน จ.ประจวบคีรีขันธ์ (6712-01)	00790	ที่ทำการปกครองอำเภอหัวหิน	2025-02-14	STS	STR	5.โครงการที่รับเงินแล้วสะสม	2025-03-24	24.03.2025 เงินเข้าแล้ว / คุณนิ่ม สมต. 063-903-3062	AR2502-042	2	6712-01
iv_5a783db1	IV2502-071	PP029-PDH		2025-02-11	1279500	paid						16802024	ศูนย์พัฒนาเด็กเล็กเทศบาลตำบลบางลึก ม.4 ต.บางลึก อ.เมืองชุมพร จ.ชุมพร (6707-03)	00796	เทศบาลตำบลบางลึก	2025-02-11	WTP	Pinpoint	5.โครงการที่รับเงินแล้วสะสม	2025-02-28	28.02.2025 เงินเข้าแล้ว	AR2502-048	3	6707-03
iv_60d038ca	IV2502-070	AW090-PL		2025-02-17	3240000	paid						15402024	บ้านหนองนา ม.8 ต.งิ้ว อ.ห้วยแถลง จ.นครราชสีมา (6714-01)	00791	องค์การบริหารส่วนตำบลงิ้ว	2025-02-17	STS	EN connect	5.โครงการที่รับเงินแล้วสะสม	2025-04-11	11.04.2025 เงินเข้าแล้ว / รองปลัด 093-8233275	AR2502-075	2	6714-01
iv_5e33a3c1	IV2502-069	AW110-PL		2025-02-13	2160000	paid						20402024	บ้านบางหลุด ม.13 ต.คลองชะอุ่น อ.พนม จ.สุราษฎร์ธานี (6707-03)	00749	เทศบาลตำบลคลองชะอุ่น	2025-02-13	STS	Pinpoint	5.โครงการที่รับเงินแล้วสะสม	2025-03-07	07.03.2025 เงินเข้าแล้ว  / คุณสุรีรัตน์ 086-2828128	AR2502-039	1	6707-03
iv_5f041074	IV2502-068	STR011-PL		2025-02-14	5400000	paid						9902024	บริเวณแทงค์น้ำประปาเขาแกว ม.4 ต.ไร่ใหม่ อ.สามร้อยยอด จ.ประจวบคีรีขันธ์ (6712-02)	00780	ที่ทำการปกครองอำเภอสามร้อยยอด	2025-02-14	LIT	STR	5.โครงการที่รับเงินแล้วสะสม	2025-03-31	31.03.2025 เงินเข้าแล้ว / คุณกาน 065-6697072	AR2502-043	3	6712-02
iv_a53d0b32	IV2502-067	AW084-PL		2025-02-14	3240000	paid						14702024	บ้านเมืองพลับพลา ม.1 ต.เมืองพลับพลา อ.ห้วยแถลง จ.นครราชสีมา (6714-01)	00788	องค์การบริหารส่วนตำบลเมืองพลับพลา	2025-02-14	STS	EN connect	5.โครงการที่รับเงินแล้วสะสม	2025-03-14	14.03.2025 เงินเข้าแล้ว / คุณเอ๋ พัสดุ 088-5816238	AR2502-044	2	6714-01
iv_b1b855c3	IV2502-066	AW082-PSL		2025-02-13	4498000	paid						12802024	ม.6 ต.โคกยาง อ.เหนือคลอง จ.กระบี่ (6707-03)	00787	องค์การบริหารส่วนตำบลโคกยาง	2025-02-13	STS	Pinpoint	5.โครงการที่รับเงินแล้วสะสม	2025-05-15	15.05.2025 เงินเข้าแล้ว / คุณอมรรัตน์ 087-8938894	AR2502-071	3	6707-03
iv_064eb9e8	IV2502-065	AW079-PSL		2025-02-13	4498000	paid						12502024	ม.3 ต.โคกยาง อ.เหนือคลอง จ.กระบี่ (6707-03)	00787	องค์การบริหารส่วนตำบลโคกยาง	2025-02-13	STS	Pinpoint	5.โครงการที่รับเงินแล้วสะสม	2025-05-15	15.05.2025 เงินเข้าแล้ว / คุณอมรรัตน์ 087-8938894	AR2502-072	3	6707-03
iv_a30e5762	IV2502-064	AW085-PL		2025-02-13	3240000	paid						14602024	บ้านบางสาว ม.2 ต.เขาวง อ.บ้านตาขุน จ.สุราษฎร์ธานี (6707-03)	00789	องค์การบริหารส่วนตำบลเขาวง	2025-02-13	STS	Pinpoint	5.โครงการที่รับเงินแล้วสะสม	2025-03-07	07.03.2025 เงินเข้าแล้ว  / พัสดุ 097-9363895	AR2502-073	2	6707-03
iv_c90abe13	IV2502-063	AW111-PL		2025-02-11	2160000	paid						21302024	ม.4 ต.พรุพี อ.บ้านนาสาร จ.สุราษฎร์ธานี (6707-03)	00807	เทศบาลตำบลพรุพี	2025-02-11	STS	Pinpoint	5.โครงการที่รับเงินแล้วสะสม	2025-03-27	27.03.2025 เงินเข้าแล้ว	AR2502-049	3	6707-03
iv_02b3717c	IV2502-062	ENC042-PDH		2025-02-11	1300000	paid						10302024	บ้านโนนจารย์ ม.13 ต.แตล อ.ศีขรภูมิ จ.สุรินทร์ (6707-03)	00631	องค์การบริหารส่วนตำบลแตล	2025-02-11	WTP	EN connect	5.โครงการที่รับเงินแล้วสะสม	2025-03-31	31.03.2025 เงินเข้าแล้ว / คุณกาน 065-6697072	AR2502-050	3	6707-03
iv_4dd7f6f9	IV2502-061	ENC041-PDH		2025-02-11	1300000	paid						10702024	บ้านโนนถ่อน ม.10 ต.แตล อ.ศีขรภูมิ จ.สุรินทร์ (6707-03)	00631	องค์การบริหารส่วนตำบลแตล	2025-02-11	WTP	EN connect	5.โครงการที่รับเงินแล้วสะสม	2025-03-31	31.03.2025 เงินเข้าแล้ว / คุณกาน 065-6697072	AR2502-051	3	6707-03
iv_8bcd49ac	IV2502-060	ENC040-PDH		2025-02-11	1300000	paid						10802024	บ้านสวาย ม.7 ต.แตล อ.ศีขรภูมิ จ.สุรินทร์ (6707-03)	00631	องค์การบริหารส่วนตำบลแตล	2025-02-11	WTP	EN connect	5.โครงการที่รับเงินแล้วสะสม	2025-03-31	31.03.2025 เงินเข้าแล้ว / คุณกาน 065-6697072	AR2502-052	3	6707-03
iv_9bc20217	IV2502-059	ENC039-PDH		2025-02-11	1300000	paid						10902024	บ้านสังแก ม.6 ต.แตล อ.ศีขรภูมิ จ.สุรินทร์ (6707-03)	00631	องค์การบริหารส่วนตำบลแตล	2025-02-11	WTP	EN connect	5.โครงการที่รับเงินแล้วสะสม	2025-03-31	31.03.2025 เงินเข้าแล้ว / คุณกาน 065-6697072	AR2502-053	3	6707-03
iv_56806a38	IV2502-058	ENC038-PDH		2025-02-11	1300000	paid						11002024	บ้านหนองคู ม.5 ต.แตล อ.ศีขรภูมิ จ.สุรินทร์ (6707-03)	00631	องค์การบริหารส่วนตำบลแตล	2025-02-11	WTP	EN connect	5.โครงการที่รับเงินแล้วสะสม	2025-03-31	31.03.2025 เงินเข้าแล้ว / คุณกาน 065-6697072	AR2502-054	3	6707-03
iv_b33b12eb	IV2502-057	ENC037-PDH		2025-02-11	1300000	paid						10402024	โรงเรียนบ้านประทุนอายอง ม.4 ต.แตล อ.ศีขรภูมิ จ.สุรินทร์ (6707-03)	00631	องค์การบริหารส่วนตำบลแตล	2025-02-11	WTP	EN connect	5.โครงการที่รับเงินแล้วสะสม	2025-03-31	31.03.2025 เงินเข้าแล้ว / คุณกาน 065-6697072	AR2502-055	3	6707-03
iv_890056ed	IV2502-056	ENC036-PDH		2025-02-11	1300000	paid						11102024	บ้านหนองท่ม ม.3 ต.แตล อ.ศีขรภูมิ จ.สุรินทร์ (6707-03)	00631	องค์การบริหารส่วนตำบลแตล	2025-02-11	WTP	EN connect	5.โครงการที่รับเงินแล้วสะสม	2025-03-31	31.03.2025 เงินเข้าแล้ว / คุณกาน 065-6697072	AR2502-056	3	6707-03
iv_4e121b02	IV2502-055	ENC035-PDH		2025-02-11	1300000	paid						10502024	บ้านแตล ม.1 ต.แตล อ.ศีขรภูมิ จ.สุรินทร์ (6707-03)	00631	องค์การบริหารส่วนตำบลแตล	2025-02-11	WTP	EN connect	5.โครงการที่รับเงินแล้วสะสม	2025-03-31	31.03.2025 เงินเข้าแล้ว / คุณกาน 065-6697072	AR2502-057	3	6707-03
iv_b5d51ad9	IV2502-054	AW083-PL		2025-02-13	5400000	paid						13002024	บ้านหนองปรือสมอ ม.3 ต.สาหร่าย อ.ชุมพวง จ.นครราชสีมา (6714-01)	00792	องค์การบริหารส่วนตำบลสาหร่าย	2025-02-13	STS	EN connect	5.โครงการที่รับเงินแล้วสะสม	2025-03-21	21.03.2025 เงินเข้าแล้ว	AR2502-074	3	6714-01
iv_422124dc	IV2502-053	STR021-PDH		2025-02-10	1300000	paid						16202024	โรงเรียนอนุบาลวัดกุ่มโคก ม.5 ต.ทุ่งคลี อ.เดิมบางนางบวช จ.สุพรรณบุรี (6707-03)	00799	เทศบาลตำบลทุ่งคลี	2025-02-10	WTP	STR	5.โครงการที่รับเงินแล้วสะสม	2025-03-17	17.03.2025 เงินเข้าแล้ว / คุณเพทาย 098-3838738	AR2502-058	3	6707-03
iv_1ad61fd8	IV2502-052	STR020-PDH		2025-02-10	1300000	paid						16102024	บริเวณวัดขุยโพธิ์ ม.4 ต.ทุ่งคลี อ.เดิมบางนางบวช จ.สุพรรณบุรี (6707-03)	00799	เทศบาลตำบลทุ่งคลี	2025-02-10	WTP	STR	5.โครงการที่รับเงินแล้วสะสม	2025-03-17	17.03.2025 เงินเข้าแล้ว / คุณเพทาย 098-3838738	AR2502-059	3	6707-03
iv_e77f9943	IV2502-051	STR019-PDH		2025-02-10	1300000	paid						15602024	ม.3 ต.ทุ่งคลี อ.เดิมบางนางบวช จ.สุพรรณบุรี (6707-03)	00799	เทศบาลตำบลทุ่งคลี	2025-02-10	WTP	STR	5.โครงการที่รับเงินแล้วสะสม	2025-03-17	17.03.2025 เงินเข้าแล้ว / คุณเพทาย 098-3838738	AR2502-063	3	6707-03
iv_13af18f6	IV2502-050	STR018-PDH		2025-02-10	1300000	paid						16002024	บ้านดอนสนวน บริเวณศาลาอเนกประสงค์ ม.1 ต.ทุ่งคลี อ.เดิมบางนางบวช จ.สุพรรณบุรี (6707-03)	00799	เทศบาลตำบลทุ่งคลี	2025-02-10	WTP	STR	5.โครงการที่รับเงินแล้วสะสม	2025-03-17	17.03.2025 เงินเข้าแล้ว / คุณเพทาย 098-3838738	AR2502-064	3	6707-03
iv_65a6c727	IV2502-049	STR017-PDH		2025-02-14	1300000	paid						15102024	ศูนย์พัฒนาเด็กเล็กบ้านท่าทอง ม.6 ต.ปากน้ำ อ.เดิมบางนางบวช จ.สุพรรณบุรี (6707-03)	00355	เทศบาลตำบลปากน้ำ	2025-02-14	WTP	STR	5.โครงการที่รับเงินแล้วสะสม	2025-04-04	08.04.2025 เงินเข้าแล้ว / พัสดุ 035-430644	AR2502-045	3	6707-03
iv_ece227f9	IV2502-048	STR016-PDH		2025-02-14	1300000	paid						15202024	ศูนย์พัฒนาเด็กเล็กบ้านปากน้ำ ม.1 ต.ปากน้ำ อ.เดิมบางนางบวช จ.สุพรรณบุรี (6707-03)	00355	เทศบาลตำบลปากน้ำ	2025-02-14	WTP	STR	5.โครงการที่รับเงินแล้วสะสม	2025-04-04	08.04.2025 เงินเข้าแล้ว / พัสดุ 035-430644	AR2502-046	3	6707-03
iv_51e8d02e	IV2502-047	STR015-PDH		2025-02-14	1300000	paid						15302024	สำนักงานเทศบาลตำบลปากน้ำ ม.1 ต.ปากน้ำ อ.เดิมบางนางบวช จ.สุพรรณบุรี (6707-03)	00355	เทศบาลตำบลปากน้ำ	2025-02-14	WTP	STR	5.โครงการที่รับเงินแล้วสะสม	2025-04-04	08.04.2025 เงินเข้าแล้ว / พัสดุ 035-430644	AR2502-047	3	6707-03
iv_d173af28	IV2502-046	ENC045-PDH		2025-02-11	1300000	paid						11302024	โรงเรียนแตลศิริวิทยา ม.18 ต.แตล อ.ศีขรภูมิ จ.สุรินทร์ (6707-03)	00631	องค์การบริหารส่วนตำบลแตล	2025-02-11	WTP	EN connect	5.โครงการที่รับเงินแล้วสะสม	2025-03-31	31.03.2025 เงินเข้าแล้ว / คุณกาน 065-6697072	AR2502-060	3	6707-03
iv_cc5242e5	IV2502-045	ENC044-PDH		2025-02-11	1300000	paid						11202024	บ้านอายอง ม.16 ต.แตล อ.ศีขรภูมิ จ.สุรินทร์ (6707-03)	00631	องค์การบริหารส่วนตำบลแตล	2025-02-11	WTP	EN connect	5.โครงการที่รับเงินแล้วสะสม	2025-03-31	31.03.2025 เงินเข้าแล้ว / คุณกาน 065-6697072	AR2502-061	3	6707-03
iv_f5f8438e	IV2502-044	ENC043-PDH		2025-02-11	1300000	paid						10602024	บ้านโนนแดง ม.15 ต.แตล อ.ศีขรภูมิ จ.สุรินทร์ (6707-03)	00631	องค์การบริหารส่วนตำบลแตล	2025-02-11	WTP	EN connect	5.โครงการที่รับเงินแล้วสะสม	2025-03-31	31.03.2025 เงินเข้าแล้ว / คุณกาน 065-6697072	AR2502-062	3	6707-03
iv_1830adfc	IV2502-043	AW070-PLS		2025-02-05	5400000	paid						10202024	บ้านหัวช้าง ม.8 ต.นาเชือก อ.นาเชือก จ.มหาสารคาม (6707-03)	00403	องค์การบริหารส่วนตำบลนาเชือก	2025-02-05	STS	WTP	5.โครงการที่รับเงินแล้วสะสม	2025-03-27	27.03.2025 เงินเข้าแล้ว/ คุณดวงใจ 093-7815476	AR2502-068	3	6707-03
iv_82956c4b	IV2502-042	AW069-PLS		2025-02-05	5400000	paid						10102024	บ้านห้วยทราย ม.6 ต.นาเชือก อ.นาเชือก จ.มหาสารคาม (6707-03)	00403	องค์การบริหารส่วนตำบลนาเชือก	2025-02-05	LIT	WTP	5.โครงการที่รับเงินแล้วสะสม	2025-03-27	27.03.2025 เงินเข้าแล้ว/ คุณดวงใจ 093-7815476	AR2502-069	3	6707-03
iv_4940e698	IV2502-041	STR025-PDH		2025-02-10	1300000	paid						15902024	ม.8 ต.ทุ่งคลี อ.เดิมบางนางบวช จ.สุพรรณบุรี (6707-03)	00799	เทศบาลตำบลทุ่งคลี	2025-02-10	WTP	STR	5.โครงการที่รับเงินแล้วสะสม	2025-03-17	17.03.2025 เงินเข้าแล้ว / คุณเพทาย 098-3838738	AR2502-065	3	6707-03
iv_a9d9c224	IV2502-040	STR024-PDH		2025-02-10	1300000	paid						15802024	ม.7 ต.ทุ่งคลี อ.เดิมบางนางบวช จ.สุพรรณบุรี (6707-03)	00799	เทศบาลตำบลทุ่งคลี	2025-02-10	WTP	STR	5.โครงการที่รับเงินแล้วสะสม	2025-03-17	17.03.2025 เงินเข้าแล้ว / คุณเพทาย 098-3838738	AR2502-066	3	6707-03
iv_0f1d3aeb	IV2502-039	STR023-PDH		2025-02-10	1300000	paid						15702024	ม.6 ต.ทุ่งคลี อ.เดิมบางนางบวช จ.สุพรรณบุรี (6707-03)	00799	เทศบาลตำบลทุ่งคลี	2025-02-10	WTP	STR	5.โครงการที่รับเงินแล้วสะสม	2025-03-17	17.03.2025 เงินเข้าแล้ว / คุณเพทาย 098-3838738	AR2502-067	3	6707-03
iv_fbe26781	IV2502-038	STR022-PDH		2025-02-10	1300000	paid						16302024	บริเวณโรงเรียนอนุบาลเทศบาลทุ่งคลี ม.5 ต.ทุ่งคลี อ.เดิมบางนางบวช จ.สุพรรณบุรี (6707-03)	00799	เทศบาลตำบลทุ่งคลี	2025-02-10	WTP	STR	5.โครงการที่รับเงินแล้วสะสม	2025-03-17	17.03.2025 เงินเข้าแล้ว / คุณเพทาย 098-3838738	AR2502-070	3	6707-03
iv_a070602e	IV2502-037	PP031-PDH		2025-02-13	1277600	paid						17002024	ม.4 ต.เพหลา อ.คลองท่อม จ.กระบี่ (6707-03)	00797	องค์การบริหารส่วนตำบลเพหลา	2025-02-13	WTP	Pinpoint	5.โครงการที่รับเงินแล้วสะสม	2025-03-26	26.03.2025 เงินเข้าแล้ว	AR2502-032	3	6707-03
iv_0b2215b2	IV2502-036	AW072		2025-02-13	3089400	paid						11802024	ST II S-บ้านคลองโพธิ์ ม.7 ต.ดงละคร อ.เมืองนครนายก จ.นครนายก (6707-03)	00784	องค์การบริหารส่วนตำบลดงละคร	2025-02-13	WTP	ภาคตะวันออก	5.โครงการที่รับเงินแล้วสะสม	2025-03-13	13.03.2025 เงินเข้าแล้ว / คุณต้น 062-6420405	AR2502-033	2	6707-03
iv_d84206ed	IV2502-035	ENC022-PM		2025-02-13	3398057	paid						6502024	บ้านโคกสวรรค์ ม.15 ต.ศรีบุญเรือง อ.ศรีบุญเรือง จ.หนองบัวลำภู (6701-01)	00757	องค์การบริหารส่วนตำบลศรีบุญเรือง	2025-02-13	KTB	EN connect	5.โครงการที่รับเงินแล้วสะสม	2025-05-28	28.05.2025 เงินเข้าแล้ว / คุณวรรณ 087-9499351	AR2502-034	1	6701-01
iv_30b91bfb	IV2502-034	AW075-PL		2025-02-13	5400000	paid						12202024	บ้านหนองพลอง ม.4 ต.ขามเฒ่า อ.โนนสูง จ.นครราชสีมา (6714-01)	00410	องค์การบริหารส่วนตำบลขามเฒ่า	2025-02-13	STS	EN connect	5.โครงการที่รับเงินแล้วสะสม	2025-03-07	07.03.2025 เงินเข้าแล้ว / ผอ.นวล 087-8685321	AR2502-035	1	6714-01
iv_25f5a2ad	IV2502-033	AW076-PL		2025-02-13	5400000	paid						12102024	บ้านโนนสำโรง ม.8 ต.ขามเฒ่า อ.โนนสูง จ.นครราชสีมา (6707-03)	00410	องค์การบริหารส่วนตำบลขามเฒ่า	2025-02-13	STS	EN connect	5.โครงการที่รับเงินแล้วสะสม	2025-02-28	28.02.2025 เงินเข้าแล้ว / ผอ.นวล 087-8685321	AR2502-036	1	6707-03
iv_e5628018	IV2502-032	TTI004-PL		2025-02-13	5400000	paid						6202024	บ้านทุ่งกราด ม.8 ต.สะตอ อ.เขาสมิง จ.ตราด (6701-01)	00430	องค์การบริหารส่วนตำบลสะตอ	2025-02-13	STS	ภาคตะวันออก	5.โครงการที่รับเงินแล้วสะสม	2025-03-07	07.03.2025 เงินเข้าแล้ว / ผอ.ช่าง 091-0289197	AR2502-037	3	6701-01
iv_5c4b9b86	IV2502-031	PP032-PDH		2025-02-13	1277600	paid						17102024	รร.บ้านพรุเตย บ้านพรุเตยใต้ ม.3 ต.เพหลา อ.คลองท่อม จ.กระบี่ (6707-03)	00797	องค์การบริหารส่วนตำบลเพหลา	2025-02-13	WTP	Pinpoint	5.โครงการที่รับเงินแล้วสะสม	2025-03-26	26.03.2025 เงินเข้าแล้ว	AR2502-038	3	6707-03
iv_2376936f	IV2502-030	AW077-PSL		2025-02-11	4498000	paid						12302024	ม.1 ต.โคกยาง อ.เหนือคลอง จ.กระบี่ (6707-03)	00787	องค์การบริหารส่วนตำบลโคกยาง	2025-02-11	STS	Pinpoint	5.โครงการที่รับเงินแล้วสะสม	2025-05-15	15.05.2025 เงินเข้าแล้ว / คุณอมรรัตน์ 087-8938894	AR2502-018	3	6707-03
iv_9c02d8d0	IV2502-029	AW080-PSL		2025-02-11	4498000	paid						12602024	ม.4 ต.โคกยาง อ.เหนือคลอง จ.กระบี่ (6707-03)	00787	องค์การบริหารส่วนตำบลโคกยาง	2025-02-11	STS	Pinpoint	5.โครงการที่รับเงินแล้วสะสม	2025-05-15	15.05.2025 เงินเข้าแล้ว / คุณอมรรัตน์ 087-8938894	AR2502-019	3	6707-03
iv_b43be061	IV2502-028	AW074-PLS		2025-02-11	5400000	paid						12002024	บ้านโนนศิลาเลิง(หนองบึงแวง) ม.1 ต.โนนศิลาเลิง อ.ฆ้องชัย จ.กาฬสินธุ์ (6707-03)	00786	องค์การบริหารส่วนตำบลโนนศิลาเลิง	2025-02-11	STS	WTP	5.โครงการที่รับเงินแล้วสะสม	2025-05-15	15.05.2025 เงินเข้าแล้ว / คุณทัศนี 083-5196248	AR2502-020	1	6707-03
iv_d87d3d96	IV2502-027	AW115		2025-02-11	2059600	paid						21902024	ST II S-บ้านใหม่ ม.1 ต.บางแตน อ.บ้านสร้าง จ.ปราจีนบุรี (6707-03)	00809	องค์การบริหารส่วนตำบลบางแตน	2025-02-11	KTB	ภาคตะวันออก	5.โครงการที่รับเงินแล้วสะสม	2025-03-26	26.03.2025 เงินเข้าแล้ว / คุณหนึ่ง พัสดุ 092-0205619	AR2502-021	1	6707-03
iv_ac00732f	IV2502-026	AW116		2025-02-11	2059600	paid						21802024	ST II S-บ้านปลายคลอง ม.5 ต.บางแตน อ.บ้านสร้าง จ.ปราจีนบุรี (6707-03)	00809	องค์การบริหารส่วนตำบลบางแตน	2025-02-11	KTB	ภาคตะวันออก	5.โครงการที่รับเงินแล้วสะสม	2025-03-26	26.03.2025 เงินเข้าแล้ว / คุณหนึ่ง พัสดุ 092-0205619	AR2502-022	1	6707-03
iv_63639afc	IV2502-025	AW117		2025-02-11	2059600	paid						21702024	ST II S-บ้านเกาะลอย ม.7 ต.บางแตน อ.บ้านสร้าง จ.ปราจีนบุรี (6707-03)	00809	องค์การบริหารส่วนตำบลบางแตน	2025-02-11	KTB	ภาคตะวันออก	5.โครงการที่รับเงินแล้วสะสม	2025-03-26	26.03.2025 เงินเข้าแล้ว / คุณหนึ่ง พัสดุ 092-0205619	AR2502-023	1	6707-03
iv_97a30eae	IV2502-024	AW134-PL		2025-02-11	2160000	paid						26802024	ม.8 ต.นนทรี อ.กบินทร์บุรี จ.ปราจีนบุรี (6707-03)	00827	องค์การบริหารส่วนตำบลนนทรี	2025-02-11	WTP	ภาคตะวันออก	5.โครงการที่รับเงินแล้วสะสม	2025-04-01	01.04.2025 เงินเข้าแล้ว	AR2502-024	1	6707-03
iv_3502b575	IV2502-023	AW135-PL		2025-02-11	2160000	paid						26702024	ม.9 ต.นนทรี อ.กบินทร์บุรี จ.ปราจีนบุรี (6707-03)	00827	องค์การบริหารส่วนตำบลนนทรี	2025-02-11	WTP	ภาคตะวันออก	5.โครงการที่รับเงินแล้วสะสม	2025-04-01	01.04.2025 เงินเข้าแล้ว	AR2502-025	1	6707-03
iv_36c6a052	IV2502-022	AW137-PL		2025-02-11	2160000	paid						26502024	ม.12 ต.นนทรี อ.กบินทร์บุรี จ.ปราจีนบุรี (6707-03)	00827	องค์การบริหารส่วนตำบลนนทรี	2025-02-11	FUNDING	ภาคตะวันออก	5.โครงการที่รับเงินแล้วสะสม	2025-03-28	01.04.2025 เงินเข้าแล้ว	AR2502-026	1	6707-03
iv_938d0dff	IV2502-021	AW088-PLS		2025-02-10	3240000	paid						16402024	บ้านคลองยอ ม.8 ต.ทุ่งคลี อ.เดิมบางนางบวช จ.สุพรรณบุรี (6707-03)	00799	เทศบาลตำบลทุ่งคลี	2025-02-10	WTP	STR	5.โครงการที่รับเงินแล้วสะสม	2025-03-17	17.03.2025 เงินเข้าแล้ว / คุณเพทาย 098-3838738	AR2502-027	1	6707-03
iv_2cee0ed5	IV2502-020	ENC046-PDH		2025-02-10	1300000	paid						16502024	บ้านไทรงาม ม.1 ต.ไทรงาม อ.ไทรงาม จ.กำแพงเพชร (6707-03)	00793	เทศบาลตำบลไทรงาม	2025-02-10	WTP	EN connect	5.โครงการที่รับเงินแล้วสะสม	2025-04-25	25.04.2025 เงินเข้าแล้ว / ผอ.คลัง 055-791283	AR2502-028	1	6707-03
iv_2bc0d869	IV2502-019	ENC047-PDH		2025-02-10	1300000	paid						16602024	บ้านไทรงาม ม.4 ต.ไทรงาม อ.ไทรงาม จ.กำแพงเพชร (6707-03)	00793	เทศบาลตำบลไทรงาม	2025-02-10	WTP	EN connect	5.โครงการที่รับเงินแล้วสะสม	2025-04-25	25.04.2025 เงินเข้าแล้ว / ผอ.คลัง 055-791283	AR2502-029	1	6707-03
iv_45b6c729	IV2502-018	AW078-PSL		2025-02-04	4498000	paid						12402024	ม.2 ต.โคกยาง อ.เหนือคลอง จ.กระบี่ (6707-03)	00787	องค์การบริหารส่วนตำบลโคกยาง	2025-02-04	STS	Pinpoint	5.โครงการที่รับเงินแล้วสะสม	2025-05-15	15.05.2025 เงินเข้าแล้ว / คุณอมรรัตน์ 087-8938894	AR2502-030	3	6707-03
iv_74f1af73	IV2502-013	AW081-PSL		2025-02-10	4498000	paid						12702024	ม.5 ต.โคกยาง อ.เหนือคลอง จ.กระบี่ (6707-03)	00787	องค์การบริหารส่วนตำบลโคกยาง	2025-02-10	STS	Pinpoint	5.โครงการที่รับเงินแล้วสะสม	2025-05-15	15.05.2025 เงินเข้าแล้ว / คุณอมรรัตน์ 087-8938894	AR2502-014	3	6707-03
iv_f3869386	IV2502-012	AW073-PL		2025-02-07	3239400	paid						11902024	บ้านหนองปรือ ม.4 ต.ดงเสือเหลือง อ.โพธิ์ประทับช้าง จ.พิจิตร (6707-03)	00785	องค์การบริหารส่วนตำบลดงเสือเหลือง	2025-02-07	STS	EN connect	5.โครงการที่รับเงินแล้วสะสม	2025-02-28	28.02.2025 เงินเข้าแล้ว / คุณมน 086-7743797	AR2502-012	2	6707-03
iv_c28ac0f1	IV2502-011	PP030-PDH		2025-02-04	1279000	paid						16902024	โรงเรียนบ้านห้วยหลอด ม.3 ต.บางมะพร้าว อ.หลังสวน จ.ชุมพร (6707-03)	00189	องค์การบริหารส่วนตำบลบางมะพร้าว	2025-02-10	WTP	Pinpoint	5.โครงการที่รับเงินแล้วสะสม	2025-03-06	06.03.2025 เงินเข้าแล้ว / พัสดุ 077-630400	AR2502-031	3	6707-03
iv_1ae6895d	IV2502-010	AW068-PL		2025-02-03	3240000	paid						10002024	บ้านทุ่งไก่ดัก ม.4 ต.ท่ากุ่ม อ.เมืองตราด จ.ตราด (6707-03)	00781	องค์การบริหารส่วนตำบลท่ากุ่ม	2025-02-03	STS	ภาคตะวันออก	5.โครงการที่รับเงินแล้วสะสม	2025-03-14	14.03.2025 เงินเข้าแล้ว / คุณมน 083-0095931	AR2502-010	2	6707-03
iv_5dc7430b	IV2502-009	AW084-PL		2025-02-04	2160000	paid						14702024	บ้านเมืองพลับพลา ม.1 ต.เมืองพลับพลา อ.ห้วยแถลง จ.นครราชสีมา (6714-01)	00788	องค์การบริหารส่วนตำบลเมืองพลับพลา	2025-02-04	STS	EN connect	5.โครงการที่รับเงินแล้วสะสม	2025-03-14	14.03.2025 เงินเข้าแล้ว / คุณเอ๋ พัสดุ 088-5816238	AR2502-009	1	6714-01
iv_3df6d9e7	IV2502-008	AW091-PL		2025-02-03	2160000	paid						16702024	บ้านหนองขาม ม.15 ต.หนองขาม อ.จักราช จ.นครราชสีมา (6714-01)	00795	องค์การบริหารส่วนตำบลหนองขาม	2025-02-03	STS	EN connect	5.โครงการที่รับเงินแล้วสะสม	2025-03-12	12.03.2025 เงินเข้าแล้ว / คุณบ๊อบบี้ 090-2795015	AR2502-008	1	6714-01
iv_6ee25392	IV2502-007	AW090-PL		2025-02-03	2160000	paid						15402024	บ้านหนองนา ม.8 ต.งิ้ว อ.ห้วยแถลง จ.นครราชสีมา (6714-01)	00791	องค์การบริหารส่วนตำบลงิ้ว	2025-02-03	STS	EN connect	5.โครงการที่รับเงินแล้วสะสม	2025-04-11	11.04.2025 เงินเข้าแล้ว / รองปลัด 093-8233275	AR2502-007	1	6714-01
iv_1bfb66a5	IV2502-006	AW085-PL		2025-02-03	2160000	paid						14602024	บ้านบางสาว ม.2 ต.เขาวง อ.บ้านตาขุน จ.สุราษฎร์ธานี (6707-03)	00789	องค์การบริหารส่วนตำบลเขาวง	2025-02-03	STS	Pinpoint	5.โครงการที่รับเงินแล้วสะสม	2025-03-07	07.03.2025 เงินเข้าแล้ว  / พัสดุ 097-9363895	AR2502-006	1	6707-03
iv_451c550d	IV2502-005	INS010-PDH		2025-02-03	1300000	paid						11702024	โรงเรียนร่มฉัตรวิทยา ม.9 ต.แม่ลาน้อย อ.แม่ลาน้อย จ.แม่ฮ่องสอน (6707-03)	00419	เทศบาลตำบลแม่ลาน้อย	2025-02-03	WTP	Innovatech	5.โครงการที่รับเงินแล้วสะสม	2025-03-27	27.03.2025 เงินเข้าแล้ว / คุณอาพร 086-1835206	AR2502-001	3	6707-03
iv_22d16108	IV2502-004	INS011-PDH		2025-02-03	1300000	paid						11602024	บ้านวังคัน ม.5 ต.แม่ลาน้อย อ.แม่ลาน้อย จ.แม่ฮ่องสอน (6707-03)	00419	เทศบาลตำบลแม่ลาน้อย	2025-02-03	WTP	Innovatech	5.โครงการที่รับเงินแล้วสะสม	2025-03-27	27.03.2025 เงินเข้าแล้ว / คุณอาพร 086-1835206	AR2502-002	3	6707-03
iv_718b388b	IV2502-003	AW071-PL		2025-02-03	3240000	paid						11402024	ม.7 ต.ดอนยอ อ.เมืองนครนายก จ.นครนายก (6707-03)	00782	องค์การบริหารส่วนตำบลดอนยอ	2025-02-03	STS	ภาคตะวันออก	5.โครงการที่รับเงินแล้วสะสม	2025-03-31	31.03.2025 เงินเข้าแล้ว / คุณกาน 065-6697072	AR2502-003	2	6707-03
iv_37c06645	IV2502-002	INS009-PDH		2025-02-03	1300000	paid						11502024	โรงเรียนแม่ลาน้อยดรุณสิกข์ ม.9 ต.แม่ลาน้อย อ.แม่ลาน้อย จ.แม่ฮ่องสอน (6707-03)	00419	เทศบาลตำบลแม่ลาน้อย	2025-02-03	WTP	Innovatech	5.โครงการที่รับเงินแล้วสะสม	2025-03-27	27.03.2025 เงินเข้าแล้ว / คุณอาพร 086-1835206	AR2502-004	3	6707-03
iv_323d4b41	IV2502-001	PP007-PL		2025-02-03	3240000	paid						5002024	บ้านท่าสะอาด ม.7 ต.คำสร้างเที่ยง อ.สามชัย จ.กาฬสินธุ์ (6701-01)	00744	องค์การบริหารส่วนตำบลคำสร้างเที่ยง	2025-02-03	STS	WTP	5.โครงการที่รับเงินแล้วสะสม	2025-04-11	11.04.2025 เงินเข้าแล้ว	AR2502-005	2	6701-01
iv_b02f2f87	IV2501-030	TTI005-PL		2025-01-17	2152000	paid						9502024	บริเวณบ้านหนองกระจับ ม.6 ต.ดงพระราม อ.เมืองปราจีนบุรี จ.ปราจีนบุรี (6712-01)	00778	ที่ทำการปกครองอำเภอเมืองปราจีนบุรี	2025-01-17	KTB	ภาคตะวันออก	5.โครงการที่รับเงินแล้วสะสม	2025-03-07	07.03.2025 เงินเข้าแล้ว  / คุณมิ้ม 085-3335715	AR2501-034	1	6712-01
iv_f9e0cfba	IV2501-029	ENC023-PL		2025-01-31	2142196.22	paid						7002024	แก่งปลาปก ม.5 ต.ชมเจริญ อ.ปากชม จ.เลย (6701-01)	00761	องค์การบริหารส่วนตำบลชมเจริญ	2025-01-31	KTB	EN connect	5.โครงการที่รับเงินแล้วสะสม	2025-05-20	20.05.2025 เงินเข้าแล้ว / คุณอมร 084-7428010	AR2501-032	1	6701-01
iv_a91a75f2	IV2501-028	STR006-PL		2025-01-29	3240000	paid						4702024	บ้านลำพระยา ม.1 ต.ย่านยาว อ.สามชุก จ.สุพรรณบุรี (6701-01)	00742	องค์การบริหารส่วนตำบลย่านยาว	2025-01-29	STS	STR	5.โครงการที่รับเงินแล้วสะสม	2025-02-25	25.02.2025 เงินเข้าแล้ว / คุณรัตนา 063-5146514	AR2501-033	2	6701-01
iv_8e705dcf	IV2501-027			2025-01-29	134000	paid						1772025	SV-641-PL-บ้านสันกองใหม่ ม.9 ต.แม่ไร่  อ.แม่จัน จ.เชียงราย  (SV-6805-01)	00329	เทศบาลตำบลแม่ไร่	2025-01-29	WTP	Innovatech	5.โครงการที่รับเงินแล้วสะสม	2025-02-25	25.02.2025 เงินเข้าแล้ว	AR2501-031	3	SV-6805-01
iv_e8299e0f	IV2501-026			2025-01-29	134000	paid						1762025	SV-640-PL-บ้านป่ากว๋าว ม.1 ต.แม่ไร่ อ.แม่จัน จ.เชียงราย   (SV-6805-01)	00021	เทศบาลตำบลแม่ไร่	2025-01-29	WTP	Innovatech	5.โครงการที่รับเงินแล้วสะสม	2025-02-25	25.02.2025 เงินเข้าแล้ว	AR2501-030	3	SV-6805-01
iv_430a3be3	IV2501-025	AW106		2025-01-27	2060000	paid						18902024	ST II S-ม.9 ต.พระอาจารย์ อ.องครักษ์ จ.นครนายก (6707-03)	00800	องค์การบริหารส่วนตำบลพระอาจารย์	2025-01-27	STS	ภาคตะวันออก	5.โครงการที่รับเงินแล้วสะสม	2025-02-20	20.02.2025 เงินเข้าแล้ว / คุณมน 092-8392545	AR2501-029	1	6707-03
iv_0644f985	IV2501-021	ENC011-PL		2025-01-27	3237852	paid						4302024	บ้านทุ่งเกวียน ม.6 ต.เวียงตาล อ.ห้างฉัตร จ.ลำปาง (6701-01)	00501	เทศบาลตำบลเวียงตาล	2025-01-27	KTB	EN connect	5.โครงการที่รับเงินแล้วสะสม	2025-02-28	28.02.2025 เงินเข้าแล้ว / คุณนุ้ย การเงิน 0856269979	AR2501-025	2	6701-01
iv_2a154ca4	IV2501-020			2025-01-22	135000	paid						11342024	SV-865-PL-หนองตาดำ ม.6 ต.ท่าชัย อ.เมืองชัยนาท จ.ชัยนาท (SV-6801-01)	00224	องค์กาารบริหารส่วนตำบลท่าชัย	2025-01-22	WTP	STR	5.โครงการที่รับเงินแล้วสะสม	2025-02-17	17.02.2025 เงินเข้าแล้ว	AR2501-024	1	SV-6801-01
iv_d8ec8122	IV2501-019			2025-01-17	108000	paid						11332024	SV-886-PL-บ้านห้างฉัตรเหนือ ม.2  ต.ห้างฉัตร อ.ห้างฉัตร จ.ลำปาง (SV-6802-01)	00253	ที่ทำการปกครองอำเภอห้างฉัตร	2025-01-17	WTP	EN connect	5.โครงการที่รับเงินแล้วสะสม	2025-02-10	10.02.2025 เงินเข้าแล้ว (วท.07/02/2025)	AR2501-023	1	SV-6802-01
iv_b393450c	IV2501-018			2025-01-17	108000	paid						11322024	SV-878-PL-บ้านขามแดง ม.6 ต.ห้างฉัตร อ.ห้างฉัตร จ.ลำปาง (SV-6802-01)	00253	ที่ทำการปกครองอำเภอห้างฉัตร	2025-01-17	WTP	EN connect	5.โครงการที่รับเงินแล้วสะสม	2025-02-10	10.02.2025 เงินเข้าแล้ว (วท.07/02/2025)	AR2501-022	1	SV-6802-01
iv_a33e1d98	IV2501-017	PP024-PS		2025-01-24	1422000	paid						8202024	บ้านห้วยต่อ (น้ำตกอ่างทอง) ม.1 ต.ไม้ฝาด อ.สิเกา จ.ตรัง (6701-01)	00765	องค์การบริหารส่วนตำบลไม้ฝาด	2025-01-24	KTB	Pinpoint	5.โครงการที่รับเงินแล้วสะสม	2025-02-17	17.02.2025 เงินเข้าแล้ว / คุณจินดา 082-8409706	AR2501-021	2	6701-01
iv_5e0830c3	IV2501-016	TTI002-PL		2025-01-23	3120000	paid						3302024	บ้านหนองกวาง ม.8 ต.วังสรรพรส อ.ขลุง จ.จันทบุรี (6701-01)	00737	องค์การบริหารส่วนตำบลวังสรรพรส	2025-01-23	KTB	ภาคตะวันออก	5.โครงการที่รับเงินแล้วสะสม	2025-02-18	18.02.2025 เงินเข้าแล้ว  / ผอ.คลัง 081-7418138	AR2501-020	2	6701-01
iv_d89b363f	IV2501-015	AW073-PL		2025-01-20	2159600	paid						11902024	บ้านหนองปรือ ม.4 ต.ดงเสือเหลือง อ.โพธิ์ประทับช้าง จ.พิจิตร (6707-03)	00785	องค์การบริหารส่วนตำบลดงเสือเหลือง	2025-01-20	STS	EN connect	5.โครงการที่รับเงินแล้วสะสม	2025-02-18	18.02.2025 เงินเข้าแล้ว / คุณวาสนา 086-7743797	AR2501-018	1	6707-03
iv_2588bbe3	IV2501-013	AW065-PL		2025-01-21	5400000	paid						9602024	บ้านบางเตยเหนือ ม.1 ต.บางเตย อ.เมืองพังงา จ.พังงา (6707-03)	00514	เทศบาลตำบลบางเตย	2025-01-21	LIT	Pinpoint	5.โครงการที่รับเงินแล้วสะสม	2025-04-09	09.04.2025 เงินเข้าแล้ว	AR2501-017	3	6707-03
iv_b181bf6b	IV2501-012	PP028-PL		2025-01-20	3240000	paid						9402024	ม.2 ต.รัตภูมิ อ.ควนเนียง จ.สงขลา (6702-01)	00777	ที่ทำการปกครองอำเภอควนเนียง	2025-01-20	KTB	Pinpoint	5.โครงการที่รับเงินแล้วสะสม	2025-03-21	21.03.2025 เงินเข้าแล้ว / คุณมล 08-72991280	AR2501-016	2	6702-01
iv_3cd4f536	IV2501-011	ENC002-PL		2025-01-16	3214997.4	paid						1302024	บ้านไร่ ม.8 ต.นายาง อ.สบปราบ จ.ลำปาง (6701-01)	00201	องค์การบริหารส่วนตำบลนายาง	2025-01-16	STS	EN connect	5.โครงการที่รับเงินแล้วสะสม	2025-02-28	28.02.2025 เงินเข้าแล้ว  / คุณเด่น 096-9814296	AR2501-014	2	6701-01
iv_2f4c65fe	IV2501-010	AW072		2025-01-14	2059600	paid						11802024	ST II S-บ้านคลองโพธิ์ ม.7 ต.ดงละคร อ.เมืองนครนายก จ.นครนายก (6707-03)	00784	องค์การบริหารส่วนตำบลดงละคร	2025-01-14	WTP	ภาคตะวันออก	5.โครงการที่รับเงินแล้วสะสม	2025-02-18	18.02.2025 เงินเข้าแล้ว / คุณต้น 062-6420405	AR2501-013	1	6707-03
iv_350aa7f6	IV2501-008	STR010-PL		2025-01-13	3235974.52	paid						6802024	บ้านหนองแสลบ ม.4 ต.เลาขวัญ อ.เลาขวัญ จ.กาญจนบุรี (6701-01)	00115	องค์การบริหารส่วนตำบลเลาขวัญ	2025-01-13	KTB	STR	5.โครงการที่รับเงินแล้วสะสม	2025-03-24	24.03.2025 เงินเข้าแล้ว / คุณตู่ การเงิน 089-9227481	AR2501-011	2	6701-01
iv_96585cda	IV2501-007	PP022-PS		2025-01-07	1422000	paid						7702024	บ้านนาหละ(ชุมชนทุ่งพุด) ม.7 ต.ไม้ฝาด อ.สิเกา จ.ตรัง (6701-01)	00765	องค์การบริหารส่วนตำบลไม้ฝาด	2025-01-07	KTB	Pinpoint	5.โครงการที่รับเงินแล้วสะสม	2025-01-27	27.01.2025 เงินเข้าแล้ว / คุณจินดาพร 082-8409706	AR2501-012	2	6701-01
iv_0b035cf2	IV2501-005	ENC031-PL		2025-01-03	2080000	paid						8902024	บ้านสุขสบาย ม.12 ต.โพนสูง อ.บ้านดุง จ.อุดรธานี (6701-01)	00773	องค์การบริหารส่วนตำบลโพนสูง	2025-01-03	KTB	EN connect	5.โครงการที่รับเงินแล้วสะสม	2025-01-31	31.01.2025 เงินเข้าแล้ว / พัสดุ 095-8308357	AR2501-006	1	6701-01
iv_6030d2a5	IV2501-004	ENC030-PL		2025-01-03	2080000	paid						8802024	บ้านโพนสูงสวัสดี ม.1 ต.โพนสูง อ.บ้านดุง จ.อุดรธานี (6701-01)	00773	องค์การบริหารส่วนตำบลโพนสูง	2025-01-03	KTB	EN connect	5.โครงการที่รับเงินแล้วสะสม	2025-01-31	31.01.2025 เงินเข้าแล้ว / พัสดุ 095-8308357	AR2501-007	1	6701-01
iv_213203bf	IV2501-003	PP028-PL		2025-01-03	2160000	paid						9402024	ม.2 ต.รัตภูมิ อ.ควนเนียง จ.สงขลา (6702-01)	00777	ที่ทำการปกครองอำเภอควนเนียง	2025-01-03	KTB	Pinpoint	5.โครงการที่รับเงินแล้วสะสม	2025-03-21	21.03.2025 เงินเข้าแล้ว / คุณมล 08-72991280	AR2501-008	1	6702-01
iv_e3adc182	IV2501-002	TTI001-PL		2025-01-06	3239400	paid						1902024	บ้านหนองรี ม.5 ต.เมืองเก่า อ.กบินทร์บุรี จ.ปราจีนบุรี (6701-01)	00722	องค์การบริหารส่วนตำบลเมืองเก่า	2025-01-06	STS	ภาคตะวันออก	5.โครงการที่รับเงินแล้วสะสม	2025-02-07	07.02.2025 เงินเข้าแล้ว	AR2501-009	2	6701-01
iv_d2b199b5	IV2501-001	PP016-PM		2025-01-03	2040000	paid						6702024	บ้านควนโพธิ์ ม.3 ต.ย่านตาขาว อ.ย่านตาขาว จ.ตรัง (6701-01)	00759	เทศบาลตำบลควนโพธิ์	2025-01-03	KTB	Pinpoint	5.โครงการที่รับเงินแล้วสะสม	2025-01-24	24.01.2025 เงินเข้าแล้ว	AR2501-005	2	6701-01
iv_507251ee	IV2412-043			2024-12-11	85000	paid						11312024	SV-580-PM-บ้านน้ำลาน ม.2 ต.น้ำพาง อ.แม่จริม จ.น่าน (SV-6805-01)	00369	องค์การบริหารส่วนตำบลน้ำพาง	2024-12-11	WTP	Innovatech	5.โครงการที่รับเงินแล้วสะสม	2025-02-07	03.02.2025 เงินเข้าแล้ว	AR2412-052	1	SV-6805-01
iv_a62a7d25	IV2412-035	ENC025-PL		2024-12-27	3240000	paid						7502024	บ้านสี่เหลี่ยมประชามิตร ม.10 ต.หนองบัวโคก อ.ลำปลายมาศ จ.บุรีรัมย์ (6701-01)	00764	องค์การบริหารส่วนตำบลหนองบัวโคก	2024-12-27	KTB	EN connect	5.โครงการที่รับเงินแล้วสะสม	2025-02-24	24.02.2025 เงินเข้าแล้ว / พัสดุ 044-110624	AR2412-042	2	6701-01
iv_abd5413a	IV2412-034	ENC024-PL		2024-12-27	3240000	paid						7402024	บ้านสี่เหลี่ยมใหญ่ ม.3 ต.หนองบัวโคก อ.ลำปลายมาศ จ.บุรีรัมย์ (6701-01)	00764	องค์การบริหารส่วนตำบลหนองบัวโคก	2024-12-27	KTB	EN connect	5.โครงการที่รับเงินแล้วสะสม	2025-02-24	24.02.2025 เงินเข้าแล้ว / พัสดุ 044-110624	AR2412-043	2	6701-01
iv_79c8405e	IV2412-033	PP020-PL		2024-12-26	5399000	paid						7302024	บ้านเชียงเครือ ม.2 ต.เชียงเครือ อ.เมืองกาฬสินธุ์ จ.กาฬสินธุ์ (6701-01)	00763	เทศบาลตำบลเชียงเครือ	2024-12-26	KTB	WTP	5.โครงการที่รับเงินแล้วสะสม	2025-03-27	27.03.2025 เงินเข้าแล้ว / คุณปภาดา 096-4218621	AR2412-040	3	6701-01
iv_589eff58	IV2412-032	PP015-PL		2024-12-23	3240000	paid						6602024	โพธิ์ศรี ม.8 ต.สระแก้ว อ.พนมไพร จ.ร้อยเอ็ด (6701-01)	00758	องค์การบริหารส่วนตำบลสระแก้ว	2024-12-23	KTB	Pinpoint	5.โครงการที่รับเงินแล้วสะสม	2025-01-22	22.01.2025 เงินเข้าแล้ว	AR2412-035	2	6701-01
iv_955dad27	IV2412-029	AW071-PL		2024-12-24	2160000	paid						11402024	ม.7 ต.ดอนยอ อ.เมืองนครนายก จ.นครนายก (6707-03)	00782	องค์การบริหารส่วนตำบลดอนยอ	2024-12-24	STS	ภาคตะวันออก	5.โครงการที่รับเงินแล้วสะสม	2025-01-31	31.01.2025 เงินเข้าแล้ว / คุณกาน 065-6697072	AR2412-030	1	6707-03
iv_068b05ff	IV2412-028	PP019-PL		2024-12-23	3240000	paid						7202024	บ้านหนองบัว ม.14 ต.เจ้าท่า อ.กมลาไสย จ.กาฬสินธุ์ (6701-01)	00197	องค์การบริหารส่วนตำบลเจ้าท่า	2024-12-23	KTB	Pinpoint	5.โครงการที่รับเงินแล้วสะสม	2025-01-28	28.01.2025 เงินเข้าแล้ว/ คุณกุลรัตน์ 097-3355371	AR2412-025	2	6701-01
iv_5922cca3	IV2412-027	PP026-PL		2024-12-23	2160000	paid						8702024	บ้านดงเย็น ม.4 ต.ดงพยุง อ.ดอนจาน จ.กาฬสินธุ์ (6701-01)	00702	องค์การบริหารส่วนตำบลดงพยุง	2024-12-23	KTB	Pinpoint	5.โครงการที่รับเงินแล้วสะสม	2025-02-28	28.02.2025 เงินเข้าแล้ว / คุณปราถนา 0996404168	AR2412-026	1	6701-01
iv_54ba7c26	IV2412-026	TTI003-PL		2024-12-23	2080000	paid						4402024	บ้านคลอง 19 ม.9 ต.หมอนทอง อ.บางน้ำเปรี้ยว จ.ฉะเชิงเทรา (6701-01)	00740	องค์การบริหารส่วนตำบลหมอนทอง	2024-12-23	WTP	ภาคตะวันออก	5.โครงการที่รับเงินแล้วสะสม	2025-02-20	20.02.2025 เงินเข้าแล้ว / ผอ.คลัง 089-9842781	AR2412-027	1	6701-01
iv_528e32aa	IV2412-025	ENC032-PL		2024-12-23	3240000	paid						9002024	บ้านหนองนกคุ้ม ม.7 ต.หนองขาม อ.จักราช จ.นครราชสีมา (6702-01)	00774	ที่ทำการปกครองอำเภอจักราช	2024-12-23	STS	EN connect	5.โครงการที่รับเงินแล้วสะสม	2025-02-07	07.02.2025 เงินเข้าแล้ว / คุณสุ 093-1829140	AR2412-028	2	6702-01
iv_048b8eb6	IV2412-024	ENC033-PL		2024-12-23	3240000	paid						8602024	บ้านหนองปื้ด ม.8 ต.หนองขาม อ.จักราช จ.นครราชสีมา (6702-01)	00774	ที่ทำการปกครองอำเภอจักราช	2024-12-23	KTB	EN connect	5.โครงการที่รับเงินแล้วสะสม	2025-02-07	07.02.2025 เงินเข้าแล้ว / คุณสุ 093-1829140	AR2412-029	2	6702-01
iv_e3e9893a	IV2412-022	PP008-PL		2024-12-19	3240000	paid						5302024	บ้านพิมูล ม.2 ต.พิมูล อ.ห้วยเม็ก จ.กาฬสินธุ์ (6701-01)	00192	องค์การบริหารส่วนตำบลพิมูล	2024-12-19	STS	Pinpoint	5.โครงการที่รับเงินแล้วสะสม	2025-01-30	30.01.2025 เงินเข้าแล้ว / กองคลัง 084-9533772	AR2412-032	2	6701-01
iv_dfe9cdb0	IV2412-021	AW068-PL		2024-12-18	2160000	paid						10002024	บ้านทุ่งไก่ดัก ม.4 ต.ท่ากุ่ม อ.เมืองตราด จ.ตราด (6707-03)	00781	องค์การบริหารส่วนตำบลท่ากุ่ม	2024-12-18	STS	ภาคตะวันออก	5.โครงการที่รับเงินแล้วสะสม	2025-01-30	30.01.2025 เงินเข้าแล้ว / คุณมน 083-0095931	AR2412-021	1	6707-03
iv_9d05dd69	IV2412-020	ENC027-PL		2024-12-16	3240000	paid						7902024	บ้านตลาดใหม่ ม.7 ต.หนองปล้อง อ.วังทรายพูน จ.พิจิตร (6701-01)	00751	เทศบาลตำบลหนองปล้อง	2024-12-16	KTB	EN connect	5.โครงการที่รับเงินแล้วสะสม	2025-01-16	16.01.2025 เงินเข้าแล้ว	AR2412-020	2	6701-01
iv_2e9f73df	IV2412-019	STR012-PLS		2024-12-12	2270400	paid						14902024	บ้านคอกช้างพัฒนา ม.9 ต.หนองพลับ อ.หัวหิน จ.ประจวบคีรีขันธ์ (6712-01)	00790	ที่ทำการปกครองอำเภอหัวหิน	2024-12-12	STS	STR	5.โครงการที่รับเงินแล้วสะสม	2024-01-15	15.01.2025 เงินเข้าแล้ว	AR2412-017	1	6712-01
iv_d7114594	IV2412-018	PP014-PL		2024-12-18	3240000	paid						6302024	บ้านคำโพนทอง ม.5 ต.โคกสมบูรณ์ อ.กมลาไสย จ.กาฬสินธุ์ (6701-01)	00613	องค์การบริหารส่วนตำบลโคกสมบูรณ์	2024-12-18	KTB	Pinpoint	5.โครงการที่รับเงินแล้วสะสม	2025-02-24	24.02.2024 เงินเข้าแล้ว / คุณพรพัน 089-2338340	AR2412-022	2	6701-01
iv_6af27686	IV2412-017	PP023-PL		2024-12-12	3240000	paid						8002024	บ้านบอนเขียว ม.5 ต.นาขาม อ.กุฉินารายณ์ จ.กาฬสินธุ์ (6701-01)	00636	เทศบาลตำบลนาขาม	2024-12-12	KTB	WTP	5.โครงการที่รับเงินแล้วสะสม	2025-04-08	08.04.2025 เงินเข้าแล้ว	AR2412-019	2	6701-01
iv_dddd2ecf	IV2412-014	ENC020-PM		2024-12-11	1352878.5	paid						5902024	บ้านวังบอน ม.2 ต.อิปุ่ม อ.ด่านซ้าย จ.เลย (6701-01)	00750	องค์การบริหารส่วนตำบลอิปุ่ม	2024-12-11	KTB	EN connect	5.โครงการที่รับเงินแล้วสะสม	2025-02-11	11.02.2025 เงินเข้าแล้ว / คุณบุญถม 065-6395529	AR2412-013	1	6701-01
iv_7602c473	IV2412-013	PP013-PSL		2024-12-11	2700000	paid						6002024	บ้านสุวรรณคำ ม.4 ต.พรสวรรค์ อ.เสลภูมิ จ.ร้อยเอ็ด (6701-01)	00752	เทศบาลตำบลพรสวรรค์	2024-12-11	KTB	Pinpoint	5.โครงการที่รับเงินแล้วสะสม	2025-01-10	10.01.2025 เงินเข้าแล้ว	AR2412-014	2	6701-01
iv_723998a4	IV2412-012	INS008-PL		2024-12-11	5400000	paid						9102024	บ้านสักกลางพัฒนา ม.21 ต.งิ้ว อ.เทิง จ.เชียงราย (6702-01)	00775	ที่ทำการปกครองอำเภอเทิง	2024-12-11	KTB	Innovatech	5.โครงการที่รับเงินแล้วสะสม	2025-01-30	30.01.2025 เงินเข้าแล้ว	AR2412-012	3	6702-01
iv_c8c79888	IV2412-011	PP011-PL		2024-12-09	3240000	paid						5602024	คำบอน ม.3 ต.ยางอู้ม อ.ท่าคันโท จ.กาฬสินธุ์ (6701-01)	00748	องค์การบริหารส่วนตำบลยางอู้ม	2024-12-26	STS	Pinpoint	5.โครงการที่รับเงินแล้วสะสม	2025-02-07	07.02.2025 เงินเข้าแล้ว / คุณสุพรรณี 092-1387141 (มีค่าปรับ)	AR2412-053	2	6701-01
iv_d3ccc0ab	IV2412-010	AW088-PLS		2024-12-09	2311200	paid						16402024	บ้านคลองยอ ม.8 ต.ทุ่งคลี อ.เดิมบางนางบวช จ.สุพรรณบุรี (6707-03)	00799	เทศบาลตำบลทุ่งคลี	2024-12-09	WTP	STR	5.โครงการที่รับเงินแล้วสะสม	2024-12-27	27.12.2024 เงินเข้าแล้ว	AR2412-010	1	6707-03
iv_1d263333	IV2412-009	STR013-PMS		2024-12-06	1447200	paid						14802024	บ้านหนองหอย ม.10 ต.หนองพลับ อ.หัวหิน จ.ประจวบคีรีขันธ์ (6712-01)	00790	ที่ทำการปกครองอำเภอหัวหิน	2024-12-06	STS	STR	5.โครงการที่รับเงินแล้วสะสม	2025-01-17	17.01.2025 เงินเข้าแล้ว	AR2412-007	1	6712-01
iv_a69479e2	IV2412-008	STR014-PL		2024-12-06	2160000	paid						15002024	บ้านวไลย ม.1 ต.หนองพลับ อ.หัวหิน จ.ประจวบคีรีขันธ์ (6712-01)	00790	ที่ทำการปกครองอำเภอหัวหิน	2024-12-06	STS	STR	5.โครงการที่รับเงินแล้วสะสม	2024-01-15	15.01.2025 เงินเข้าแล้ว	AR2412-008	1	6712-01
iv_3229ac71	IV2412-007	ENC029-PL		2024-12-06	5220000	paid						8402024	บ้านม่วง ม.11 ต.จำปาโมง อ.บ้านผือ จ.อุดรธานี (6701-01)	00771	องค์การบริหารส่วนตำบลจำปาโมง	2024-12-06	KTB	EN connect	5.โครงการที่รับเงินแล้วสะสม	2025-01-02	02.01.2025 เงินเข้าแล้ว	AR2412-009	3	6701-01
iv_aeea670f	IV2412-006	ENC028-PL		2024-12-06	3240000	paid						8302024	หมู่บ้านหนองนกเขา ม.15 ต.หลุ่งตะเคียน อ.ห้วยแถลง จ.นครราชสีมา (6702-01)	00770	ที่ทำการปกครองอำเภอห้วยแถลง	2024-12-06	STS	EN connect	5.โครงการที่รับเงินแล้วสะสม	2025-02-25	25.02.2025 เงินเข้าแล้ว / คุณแจม 063-9011796	AR2412-006	2	6702-01
iv_d2a8f916	IV2412-005	ENC019-PL		2024-12-02	3240000	paid						5202024	บ้านดอนไชย ม.4 ต.หลวงเหนือ อ.งาว จ.ลำปาง (6701-01)	00747	เทศบาลตำบลหลวงเหนือ	2024-12-02	STS	EN connect	5.โครงการที่รับเงินแล้วสะสม	2025-02-07	07.02.2025 เงินเข้าแล้ว	AR2412-005	2	6701-01
iv_35cc9029	IV2412-003	ENC021-PM		2024-12-19	3400000	paid						6102024	บ้านโคกน้อย ม.10 ต.หนองโสน อ.นางรอง จ.บุรีรัมย์ (6701-01)	00753	องค์การบริหารส่วนตำบลหนองโสน	2024-12-19	KTB	EN connect	5.โครงการที่รับเงินแล้วสะสม	2025-02-20	20.02.2025 เงินเข้าแล้ว / คุณสมพร 085-7784837	AR2412-054	3	6701-01
iv_8b09ca9d	IV2412-002	PP018-PM		2024-12-02	2040000	paid						7102024	บ้านเกาะบก ม.6 ต.นาท่ามเหนือ อ.เมืองตรัง จ.ตรัง (6701-01)	00762	องค์การบริหารส่วนตำบลนาท่ามเหนือ	2024-12-02	KTB	Pinpoint	5.โครงการที่รับเงินแล้วสะสม	2024-12-27	27.12.2024 เงินเข้าแล้ว	AR2412-001	2	6701-01
iv_bc2fa288	IV2412-001	PP021-PM		2024-12-02	2040000	paid						7602024	บ้านเขาเพดาน(สามแยกทุ่งทวย) ม.7 ต.นาเมืองเพชร อ.สิเกา จ.ตรัง (6701-01)	00226	เทศบาลตำบลนาเมืองเพชร	2024-12-02	KTB	Pinpoint	5.โครงการที่รับเงินแล้วสะสม	2024-12-25	25.12.2024 เงินเข้าแล้ว	AR2412-002	2	6701-01
iv_b3b023a8	IV2411-027	ENC014-PM		2024-11-29	2040000	paid						3802024	บ้านโนนจันทา ม.17 ต.เมืองไผ่ อ.หนองกี่ จ.บุรีรัมย์ (6701-01)	00140	องค์การบริหารส่วนตำบลเมืองไผ่	2024-11-29	KTB	EN connect	5.โครงการที่รับเงินแล้วสะสม	2024-12-27	27.12.2024 เงินเข้าแล้ว	AR2411-025	2	6701-01
iv_a2418f65	IV2411-026	ENC015-PL		2024-11-29	3240000	paid						3902024	บ้านห้วยลึก ม.8 ต.เมืองไผ่ อ.หนองกี่ จ.บุรีรัมย์ (6701-01)	00140	องค์การบริหารส่วนตำบลเมืองไผ่	2024-11-29	KTB	EN connect	5.โครงการที่รับเงินแล้วสะสม	2024-12-27	27.12.2024 เงินเข้าแล้ว	AR2411-026	2	6701-01
iv_af022798	IV2411-025	ENC016-PL		2024-11-29	3240000	paid						4002024	บ้านวังหินพัฒนา ม.14 ต.เถินบุรี อ.เถิน จ.ลำปาง (6701-01)	00739	เทศบาลตำบลเถินบุรี	2024-11-29	KTB	EN connect	5.โครงการที่รับเงินแล้วสะสม	2025-01-29	29.01.2025 เงินเข้าแล้ว / คุณลฎาภา 085-689-4000	AR2411-027	2	6701-01
iv_1b68cb67	IV2411-024	ENC017-PM		2024-11-29	2028000	paid						4602024	บ้านจิตเสือเต้น ม.4 ต.เขาเจ็ดลูก อ.ทับคล้อ จ.พิจิตร (6701-01)	00741	องค์การบริหารส่วนตำบลเขาเจ็ดลูก	2024-11-29	STS	EN connect	5.โครงการที่รับเงินแล้วสะสม	2024-12-25	25.12.2024 เงินเข้าแล้ว	AR2411-028	2	6701-01
iv_3b7cb468	IV2411-023	ENC013-PM		2024-11-29	2040000	paid						3702024	บ้านหนองม่วง ม.7 ต.เมืองไผ่ อ.หนองกี่ จ.บุรีรัมย์ (6701-01)	00140	องค์การบริหารส่วนตำบลเมืองไผ่	2024-11-29	KTB	EN connect	5.โครงการที่รับเงินแล้วสะสม	2024-12-27	27.12.2024 เงินเข้าแล้ว	AR2411-029	2	6701-01
iv_cb55745c	IV2411-022	ENC009-PL		2024-11-28	3780000	paid						4102024	บ้านน้ำโท้ง ม.5 ต.บ่อแฮ้ว อ.เมืองลำปาง จ.ลำปาง (6701-01)	00736	องค์การบริหารส่วนตำบลบ่อแฮ้ว	2024-11-28	KTB	EN connect	5.โครงการที่รับเงินแล้วสะสม	2024-12-20	20.12.2024 เงินเข้าแล้ว	AR2411-021	2	6701-01
iv_28807632	IV2411-021	ENC010-PL		2024-11-28	3780000	paid						4202024	ดงสันเงิน ม.15 ต.บ่อแฮ้ว อ.เมืองลำปาง จ.ลำปาง (6701-01)	00736	องค์การบริหารส่วนตำบลบ่อแฮ้ว	2024-11-28	KTB	EN connect	5.โครงการที่รับเงินแล้วสะสม	2024-12-20	20.12.2024 เงินเข้าแล้ว	AR2411-022	2	6701-01
iv_93fdb89a	IV2411-020	PP025-PL		2024-11-21	2160000	paid						8502024	บ้านไร่ออก ม.5 ต.บ่อหิน อ.สิเกา จ.ตรัง (6701-01)	00772	องค์การบริหารส่วนตำบลบ่อหิน	2024-11-21	KTB	Pinpoint	5.โครงการที่รับเงินแล้วสะสม	2024-12-30	26.12.2024 เงินเข้าแล้ว	AR2411-020	1	6701-01
iv_b35a074c	IV2411-019	PP023-PL		2024-11-19	2160000	paid						8002024	บ้านบอนเขียว ม.5 ต.นาขาม อ.กุฉินารายณ์ จ.กาฬสินธุ์ (6701-01)	00636	เทศบาลตำบลนาขาม	2024-11-19	KTB	Pinpoint	5.โครงการที่รับเงินแล้วสะสม	2025-01-31	31.01.2025 เงินเข้าแล้ว / พัสดุ 095-8308357	AR2411-018	1	6701-01
iv_1878d2c0	IV2411-018	STR008-PL		2024-11-20	3235974.52	paid						5402024	เปรงพุทรา ม.10 ต.เลาขวัญ อ.เลาขวัญ จ.กาญจนบุรี (6701-01)	00115	องค์การบริหารส่วนตำบลเลาขวัญ	2024-11-20	STS	STR	5.โครงการที่รับเงินแล้วสะสม	2024-12-23	23.12.2024 เงินเข้าแล้ว / คุณตู่ 089-9227481	AR2411-019	2	6701-01
iv_9e6cdd26	IV2411-017	ENC006-PL		2024-11-15	3240000	paid						2102024	บ้านโนนสะอาด ม.2 ต.บ้านแวง อ.พุทไธสง จ.บุรีรัมย์ (6701-01)	00724	องค์การบริหารส่วนตำบลบ้านแวง	2024-11-15	STS	EN connect	5.โครงการที่รับเงินแล้วสะสม	2024-12-16	16.12.2024 เงินเข้าแล้ว	AR2411-017	2	6701-01
iv_1c3ea64f	IV2411-016	ENC028-PL		2024-11-05	2160000	paid						8302024	หมู่บ้านหนองนกเขา ม.15 ต.หลุ่งตะเคียน อ.ห้วยแถลง จ.นครราชสีมา (6702-01)	00770	ที่ทำการปกครองอำเภอห้วยแถลง	2024-11-05	STS	EN connect	5.โครงการที่รับเงินแล้วสะสม	2025-02-25	25.02.2025 เงินเข้าแล้ว  / คุณแจม 063-9011796	AR2411-016	1	6702-01
iv_a2356015	IV2411-015	ENC033-PL		2024-11-15	2160000	paid						8602024	บ้านหนองปื้ด ม.8 ต.หนองขาม อ.จักราช จ.นครราชสีมา (6702-01)	00774	ที่ทำการปกครองอำเภอจักราช	2024-11-15	KTB	EN connect	5.โครงการที่รับเงินแล้วสะสม	2025-02-04	04.02.2025 เงินเข้าแล้ว / คุณสุ 093-1829140	AR2411-012	1	6702-01
iv_9940362c	IV2411-014	ENC032-PL		2024-11-15	2160000	paid						9002024	บ้านหนองนกคุ้ม ม.7 ต.หนองขาม อ.จักราช จ.นครราชสีมา (6702-01)	00774	ที่ทำการปกครองอำเภอจักราช	2024-11-15	STS	EN connect	5.โครงการที่รับเงินแล้วสะสม	2025-02-04	04.02.2025 เงินเข้าแล้ว / คุณสุ 093-1829140	AR2411-013	1	6702-01
iv_ce12f172	IV2411-013	ENC007-PL		2024-11-15	3240000	paid						2202024	บ้านสระแวง ม.7 ต.บ้านแวง อ.พุทไธสง จ.บุรีรัมย์ (6701-01)	00724	องค์การบริหารส่วนตำบลบ้านแวง	2024-11-15	STS	EN connect	5.โครงการที่รับเงินแล้วสะสม	2024-12-16	16.12.2024 เงินเข้าแล้ว	AR2411-014	2	6701-01
iv_3d3390d6	IV2411-012	ENC005-PL		2024-11-15	3240000	paid						2002024	บ้านแวง ม.1 ต.บ้านแวง อ.พุทไธสง จ.บุรีรัมย์ (6701-01)	00724	องค์การบริหารส่วนตำบลบ้านแวง	2024-11-15	STS	EN connect	5.โครงการที่รับเงินแล้วสะสม	2024-12-16	16.12.2024 เงินเข้าแล้ว	AR2411-015	2	6701-01
iv_be93fe93	IV2411-011	STR009-PL		2024-11-13	3120000	paid						6402024	บ้านหนองปลิง ม.7 ต.ทุ่งกระบ่ำ อ.เลาขวัญ จ.กาญจนบุรี (6701-01)	00755	องค์การบริหารส่วนตำบลทุ่งกระบ่ำ	2024-11-13	KTB	STR	5.โครงการที่รับเงินแล้วสะสม	2024-12-13	13.12.2024 เงินเข้าแล้ว	AR2411-011	2	6701-01
iv_9db4d8a1	IV2411-010	STR010-PL		2024-11-11	2160000	paid						6802024	บ้านหนองแสลบ ม.4 ต.เลาขวัญ อ.เลาขวัญ จ.กาญจนบุรี (6701-01)	00115	องค์การบริหารส่วนตำบลเลาขวัญ	2024-11-11	KTB	STR	5.โครงการที่รับเงินแล้วสะสม	2024-12-06	04.12.2024 เงินเข้าแล้ว	AR2411-008	1	6701-01
iv_8558857a	IV2411-009	ENC012-PL		2024-11-12	3240000	paid						3602024	เมืองน้อย ม.4 ต.ศรีสว่าง อ.นาโพธิ์ จ.บุรีรัมย์ (6701-01)	00738	องค์การบริหารส่วนตำบลศรีสว่าง	2024-11-12	KTB	EN connect	5.โครงการที่รับเงินแล้วสะสม	2024-12-18	18.12.2024 เงินเข้าแล้ว	AR2411-010	2	6701-01
iv_6dfa0667	IV2411-008	PP024-PS		2024-11-11	948000	paid						8202024	บ้านห้วยต่อ (น้ำตกอ่างทอง) ม.1 ต.ไม้ฝาด อ.สิเกา จ.ตรัง (6701-01)	00765	องค์การบริหารส่วนตำบลไม้ฝาด	2024-11-11	KTB	Pinpoint	5.โครงการที่รับเงินแล้วสะสม	2024-12-09	09.12.2024 เงินเข้าแล้ว	AR2411-009	1	6701-01
iv_074b44c6	IV2411-007	PP017-PM		2024-11-08	2040000	paid						6902024	บ้านห้วยลึก ม.2 ต.วังวน อ.กันตัง จ.ตรัง (6701-01)	00760	องค์การบริหารส่วนตำบลวังวน	2024-11-08	KTB	Pinpoint	5.โครงการที่รับเงินแล้วสะสม	2024-12-04	04.12.2024 เงินเข้าแล้ว	AR2411-007	2	6701-01
iv_c9bb73a6	IV2411-006	ENC018-PL		2024-11-07	3240000	paid						5102024	บ้านเนินสำราญ ม.2 ต.ไทรงาม อ.ไทรงาม จ.กำแพงเพชร (6701-01)	00745	องค์การบริหารส่วนตำบลไทรงาม	2024-11-07	STS	EN connect	5.โครงการที่รับเงินแล้วสะสม	2024-11-29	29.11.2024 เงินเข้าแล้ว	AR2411-006	2	6701-01
iv_fdb08d85	IV2411-004	ENC027-PL		2024-11-07	2160000	paid						7902024	บ้านตลาดใหม่ ม.7 ต.หนองปล้อง อ.วังทรายพูน จ.พิจิตร (6701-01)	00751	เทศบาลตำบลหนองปล้อง	2024-11-07	KTB	EN connect	5.โครงการที่รับเงินแล้วสะสม	2024-12-20	20.12.2024 เงินเข้าแล้ว	AR2411-004	1	6701-01
iv_b1e94bed	IV2411-003	PP015-PL		2024-11-04	2160000	paid						6602024	โพธิ์ศรี ม.8 ต.สระแก้ว อ.พนมไพร จ.ร้อยเอ็ด (6701-01)	00758	องค์การบริหารส่วนตำบลสระแก้ว	2024-11-04	KTB	Pinpoint	5.โครงการที่รับเงินแล้วสะสม	2024-11-27	27.11.2024 เงินเข้าแล้ว	AR2411-003	1	6701-01
iv_130f1dcb	IV2411-002	PP005-PL		2024-11-04	4320000	paid						2602024	บ้านห้วยพลูหนัง ม.3 ต.ทรายขาว อ.คลองท่อม จ.กระบี่ (6701-01)	00176	เทศบาลตำบลทรายขาว	2024-11-04	KTB	Pinpoint	5.โครงการที่รับเงินแล้วสะสม	2024-12-06	06.12.2024 เงินเข้าแล้ว	AR2411-002	2	6701-01
iv_e4b77864	IV2410-021	INS001-PL		2024-10-29	3780000	paid						1102024	บ้านนาขุม ม.1 ต.นาขุม อ.บ้านโคก จ.อุตรดิตถ์ (6701-01)	00718	องค์การบริหารส่วนตำบลนาขุม	2024-10-29	STS	Innovatech	5.โครงการที่รับเงินแล้วสะสม	2024-11-15	15.11.2024 เงินเข้าแล้ว	AR2410-019	2	6701-01
iv_5428558a	IV2410-020	PP019-PL		2024-10-29	2160000	paid						7202024	บ้านหนองบัว ม.14 ต.เจ้าท่า อ.กมลาไสย จ.กาฬสินธุ์ (6701-01)	00197	องค์การบริหารส่วนตำบลเจ้าท่า	2024-10-29	KTB	Pinpoint	5.โครงการที่รับเงินแล้วสะสม	2024-12-27	27.12.2024 เงินเข้าแล้ว	AR2410-018	1	6701-01
iv_fbf1bbb9	IV2410-019	PP022-PS		2024-10-28	948000	paid						7702024	บ้านนาหละ(ชุมชนทุ่งพุด) ม.7 ต.ไม้ฝาด อ.สิเกา จ.ตรัง (6701-01)	00765	องค์การบริหารส่วนตำบลไม้ฝาด	2024-10-28	KTB	Pinpoint	5.โครงการที่รับเงินแล้วสะสม	2024-11-22	22.11.2024 เงินเข้าแล้ว	AR2410-016	1	6701-01
iv_97f442ac	IV2410-018	PP007-PL		2024-10-28	2160000	paid						5002024	บ้านท่าสะอาด ม.7 ต.คำสร้างเที่ยง อ.สามชัย จ.กาฬสินธุ์ (6701-01)	00744	องค์การบริหารส่วนตำบลคำสร้างเที่ยง	2024-10-28	STS	Pinpoint	5.โครงการที่รับเงินแล้วสะสม	2025-01-15	15.01.2025 เงินเข้าแล้ว	AR2410-017	1	6701-01
iv_1f79ae5b	IV2410-017	INS002-PL		2024-10-25	3240000	paid						1502024	บ้านหลวงป่ายาง ม.2 ต.น้ำอ่าง อ.ตรอน จ.อุตรดิตถ์ (6701-01)	00467	องค์การบริหารส่วนตำบลน้ำอ่าง	2024-10-25	STS	Innovatech	5.โครงการที่รับเงินแล้วสะสม	2024-11-14	14.11.2024 เงินเข้าแล้ว	AR2410-015	2	6701-01
iv_8c08977c	IV2410-016	ENC025-PL		2024-10-17	2160000	paid						7502024	บ้านสี่เหลี่ยมประชามิตร ม.10 ต.หนองบัวโคก อ.ลำปลายมาศ จ.บุรีรัมย์ (6701-01)	00764	องค์การบริหารส่วนตำบลหนองบัวโคก	2024-10-17	KTB	EN connect	5.โครงการที่รับเงินแล้วสะสม	2024-12-11	11.12.2024 เงินเข้าแล้ว	AR2410-013	1	6701-01
iv_d08ea197	IV2410-015	ENC024-PL		2024-10-17	2160000	paid						7402024	บ้านสี่เหลี่ยมใหญ่ ม.3 ต.หนองบัวโคก อ.ลำปลายมาศ จ.บุรีรัมย์ (6701-01)	00764	องค์การบริหารส่วนตำบลหนองบัวโคก	2024-10-17	KTB	EN connect	5.โครงการที่รับเงินแล้วสะสม	2024-12-11	11.12.2024 เงินเข้าแล้ว	AR2410-014	1	6701-01
iv_ab0b6814	IV2410-012	STR004-PL		2024-10-09	3232800	paid						3102024	บ้านหินงามพุพลู ม.11 ต.ลุ่มสุ่ม อ.ไทรโยค จ.กาญจนบุรี (6701-01)	00734	องค์การบริหารส่วนตำบลลุ่มสุ่ม	2024-10-09	KTB	STR	5.โครงการที่รับเงินแล้วสะสม	2024-11-13	13.11.2024 เงินเข้าแล้ว	AR2410-007	2	6701-01
iv_b2080792	IV2410-011	STR007-PL		2024-10-11	3240000	paid						4802024	บ้านย่านยาว ม.3 ต.ย่านยาว อ.สามชุก จ.สุพรรณบุรี (6701-01)	00742	องค์การบริหารส่วนตำบลย่านยาว	2024-10-11	STS	STR	5.โครงการที่รับเงินแล้วสะสม	2024-11-08	08.11.2024 เงินเข้าแล้ว	AR2410-010	2	6701-01
iv_d25bdd26	IV2410-010	PP018-PM		2024-10-10	1360000	paid						7102024	บ้านเกาะบก ม.6 ต.นาท่ามเหนือ อ.เมืองตรัง จ.ตรัง (6701-01)	00762	องค์การบริหารส่วนตำบลนาท่ามเหนือ	2024-10-10	KTB	Pinpoint	5.โครงการที่รับเงินแล้วสะสม	2024-11-12	12.11.2024 เงินเข้าแล้ว	AR2410-008	1	6701-01
iv_048914e6	IV2410-009	PP021-PM		2024-10-10	1360000	paid						7602024	บ้านเขาเพดาน(สามแยกทุ่งทวย) ม.7 ต.นาเมืองเพชร อ.สิเกา จ.ตรัง (6701-01)	00226	เทศบาลตำบลนาเมืองเพชร	2024-10-10	KTB	Pinpoint	5.โครงการที่รับเงินแล้วสะสม	2024-11-06	06.11.2024 เงินเข้าแล้ว	AR2410-009	1	6701-01
iv_d136a5b9	IV2410-008	PP010-PL		2024-10-09	3240000	paid						5802024	บ้านดำรงพัฒนา ม.14 ต.นาเชือก อ.นาเชือก จ.มหาสารคาม (6701-01)	00403	องค์การบริหารส่วนตำบลนาเชือก	2024-10-09	WTP	Pinpoint	5.โครงการที่รับเงินแล้วสะสม	2024-10-01	01.11.2024 เงินเข้าแล้ว	AR2410-005	2	6701-01
iv_343c72a3	IV2410-007	ENC017-PM		2024-10-07	1336709.71	paid						4602024	บ้านจิตเสือเต้น ม.4 ต.เขาเจ็ดลูก อ.ทับคล้อ จ.พิจิตร (6701-01)	00741	องค์การบริหารส่วนตำบลเขาเจ็ดลูก	2024-10-07	STS	EN connect	5.โครงการที่รับเงินแล้วสะสม	2024-11-22	22.11.2024 เงินเข้าแล้ว	AR2410-004	1	6701-01
iv_f1753192	IV2410-006	ENC001-PL		2024-10-09	3238200	paid						1202024	บ้านนา ม.2 ต.บ้านนา อ.วชิรบารมี จ.พิจิตร (6701-01)	00719	องค์การบริหารส่วนตำบลบ้านนา	2024-10-09	STS	EN connect	5.โครงการที่รับเงินแล้วสะสม	2024-10-30	31.10.2024 เงินเข้าแล้ว	AR2410-006	2	6701-01
iv_beca8473	IV2410-005	STR005-PL		2024-10-02	3240000	paid						3202024	บ้านหนองบ้านเก่า ม.7 ต.บ้านเก่า อ.เมืองกาญจนบุรี จ.กาญจนบุรี (6701-01)	00735	องค์การบริหารส่วนตำบลบ้านเก่า	2024-10-02	KTB	STR	5.โครงการที่รับเงินแล้วสะสม	2024-11-06	11.11.2024 เงินเข้าแล้ว	AR2410-002	2	6701-01
iv_c2fc8857	IV2410-004	PP009-PL		2024-10-04	3240000	paid						5502024	ดงแจ้ง ม.7 ต.เหล่าน้อย อ.เสลภูมิ จ.ร้อยเอ็ด (6701-01)	00167	องค์การบริหารส่วนตำบลเหล่าน้อย	2024-10-04	KTB	Pinpoint	5.โครงการที่รับเงินแล้วสะสม	2024-10-22	24.10.2024 เงินเข้าแล้ว	AR2410-003	2	6701-01
iv_daa8d866	IV2410-003	PP011-PL		2024-10-01	2160000	paid						5602024	คำบอน ม.3 ต.ยางอู้ม อ.ท่าคันโท จ.กาฬสินธุ์ (6701-01)	00748	องค์การบริหารส่วนตำบลยางอู้ม	2024-10-01	STS	Pinpoint	5.โครงการที่รับเงินแล้วสะสม	2024-11-08	08.11.2024 เงินเข้าแล้ว	AR2410-001	1	6701-01
iv_2dbe5bbf	IV2409-050	STR003-PL		2024-09-27	3232800	paid						3002024	บ้านลุ่มผึ้ง ม.3 ต.ลุ่มสุ่ม อ.ไทรโยค จ.กาญจนบุรี (6701-01)	00734	องค์การบริหารส่วนตำบลลุ่มสุ่ม	2024-09-27	KTB	STR	5.โครงการที่รับเงินแล้วสะสม	2024-10-25	25.10.2024 เงินเข้าแล้ว	AR2409-052	2	6701-01
iv_0d651ad4	IV2409-038	PP017-PM		2024-09-25	1360000	paid						6902024	บ้านห้วยลึก ม.2 ต.วังวน อ.กันตัง จ.ตรัง (6701-01)	00760	องค์การบริหารส่วนตำบลวังวน	2024-09-25	KTB	Pinpoint	5.โครงการที่รับเงินแล้วสะสม	2024-10-30	31.10.2024 เงินเข้าแล้ว	AR2409-036	1	6701-01
iv_8711347e	IV2409-037	PP016-PM		2024-09-25	1360000	paid						6702024	บ้านควนโพธิ์ ม.3 ต.ย่านตาขาว อ.ย่านตาขาว จ.ตรัง (6701-01)	00759	เทศบาลตำบลควนโพธิ์	2024-09-25	KTB	Pinpoint	5.โครงการที่รับเงินแล้วสะสม	2024-12-25	25.12.2024 เงินเข้าแล้ว	AR2409-037	1	6701-01
iv_d5152127	IV2409-033	ENC002-PL		2024-09-24	2160000	paid						1302024	บ้านไร่ ม.8 ต.นายาง อ.สบปราบ จ.ลำปาง (6701-01)	00201	องค์การบริหารส่วนตำบลนายาง	2024-09-24	STS	EN connect	5.โครงการที่รับเงินแล้วสะสม	2024-10-25	25.10.2024 เงินเข้าแล้ว	AR2409-035	1	6701-01
iv_c9643a89	IV2409-032			2024-09-23	227000	paid						27202023	SV-639-PM-บริเวณบ้านนายฉุย ม.3 ต.บางหมาก อ.กันตัง จ.ตรัง (SV-6608-01)	00161	องค์การบริหารส่วนตำบลบางหมาก	2024-09-23	WTP	Pinpoint	5.โครงการที่รับเงินแล้วสะสม	2024-10-09	09.10.2024 เงินเข้าแล้ว	AR2409-031		6701-01
iv_af840e13	IV2409-029	STR002-PL		2024-09-12	3240000	paid						2902024	บ้านดงรัง ม.4 ต.วังคัน อ.ด่านช้าง จ.สุพรรณบุรี (6701-01)	00235	องค์การบริหารส่วนตำบลวังคัน	2024-09-12	KTB	STR	5.โครงการที่รับเงินแล้วสะสม	2024-10-02	03.10.2024 เงินเข้าแล้ว	AR2409-027	2	6701-01
iv_f3440442	IV2409-028	STR009-PL		2024-09-13	2080000	paid						6402024	บ้านหนองปลิง ม.7 ต.ทุ่งกระบ่ำ อ.เลาขวัญ จ.กาญจนบุรี (6701-01)	00755	องค์การบริหารส่วนตำบลทุ่งกระบ่ำ	2024-09-13	KTB	STR	5.โครงการที่รับเงินแล้วสะสม	2024-10-25	25.10.2024 เงินเข้าแล้ว	AR2409-028	1	6701-01
iv_b25d2476	IV2409-027	STR006-PL		2024-09-12	2160000	paid						4702024	บ้านลำพระยา ม.1 ต.ย่านยาว อ.สามชุก จ.สุพรรณบุรี (6701-01)	00742	องค์การบริหารส่วนตำบลย่านยาว	2024-09-12	STS	STR	5.โครงการที่รับเงินแล้วสะสม	2024-10-18	18.10.2024 เงินเข้าแล้ว	AR2409-026	1	6701-01
iv_b00b8b24	IV2409-026	PP013-PSL		2024-09-11	1800000	paid						6002024	บ้านสุวรรณคำ ม.4 ต.พรสวรรค์ อ.เสลภูมิ จ.ร้อยเอ็ด (6701-01)	00752	เทศบาลตำบลพรสวรรค์	2024-09-11	KTB	Pinpoint	5.โครงการที่รับเงินแล้วสะสม	2024-09-25	25.09.2024 เงินเข้าแล้ว	AR2409-025	1	6701-01
iv_35f201c5	IV2409-025	PP012-PM		2024-09-19	2040000	paid						5702024	บ้านบางหิน ม.5 ต.คลองชะอุ่น อ.พนม จ.สุราษฎร์ธานี (6701-01)	00749	เทศบาลตำบลคลองชะอุ่น	2024-09-19	WTP	Pinpoint	5.โครงการที่รับเงินแล้วสะสม	2024-09-30	30.09.2024 เงินเข้าแล้ว	AR2409-024	2	6701-01
iv_cb3cdfa2	IV2409-024	PP006-PL		2024-09-16	3240000	paid						4902024	บ้านดอนทิงทวด ม.11 ต.บางหมาก อ.เมืองชุมพร จ.ชุมพร (6701-01)	00743	เทศบาลตำบลบางหมาก	2024-09-16	WTP	Pinpoint	5.โครงการที่รับเงินแล้วสะสม	2024-09-25	25.09.2024 เงินเข้าแล้ว	AR2409-022	2	6701-01
iv_51364c60	IV2409-023	ENC008-PM		2024-09-16	2040000	paid						2302024	บ้านหนองพนัง ม.1 ต.โป่งน้ำร้อน อ.ฝาง จ.เชียงใหม่ (6701-01)	00723	องค์การบริหารส่วนตำบลโป่งน้ำร้อน	2024-09-16	STS	EN connect	5.โครงการที่รับเงินแล้วสะสม	2024-10-08	08.10.2024 เงินเข้าแล้ว	AR2409-023	2	6701-01
iv_65e1a27c	IV2409-021	ENC018-PL		2024-09-13	2160000	paid						5102024	บ้านเนินสำราญ ม.2 ต.ไทรงาม อ.ไทรงาม จ.กำแพงเพชร (6701-01)	00745	องค์การบริหารส่วนตำบลไทรงาม	2024-09-13	STS	EN connect	5.โครงการที่รับเงินแล้วสะสม	2024-10-08	08.10.2024 เงินเข้าแล้ว	AR2409-020	1	6701-01
iv_3c4a4fdf	IV2409-019	INS003-PL		2024-09-12	5400000	paid						2802024	ห้วยพลู ม.1 ต.ท่าสุด อ.เมืองเชียงราย จ.เชียงราย (6701-01)	00727	เทศบาลตำบลท่าสุด	2024-09-12	KTB	Innovatech	5.โครงการที่รับเงินแล้วสะสม	2024-10-01	01.10.2024 เงินเข้าแล้ว	AR2409-016	3	6701-01
iv_aea45192	IV2409-018	INS001-PL		2024-09-12	1602196.24	paid						1102024	บ้านนาขุม ม.1 ต.นาขุม อ.บ้านโคก จ.อุตรดิตถ์ (6701-01)	00718	องค์การบริหารส่วนตำบลนาขุม	2024-09-12	STS	Innovatech	5.โครงการที่รับเงินแล้วสะสม	2024-10-08	08.10.2024 เงินเข้าแล้ว	AR2409-017	1	6701-01
iv_9a9bea50	IV2409-017	INS002-PL		2024-09-11	2142196.24	paid						1502024	บ้านหลวงป่ายาง ม.2 ต.น้ำอ่าง อ.ตรอน จ.อุตรดิตถ์ (6701-01)	00467	องค์การบริหารส่วนตำบลน้ำอ่าง	2024-09-11	STS	Innovatech	5.โครงการที่รับเงินแล้วสะสม	2024-10-08	08.10.2024 เงินเข้าแล้ว	AR2409-015	1	6701-01
iv_a0d7fc10	IV2409-016	INS005-PL		2024-09-10	4320000	paid						3402024	บ้านป่าเคาะ ม.7 ต.บุญเรือง อ.เชียงของ จ.เชียงราย (6701-01)	00733	เทศบาลตำบลบุญเรือง	2024-09-10	KTB	Innovatech	5.โครงการที่รับเงินแล้วสะสม	2024-10-01	01.10.2024 เงินเข้าแล้ว	AR2409-013	2	6701-01
iv_713022a7	IV2409-015	PP014-PL		2024-09-10	2160000	paid						6302024	บ้านคำโพนทอง ม.5 ต.โคกสมบูรณ์ อ.กมลาไสย จ.กาฬสินธุ์ (6701-01)	00613	องค์การบริหารส่วนตำบลโคกสมบูรณ์	2024-09-10	KTB	Pinpoint	5.โครงการที่รับเงินแล้วสะสม	2024-11-15	15.11.2024 เงินเข้าแล้ว	AR2409-014	1	6701-01
iv_9fdca5df	IV2409-014	STR008-PL		2024-09-12	2160000	paid						5402024	เปรงพุทรา ม.10 ต.เลาขวัญ อ.เลาขวัญ จ.กาญจนบุรี (6701-01)	00115	องค์การบริหารส่วนตำบลเลาขวัญ	2024-09-12	STS	STR	5.โครงการที่รับเงินแล้วสะสม	2024-11-13	13.11.2024 เงินเข้าแล้ว	AR2409-018	1	6701-01
iv_180d2899	IV2409-011	PP003-PL		2024-09-10	3120000	paid						1702024	บ้านม่วง ม.3 ต.เขาย่า อ.ศรีบรรพต จ.พัทลุง (6701-01)	00721	องค์การบริหารส่วนตำบลเขาย่า	2024-09-10	STS	Pinpoint	5.โครงการที่รับเงินแล้วสะสม	2024-10-08	08.10.2024 เงินเข้าแล้ว	AR2409-009	2	6701-01
iv_38e5c3c0	IV2409-010	INS004-PL		2024-09-10	3240000	paid						2702024	บ้านป่าคาเหนือ ม.9 ต.แม่เงิน อ.เชียงแสน จ.เชียงราย (6701-01)	00728	เทศบาลตำบลแม่เงิน	2024-09-10	KTB	Innovatech	5.โครงการที่รับเงินแล้วสะสม	2024-09-27	27.09.2024 เงินเข้าแล้ว	AR2409-010	2	6701-01
iv_3bc2ed69	IV2409-009	PP002-PL		2024-09-06	3240000	paid						1802024	บ้านหารบัว ม.9 ต.ทุ่งนารี อ.ป่าบอน จ.พัทลุง (6701-01)	00166	องค์การบริหารส่วนตำบลทุ่งนารี	2024-09-06	STS	Pinpoint	5.โครงการที่รับเงินแล้วสะสม	2024-09-27	27.09.2024 เงินเข้าแล้ว	AR2409-008	2	6701-01
iv_b3fb064c	IV2409-007	PP004-PL		2024-09-09	3240000	paid						2502024	บ้านน้ำพุ ม.2 ต.น้ำพุ อ.บ้านนาสาร จ.สุราษฎร์ธานี (6701-01)	00726	องค์การบริหารส่วนตำบลน้ำพุ	2024-09-09	KTB	Pinpoint	5.โครงการที่รับเงินแล้วสะสม	2024-10-01	01.10.2024 เงินเข้าแล้ว	AR2409-004	2	6701-01
iv_e64511c5	IV2409-006	ENC003-PL		2024-09-09	3240000	paid						1402024	บ้านทรายขาว ม.7 ต.ศรีดงเย็น อ.ไชยปราการ จ.เชียงใหม่ (6701-01)	00368	องค์การบริหารส่วนตำบลศรีดงเย็น	2024-09-09	STS	EN connect	5.โครงการที่รับเงินแล้วสะสม	2024-09-27	27.09.2024 เงินเข้าแล้ว	AR2409-005	2	6701-01
iv_c72d74dc	IV2409-005	ENC012-PL		2024-09-09	2160000	paid						3602024	เมืองน้อย ม.4 ต.ศรีสว่าง อ.นาโพธิ์ จ.บุรีรัมย์ (6701-01)	00738	องค์การบริหารส่วนตำบลศรีสว่าง	2024-09-09	KTB	EN connect	5.โครงการที่รับเงินแล้วสะสม	2024-10-09	09.10.2024 เงินเข้าแล้ว	AR2409-006	1	6701-01
iv_b422d77f	IV2409-004	STR001-PL		2024-09-09	3120000	paid						2402024	บ้านฆ้อง ม.10 ต.บ้านฆ้อง อ.โพธาราม จ.ราชบุรี (6701-01)	00725	เทศบาลตำบลบ้านฆ้อง	2024-09-09	KTB	STR	5.โครงการที่รับเงินแล้วสะสม	2024-09-26	26.09.2024 เงินเข้าแล้ว	AR2409-003	2	6701-01
iv_186c6c28	IV2409-001	ENC011-PL		2024-09-03	2158568	paid						4302024	บ้านทุ่งเกวียน ม.6 ต.เวียงตาล อ.ห้างฉัตร จ.ลำปาง (6701-01)	00501	เทศบาลตำบลเวียงตาล	2024-09-03	KTB	EN connect	5.โครงการที่รับเงินแล้วสะสม	2024-10-04	04.10.2024 เงินเข้าแล้ว	AR2409-001	1	6701-01
iv_16106fd1	IV2408-047	ENC015-PL		2024-08-28	2160000	paid						3902024	บ้านห้วยลึก ม.8 ต.เมืองไผ่ อ.หนองกี่ จ.บุรีรัมย์ (6701-01)	00140	องค์การบริหารส่วนตำบลเมืองไผ่	2024-08-28	KTB	EN connect	5.โครงการที่รับเงินแล้วสะสม	2024-11-27	27.11.2024 เงินเข้าแล้ว	AR2408-050	1	6701-01
iv_28064f85	IV2408-046	ENC013-PM		2024-08-28	1360000	paid						3702024	บ้านหนองม่วง ม.7 ต.เมืองไผ่ อ.หนองกี่ จ.บุรีรัมย์ (6701-01)	00140	องค์การบริหารส่วนตำบลเมืองไผ่	2024-08-28	KTB	EN connect	5.โครงการที่รับเงินแล้วสะสม	2024-11-27	27.11.2024 เงินเข้าแล้ว	AR2408-051	1	6701-01
iv_2c04edb3	IV2408-045	ENC014-PM		2024-08-28	1360000	paid						3802024	บ้านโนนจันทา ม.17 ต.เมืองไผ่ อ.หนองกี่ จ.บุรีรัมย์ (6701-01)	00140	องค์การบริหารส่วนตำบลเมืองไผ่	2024-08-28	KTB	EN connect	5.โครงการที่รับเงินแล้วสะสม	2024-11-27	27.11.2024 เงินเข้าแล้ว	AR2408-052	1	6701-01
iv_81ab4fc3	IV2408-044	TTI002-PL		2024-08-28	2080000	paid						3302024	บ้านหนองกวาง ม.8 ต.วังสรรพรส อ.ขลุง จ.จันทบุรี (6701-01)	00737	องค์การบริหารส่วนตำบลวังสรรพรส	2024-08-28	KTB	ภาคตะวันออก	5.โครงการที่รับเงินแล้วสะสม	2024-09-26	26.09.2024 เงินเข้าแล้ว	AR2408-049	1	6701-01
iv_8c91a182	IV2408-043	INS006-PL		2024-08-30	3240000	paid						3502024	ห้วยไร่ ม.1 ต.ปงน้อย อ.ดอยหลวง จ.เชียงราย (6701-01)	00506	องค์การบริหารส่วนตำบลปงน้อย	2024-08-30	KTB	Innovatech	5.โครงการที่รับเงินแล้วสะสม	2024-09-25	25.09.2024 เงินเข้าแล้ว	AR2408-048	2	6701-01
iv_d70c6a67	IV2408-038	ENC004-PL		2024-08-28	3120000	paid						1602024	บ้านหว้า ม.2 ต.ตาเสา อ.ห้วยราช จ.บุรีรัมย์ (6701-01)	00720	องค์การบริหารส่วนตำบลตาเสา	2024-08-28	STS	EN connect	5.โครงการที่รับเงินแล้วสะสม	2024-09-19	19.09.2024 เงินเข้าแล้ว	AR2408-040	2	6701-01
iv_351116af	IV2408-037	PP008-PL		2024-08-27	2160000	paid						5302024	บ้านพิมูล ม.2 ต.พิมูล อ.ห้วยเม็ก จ.กาฬสินธุ์ (6701-01)	00192	องค์การบริหารส่วนตำบลพิมูล	2024-08-27	STS	Pinpoint	5.โครงการที่รับเงินแล้วสะสม	2024-09-27	27.09.2024 เงินเข้าแล้ว	AR2408-038	1	6701-01
iv_fc785a81	IV2408-033	STR004-PL		2024-08-23	2155200	paid						3102024	บ้านหินงามพุพลู ม.11 ต.ลุ่มสุ่ม อ.ไทรโยค จ.กาญจนบุรี (6701-01)	00734	องค์การบริหารส่วนตำบลลุ่มสุ่ม	2024-08-23	KTB	STR	5.โครงการที่รับเงินแล้วสะสม	2024-10-03	03.10.2024 เงินเข้าแล้ว	AR2408-035	1	6701-01
iv_b14ae3b3	IV2408-032	STR003-PL		2024-08-23	2155200	paid						3002024	บ้านลุ่มผึ้ง ม.3 ต.ลุ่มสุ่ม อ.ไทรโยค จ.กาญจนบุรี (6701-01)	00734	องค์การบริหารส่วนตำบลลุ่มสุ่ม	2024-08-23	KTB	STR	5.โครงการที่รับเงินแล้วสะสม	2024-10-03	03.10.2024 เงินเข้าแล้ว	AR2408-036	1	6701-01
iv_499c545a	IV2408-031	STR007-PL		2024-08-20	2160000	paid						4802024	บ้านย่านยาว ม.3 ต.ย่านยาว อ.สามชุก จ.สุพรรณบุรี (6701-01)	00742	องค์การบริหารส่วนตำบลย่านยาว	2024-08-20	STS	STR	5.โครงการที่รับเงินแล้วสะสม	2024-09-27	27.09.2024 เงินเข้าแล้ว	AR2408-032	1	6701-01
iv_b67d0c65	IV2408-030	ENC009-PL		2024-08-22	1620000	paid						4102024	บ้านน้ำโท้ง ม.5 ต.บ่อแฮ้ว อ.เมืองลำปาง จ.ลำปาง (6701-01)	00736	องค์การบริหารส่วนตำบลบ่อแฮ้ว	2024-08-22	KTB	EN connect	5.โครงการที่รับเงินแล้วสะสม	2024-09-24	24.09.2024 เงินเข้าแล้ว	AR2408-033	1	6701-01
iv_d6d4c119	IV2408-029	ENC019-PL		2024-08-16	2160000	paid						5202024	บ้านดอนไชย ม.4 ต.หลวงเหนือ อ.งาว จ.ลำปาง (6701-01)	00747	เทศบาลตำบลหลวงเหนือ	2024-08-16	STS	EN connect	5.โครงการที่รับเงินแล้วสะสม	2024-09-29	29.09.2024 เงินเข้าแล้ว	AR2408-031	1	6701-01
iv_3599b854	IV2408-026	ENC010-PL		2024-08-20	1620000	paid						4202024	ดงสันเงิน ม.15 ต.บ่อแฮ้ว อ.เมืองลำปาง จ.ลำปาง (6701-01)	00736	องค์การบริหารส่วนตำบลบ่อแฮ้ว	2024-08-20	KTB	EN connect	5.โครงการที่รับเงินแล้วสะสม	2024-09-24	24.09.2024 เงินเข้าแล้ว	AR2408-027	1	6701-01
iv_5fcc1252	IV2408-023	PP010-PL		2024-08-15	2160000	paid						5802024	บ้านดำรงพัฒนา ม.14 ต.นาเชือก อ.นาเชือก จ.มหาสารคาม (6701-01)	00403	องค์การบริหารส่วนตำบลนาเชือก	2024-08-15	WTP	Pinpoint	5.โครงการที่รับเงินแล้วสะสม	2024-09-06	06.09.2024 เงินเข้าแล้ว	AR2408-023	1	6701-01
iv_8f60fa5b	IV2408-022	ENC016-PL		2024-08-15	2160000	paid						4002024	บ้านวังหินพัฒนา ม.14 ต.เถินบุรี อ.เถิน จ.ลำปาง (6701-01)	00739	เทศบาลตำบลเถินบุรี	2024-08-15	KTB	EN connect	5.โครงการที่รับเงินแล้วสะสม	2024-09-24	24.09.2024 เงินเข้าแล้ว	AR2408-022	1	6701-01
iv_4637d457	IV2408-021	PP003-PL		2024-08-14	2080000	paid						1702024	บ้านม่วง ม.3 ต.เขาย่า อ.ศรีบรรพต จ.พัทลุง (6701-01)	00721	องค์การบริหารส่วนตำบลเขาย่า	2024-08-14	STS	Pinpoint	5.โครงการที่รับเงินแล้วสะสม	2024-09-10	16.09.2024 เงินเข้าแล้ว	AR2408-021	1	6701-01
iv_69815b9d	IV2408-018	STR005-PL		2024-08-13	2160000	paid						3202024	บ้านหนองบ้านเก่า ม.7 ต.บ้านเก่า อ.เมืองกาญจนบุรี จ.กาญจนบุรี (6701-01)	00735	องค์การบริหารส่วนตำบลบ้านเก่า	2024-08-13	KTB	STR	5.โครงการที่รับเงินแล้วสะสม	2024-09-12	16.09.2024 เงินเข้าแล้ว	AR2408-018	1	6701-01
iv_3e4cc003	IV2408-016	ENC006-PL		2024-08-09	2160000	paid						2102024	บ้านโนนสะอาด ม.2 ต.บ้านแวง อ.พุทไธสง จ.บุรีรัมย์ (6701-01)	00724	องค์การบริหารส่วนตำบลบ้านแวง	2024-08-09	STS	EN connect	5.โครงการที่รับเงินแล้วสะสม	2024-08-30	30.08.2024 เงินเข้าแล้ว	AR2408-014	1	6701-01
iv_0d1694d1	IV2408-015	ENC005-PL		2024-08-09	2160000	paid						2002024	บ้านแวง ม.1 ต.บ้านแวง อ.พุทไธสง จ.บุรีรัมย์ (6701-01)	00724	องค์การบริหารส่วนตำบลบ้านแวง	2024-08-09	STS	EN connect	5.โครงการที่รับเงินแล้วสะสม	2024-08-30	30.08.2024 เงินเข้าแล้ว	AR2408-015	1	6701-01
iv_5a0c7c11	IV2408-014	ENC007-PL		2024-08-09	2160000	paid						2202024	บ้านสระแวง ม.7 ต.บ้านแวง อ.พุทไธสง จ.บุรีรัมย์ (6701-01)	00724	องค์การบริหารส่วนตำบลบ้านแวง	2024-08-09	STS	EN connect	5.โครงการที่รับเงินแล้วสะสม	2024-08-30	30.08.2024 เงินเข้าแล้ว	AR2408-016	1	6701-01
iv_00d89b92	IV2408-008	PP005-PL		2024-08-06	1080000	paid						2602024	บ้านห้วยพลูหนัง ม.3 ต.ทรายขาว อ.คลองท่อม จ.กระบี่ (6701-01)	00176	เทศบาลตำบลทรายขาว	2024-08-06	KTB	Pinpoint	5.โครงการที่รับเงินแล้วสะสม	2024-09-10	11.09.2024 เงินเข้าแล้ว	AR2408-008	1	6701-01
iv_1db87c4c	IV2408-007	PP002-PL		2024-08-01	2160000	paid						1802024	บ้านหารบัว ม.9 ต.ทุ่งนารี อ.ป่าบอน จ.พัทลุง (6701-01)	00166	องค์การบริหารส่วนตำบลทุ่งนารี	2024-08-01	STS	Pinpoint	5.โครงการที่รับเงินแล้วสะสม	2024-08-23	23.08.2024 เงินเข้าแล้ว	AR2408-007	1	6701-01
iv_e083192b	IV2408-006	STR001-PL		2024-08-01	2080000	paid						2402024	บ้านฆ้อง ม.10 ต.บ้านฆ้อง อ.โพธาราม จ.ราชบุรี (6701-01)	00725	เทศบาลตำบลบ้านฆ้อง	2024-08-01	KTB	STR	5.โครงการที่รับเงินแล้วสะสม	2024-08-30	30.08.2024 เงินเข้าแล้ว	AR2408-004	1	6701-01
iv_b94d5d6a	IV2408-005	ENC003-PL		2024-08-02	2160000	paid						1402024	บ้านทรายขาว ม.7 ต.ศรีดงเย็น อ.ไชยปราการ จ.เชียงใหม่ (6701-01)	00368	องค์การบริหารส่วนตำบลศรีดงเย็น	2024-08-02	STS	EN connect	5.โครงการที่รับเงินแล้วสะสม	2024-09-09	09.09.2024 เงินเข้าแล้ว	AR2408-005	1	6701-01
iv_550a94df	IV2408-004	PP006-PL		2024-08-06	2160000	paid						4902024	บ้านดอนทิงทวด ม.11 ต.บางหมาก อ.เมืองชุมพร จ.ชุมพร (6701-01)	00743	เทศบาลตำบลบางหมาก	2024-08-06	WTP	Pinpoint	5.โครงการที่รับเงินแล้วสะสม	2025-03-27	27.08.2024 เงินเข้าแล้ว	AR2408-006	1	6701-01
iv_823b17c8	IV2408-003	PP012-PM		2024-08-02	1360000	paid						5702024	บ้านบางหิน ม.5 ต.คลองชะอุ่น อ.พนม จ.สุราษฎร์ธานี (6701-01)	00749	เทศบาลตำบลคลองชะอุ่น	2024-08-02	WTP	Pinpoint	5.โครงการที่รับเงินแล้วสะสม	2024-08-23	23.08.2024 เงินเข้าแล้ว	AR2408-002	1	6701-01
iv_bbefc2e5	IV2408-002	ENC001-PL		2024-08-02	2158800	paid						1202024	บ้านนา ม.2 ต.บ้านนา อ.วชิรบารมี จ.พิจิตร (6701-01)	00719	องค์การบริหารส่วนตำบลบ้านนา	2024-08-02	STS	EN connect	5.โครงการที่รับเงินแล้วสะสม	2024-08-30	30.08.2024 เงินเข้าแล้ว	AR2408-003	1	6701-01
iv_8ad68dfa	IV2408-001	PP009-PL		2024-08-01	2160000	paid						5502024	ดงแจ้ง ม.7 ต.เหล่าน้อย อ.เสลภูมิ จ.ร้อยเอ็ด (6701-01)	00167	องค์การบริหารส่วนตำบลเหล่าน้อย	2024-08-01	KTB	Pinpoint	5.โครงการที่รับเงินแล้วสะสม	2024-08-28	28.08.2024 เงินเข้าแล้ว	AR2408-001	1	6701-01
iv_48c6aca7	IV2407-017	TTI001-PL		2024-07-30	2159600	paid						1902024	บ้านหนองรี ม.5 ต.เมืองเก่า อ.กบินทร์บุรี จ.ปราจีนบุรี (6701-01)	00722	องค์การบริหารส่วนตำบลเมืองเก่า	2024-07-30	STS	ภาคตะวันออก	5.โครงการที่รับเงินแล้วสะสม	2024-09-06	06.09.2024 เงินเข้าแล้ว	AR2407-017	1	6701-01
iv_c85cf67e	IV2407-015	INS004-PL		2024-07-25	2160000	paid						2702024	บ้านป่าคาเหนือ ม.9 ต.แม่เงิน อ.เชียงแสน จ.เชียงราย (6701-01)	00728	เทศบาลตำบลแม่เงิน	2024-07-25	KTB	Innovatech	5.โครงการที่รับเงินแล้วสะสม	2024-08-28	28.08.2024 เงินเข้าแล้ว	AR2407-015	1	6701-01
iv_6336f461	IV2407-014	STR002-PL		2024-07-19	2160000	paid						2902024	บ้านดงรัง ม.4 ต.วังคัน อ.ด่านช้าง จ.สุพรรณบุรี (6701-01)	00235	องค์การบริหารส่วนตำบลวังคัน	2024-07-19	KTB	STR	5.โครงการที่รับเงินแล้วสะสม	2024-08-30	30.08.2024 เงินเข้าแล้ว	AR2407-014	1	6701-01
iv_757100d1	IV2407-013	PP004-PL		2024-07-19	2160000	paid						2502024	บ้านน้ำพุ ม.2 ต.น้ำพุ อ.บ้านนาสาร จ.สุราษฎร์ธานี (6701-01)	00726	องค์การบริหารส่วนตำบลน้ำพุ	2024-07-19	KTB	Pinpoint	5.โครงการที่รับเงินแล้วสะสม	2024-09-10	11.09.2024 เงินเข้าแล้ว	AR2407-013	1	6701-01
iv_c703fada	IV2407-012	ENC008-PM		2024-07-19	1360000	paid						2302024	บ้านหนองพนัง ม.1 ต.โป่งน้ำร้อน อ.ฝาง จ.เชียงใหม่ (6701-01)	00723	องค์การบริหารส่วนตำบลโป่งน้ำร้อน	2024-07-19	STS	EN connect	5.โครงการที่รับเงินแล้วสะสม	2024-08-23	23.08.2024 เงินเข้าแล้ว	AR2407-012	1	6701-01
iv_0293e70c	IV2407-011	INS005-PL		2024-07-16	1080000	paid						3402024	บ้านป่าเคาะ ม.7 ต.บุญเรือง อ.เชียงของ จ.เชียงราย (6701-01)	00733	เทศบาลตำบลบุญเรือง	2024-07-16	KTB	Innovatech	5.โครงการที่รับเงินแล้วสะสม	2024-08-15	16.08.2024 เงินเข้าแล้ว	AR2407-011	1	6701-01
iv_5efdde5e	IV2407-010	INS006-PL		2024-07-17	2160000	paid						3502024	ห้วยไร่ ม.1 ต.ปงน้อย อ.ดอยหลวง จ.เชียงราย (6701-01)	00506	องค์การบริหารส่วนตำบลปงน้อย	2024-07-17	KTB	Innovatech	5.โครงการที่รับเงินแล้วสะสม	2024-08-15	16.08.2024 เงินเข้าแล้ว	AR2407-010	1	6701-01
iv_f9a497f9	IV2407-009	PP001-PL		2024-07-12	3240000	paid						202024	ม.8 ต.ท่าบอน อ.ระโนด จ.สงขลา (6708-01)	00298	องค์การบริหารส่วนตำบลท่าบอน	2024-07-12	STS	Pinpoint	5.โครงการที่รับเงินแล้วสะสม	2024-08-02	05.08.2024 เงินเข้าแล้ว	AR2407-009	2	6708-01
iv_55c24dfc	IV2407-008	ENC004-PL		2024-07-15	2080000	paid						1602024	บ้านหว้า ม.2 ต.ตาเสา อ.ห้วยราช จ.บุรีรัมย์ (6701-01)	00720	องค์การบริหารส่วนตำบลตาเสา	2024-07-15	STS	EN connect	5.โครงการที่รับเงินแล้วสะสม	2024-08-13	13.08.2024 เงินเข้าแล้ว	AR2407-008	1	6701-01
iv_4947ab0a	IV2406-005	PP001-PL		2024-06-14	2160000	paid						202024	ม.8 ต.ท่าบอน อ.ระโนด จ.สงขลา (6708-01)	00298	องค์การบริหารส่วนตำบลท่าบอน	2024-06-14	STS	Pinpoint	5.โครงการที่รับเงินแล้วสะสม	2024-07-09	09.07.2024 เงินเข้าแล้ว	AR2406-006	1	6708-01