rcp_77d569c1	AR2603-061	2026-05-21	IV2603-060	00902024	Warehouse Service Center (2024)		43843.25		43843.25		18.05.2026 รับเช็คแล้ว รอฝากเช็ค(พี่คิว) | ผู้รับโอนสิทธิ: WTP | ลูกค้า: เทศบาลตำบลกลางหมื่น
rcp_679eeaad	AR2604-005	2026-05-15	IV2604-005	16602025	บ้านพรุกง ม.2 ต.วังใหญ่ อ.เทพา จ.สงขลา (6901-01)		231525		231525		07.05.2026 อยู่ระหว่างจัดทำเช็ค / คุณรัชฎา 089-289-0844 | ผู้รับโอนสิทธิ: WTP | ลูกค้า: องค์การบริหารส่วนตำบลวังใหญ่
rcp_19eaa3fc	AR2604-015	2026-05-20	IV2604-015	01202026	โรงเรียนเทศบาลคลองท่อมใต้ ม.2 ต.คลองท่อมใต้ อ.คลองท่อม จ.กระบี่ (6901-01)		1300000		1300000		18.05.2026 รอธนาคาร กดยืนยัน / คุณกิติสุข 0945863251 | ผู้รับโอนสิทธิ: LIT | ลูกค้า: เทศบาลตำบลคลองท่อมใต้
rcp_c40528b7	AR2604-016	2026-05-20	IV2604-016	01302026	ศูนย์พัฒนาเด็กเล็กเทศบาลตําบลคลองท่อมใต้ อาคาร ๑ ม.2 ต.คลองท่อมใต้ อ.คลองท่อม จ.กระบี่ (6901-01)		1300000		1300000		18.05.2026 รอธนาคาร กดยืนยัน / คุณกิติสุข 0945863251 | ผู้รับโอนสิทธิ: LIT | ลูกค้า: เทศบาลตำบลคลองท่อมใต้
rcp_9ff56504	AR2603-053	2026-05-05	IV2603-052	18502025	บ้านแม่ขิ ม.1 ต.ศรีดงเย็น อ.ไชยปราการ จ.เชียงใหม่ (6901-01)		3234000		3234000		23.04.2026 เช็คออกแล้ว รอเข้ารับเช็ค 05.05 / คุณตรี 083-4769333 | ผู้รับโอนสิทธิ: LIT | ลูกค้า: องค์การบริหารส่วนตำบลศรีดงเย็น
rcp_f3c68045	AR2602-037	2026-04-27	IV2602-038	18502025	บ้านแม่ขิ ม.1 ต.ศรีดงเย็น อ.ไชยปราการ จ.เชียงใหม่ (6901-01)		2156000		2156000		20.04.2026 เช็คออกแล้ว เข้ารับเช็ค 22.04 / คุณตรี 083-4769333 | ผู้รับโอนสิทธิ: LIT | ลูกค้า: องค์การบริหารส่วนตำบลศรีดงเย็น
rcp_8fec07c3	AR2603-054	2026-04-24	IV2603-053	16702025	บ้านฮ่องกอก ม.7 ต.บ่อแฮ้ว อ.เมืองลำปาง จ.ลำปาง (6901-01)		2040000		2040000		24.04.2026 เงินเข้าแล้ว / คุณเอื้อมพร 097-921-9044 | ผู้รับโอนสิทธิ: WTP | ลูกค้า: องค์การบริหารส่วนตำบลบ่อแฮ้ว
rcp_7b1b8bf9	AR2603-063	2026-04-20	IV2603-062	00802026	ม.7 ต.ดอนประดู่ อ.ปากพะยูน จ.พัทลุง (6901-01)		1300000		1300000		20.04.2026  เงินเข้าแล้ว | ผู้รับโอนสิทธิ: LIT | ลูกค้า: เทศบาลตำบลดอนประดู่
rcp_ca3251fa	AR2603-045	2026-05-05	IV2603-045	00702026	ที่ทำการองค์การบริหารส่วนตำบลวิเชตนคร ม.1 ต.วิเชตนคร อ.แจ้ห่ม จ.ลำปาง (6901-01)		1100000		1100000		05.05.2026 รับเช็คแล้ว รอเงินเข้า / คุณอนัญญา 0835946466 | ผู้รับโอนสิทธิ: LIT | ลูกค้า: องค์การบริหารส่วนตำบลวิเชตนคร
rcp_7b6af593	AR2603-058	2026-04-10	IV2603-057	14802025	บ้านดงสวาง ม.6 ต.สงเปลือย อ.นามน จ.กาฬสินธุ์ (6801-01)		3527400		3527400		10.04.2026 เงินเข้าแล้ว | ผู้รับโอนสิทธิ: LIT | ลูกค้า: เทศบาลตำบลสงเปลือย
rcp_2af7bd54	AR2603-047	2026-05-08	IV2603-047	16802025	หนองแสง ม.1 ต.ศรีสว่าง อ.นาโพธิ์ จ.บุรีรัมย์ (6901-01)		3240000		3240000		23.04.2026 เช็คออกแล้ว รอเข้ารับเช็ค 05.05 / คุณกมลวรรณ 063-756-6243 | ผู้รับโอนสิทธิ: LIT | ลูกค้า: องค์การบริหารส่วนตำบลศรีสว่าง
rcp_02b160c3	AR2603-050	2026-04-30	IV2603-050	00502026	บ้านเขาโล้น ม.9 ต.วังคัน อ.ด่านช้าง จ.สุพรรณบุรี (6901-01)		1100000		1100000		21.04.2026 อยู่ระหว่างจัดทำเช็ค (ไม่ทันอาทิตย์นี้ แต่ภายในเดือนนี้) / คุณจา 080-660-7929 | ผู้รับโอนสิทธิ: LIT | ลูกค้า: องค์การบริหารส่วนตำบลวังคัน
rcp_2839389d	AR2603-049	2026-04-30	IV2603-049	00402026	บ้านกกซาง ม.8 ต.วังคัน อ.ด่านช้าง จ.สุพรรณบุรี (6901-01)		1100000		1100000		21.04.2026 อยู่ระหว่างจัดทำเช็ค (ไม่ทันอาทิตย์นี้ แต่ภายในเดือนนี้) / คุณจา 080-660-7929 | ผู้รับโอนสิทธิ: LIT | ลูกค้า: องค์การบริหารส่วนตำบลวังคัน
rcp_df3bce69	AR2603-048	2026-04-30	IV2603-048	00302026	บ้านดงรัง ม.4 ต.วังคัน อ.ด่านช้าง จ.สุพรรณบุรี (6901-01)		1100000		1100000		21.04.2026 อยู่ระหว่างจัดทำเช็ค (ไม่ทันอาทิตย์นี้ แต่ภายในเดือนนี้) / คุณจา 080-660-7929 | ผู้รับโอนสิทธิ: LIT | ลูกค้า: องค์การบริหารส่วนตำบลวังคัน
rcp_511bd6b5	AR2603-046	2026-04-24	IV2603-046	00902026	บ้านดู่ทุ่ง ม.2 ต.ดู่ทุ่ง อ.เมืองยโสธร จ.ยโสธร (6901-01)		1098000		1098000		24.04.2026 เงินเข้าแล้ว / คุณเสาวนีย์ 0949635142 | ผู้รับโอนสิทธิ: LIT | ลูกค้า: องค์การบริหารส่วนตำบลดู่ทุ่ง
rcp_cfc0aa6f	AR2603-044	2026-04-20	IV2603-044	18602025	บ้านห้วยต่อ ม.1 ต.ไม้ฝาด อ.สิเกา จ.ตรัง (6901-01)		1100000		1100000		20.04.2026 เงินเข้าแล้ว / คุณจินดา 082-8409706 | ผู้รับโอนสิทธิ: LIT | ลูกค้า: องค์การบริหารส่วนตำบลไม้ฝาด
rcp_6795a814	AR2603-032	2026-04-20	IV2603-032	16502025	บ้านวังขุม ม.1 ต.เขาวง อ.บ้านตาขุน จ.สุราษฎร์ธานี (6901-01)		3240000		3240000		20.04.2026 เงินเข้าแล้ว / คุณรชดา 097-9363895 | ผู้รับโอนสิทธิ: LIT | ลูกค้า: องค์การบริหารส่วนตำบลเขาวง
rcp_70113fa7	AR2603-030	2026-04-01	IV2603-030	17602025	ศูนย์พัฒนาเด็กเล็กบ้านบ่อมะม่วง ม.4 ต.ทรายขาว อ.คลองท่อม จ.กระบี่ (6901-01)		1286000		1286000		01.04.2026 เงินเข้าแล้ว | ผู้รับโอนสิทธิ: WTP | ลูกค้า: เทศบาลตำบลทรายขาว
rcp_b205c923	AR2603-029	2026-03-30	IV2603-029	17402025	ท่าเรือบ้านบ่อมะม่วง ม.4 ต.ทรายขาว อ.คลองท่อม จ.กระบี่ (6901-01)		1286000		1286000		30.03.2026 เงินเข้าแล้ว | ผู้รับโอนสิทธิ: WTP | ลูกค้า: เทศบาลตำบลทรายขาว
rcp_c44c3e40	AR2603-028	2026-04-07	IV2603-028	17502025	มัสยิดบ้านห้วยลึก ม.1 ต.ทรายขาว อ.คลองท่อม จ.กระบี่ (6901-01)		1286000		1286000		07.04.2026 เงินเข้าแล้ว | ผู้รับโอนสิทธิ: WTP | ลูกค้า: เทศบาลตำบลทรายขาว
rcp_402067ed	AR2603-026	2026-04-10	IV2603-026	17102025	บ้านปากคลองวัด ม.8 ต.บางอ้อ อ.บ้านนา จ.นครนายก (6901-01)		2060000		2060000		10.04.2026 เงินเข้าแล้ว / ผอ.กองคลัง 086-0458420 | ผู้รับโอนสิทธิ: LIT | ลูกค้า: องค์การบริหารส่วนตำบลบางอ้อ
rcp_b2e3b434	AR2603-012	2026-03-26	IV2603-012	18402025	ม.6 ต.สองสลึง อ.แกลง จ.ระยอง (6901-01)		1300000		1300000		26.03.2026 เงินเข้าแล้ว / คุณเชอรี่ 094-5699845 | ผู้รับโอนสิทธิ: LIT | ลูกค้า: เทศบาลตำบลสองสลึง
rcp_2a342cbb	AR2603-011	2026-03-27	IV2603-011	18302025	ม.5 ต.สองสลึง อ.แกลง จ.ระยอง (6901-01)		2060000		2060000		27.03.2026 เงินเข้าแล้ว / คุณเชอรี่ 094-5699845 | ผู้รับโอนสิทธิ: FUNDING | ลูกค้า: เทศบาลตำบลสองสลึง
rcp_ec08f7c9	AR2603-010	2026-03-27	IV2603-010	18202025	ม.2 ต.สองสลึง อ.แกลง จ.ระยอง (6901-01)		2060000		2060000		27.03.2026 เงินเข้าแล้ว / คุณเชอรี่ 094-5699845 | ผู้รับโอนสิทธิ: FUNDING | ลูกค้า: เทศบาลตำบลสองสลึง
rcp_315ecb5f	AR2603-059	2026-05-12	IV2603-058	15502025	บ้านสระแก ม.7 ต.ทองหลาง อ.บ้านใหม่ไชยพจน์ จ.บุรีรัมย์ (6901-01)		3240000		3240000		12.05.2026 เงินเข้าแล้ว / คุญวิทยา 0625240398 | ผู้รับโอนสิทธิ: LIT | ลูกค้า: องค์การบริหารส่วนตำบลทองหลาง
rcp_339178eb	AR2602-036	2026-03-26	IV2602-037	16302025	บ้านห้วยโต้ ม.4 ต.ทับปริก อ.เมืองกระบี่ จ.กระบี่ (6901-01)		1100000		1100000		26.03.2026 เงินเข้าแล้ว / คุณณาตยา 098-2268863 | ผู้รับโอนสิทธิ: LIT | ลูกค้า: องค์การบริหารส่วนตำบลทับปริก
rcp_95e79ee7	AR2602-035	2026-03-11	IV2602-036	15902025	บ้านเขาเฒ่า ม.3 ต.บางเตย อ.เมืองพังงา จ.พังงา (6901-01)		3237000		3237000		11.03.2026 เงินเข้าแล้ว | ผู้รับโอนสิทธิ: STS | ลูกค้า: เทศบาลตำบลบางเตย
rcp_b6e3fc22	AR2602-031	2026-03-17	IV2602-032	15602025	บ้านช่องเอี่ยว ม.7 ต.ทุ่งหลวง อ.ละแม จ.ชุมพร (6901-01)		5380000		5380000		17.03.2026 เงินเข้าแล้ว | ผู้รับโอนสิทธิ: LIT | ลูกค้า: องค์การบริหารส่วนตำบลทุ่งหลวง
rcp_b011db8a	AR2602-030	2026-03-19	IV2602-031	15002025	บ้านหัวป่าขลู่ ม.3 ต.ป่าระกำ อ.ปากพนัง จ.นครศรีธรรมราช (6901-01)		1100000		1100000		10.03.2026 เช็คออกแล้ว เข้ารับเช็ค 18.03 / คุณสายฝน 062-2087864 | ผู้รับโอนสิทธิ: LIT | ลูกค้า: องค์การบริหารส่วนตำบลป่าระกำ
rcp_1fb04d02		2026-04-23	IV2602-030				808500		808500		23.04.2026 เงินเข้าแล้ว/ คุณฮาลีเมาะ 088-981-4953 | ผู้รับโอนสิทธิ: Funding
rcp_8821a8e3		2026-04-23	IV2602-029				808500		808500		23.04.2026 เงินเข้าแล้ว/ คุณฮาลีเมาะ 088-981-4953 | ผู้รับโอนสิทธิ: Funding
rcp_db51f1b1	AR2602-027	2026-04-30	IV2602-027	16202025	บ้านทองหลาง ม.3 ต.บ้านนา อ.กะเปอร์ จ.ระนอง (6901-01)		2160000		2160000		20.04.2026 เช็คออกแล้ว รอเข้ารับเช็ค / คุณอีด 065-8797139 | ผู้รับโอนสิทธิ: LIT | ลูกค้า: องค์การบริหารส่วนตำบลบ้านนา
rcp_75847515	AR2602-024	2026-03-19	IV2602-024	15202025	บ้านในไร่ ม.5 ต.ป่าระกำ อ.ปากพนัง จ.นครศรีธรรมราช (6901-01)		1100000		1100000		10.03.2026 เช็คออกแล้ว เข้ารับเช็ค 18.03 / คุณสายฝน 062-2087864 | ผู้รับโอนสิทธิ: LIT | ลูกค้า: องค์การบริหารส่วนตำบลป่าระกำ
rcp_efbd0224	AR2602-023	2026-03-19	IV2602-023	15102025	บ้านป่าระกำ ม.4 ต.ป่าระกำ อ.ปากพนัง จ.นครศรีธรรมราช (6901-01)		1100000		1100000		10.03.2026 เช็คออกแล้ว เข้ารับเช็ค 18.03 / คุณสายฝน 062-2087864 | ผู้รับโอนสิทธิ: LIT | ลูกค้า: องค์การบริหารส่วนตำบลป่าระกำ
rcp_2486367b	AR2602-011	2026-03-05	IV2602-011	16702025	บ้านฮ่องกอก ม.7 ต.บ่อแฮ้ว อ.เมืองลำปาง จ.ลำปาง (6901-01)		1360000		1360000		05.03.2026 เงินเข้าแล้ว | ผู้รับโอนสิทธิ: WTP | ลูกค้า: องค์การบริหารส่วนตำบลบ่อแฮ้ว
rcp_ec4a4c9e	AR2602-010	2026-03-30	IV2602-010	16502025	บ้านวังขุม ม.1 ต.เขาวง อ.บ้านตาขุน จ.สุราษฎร์ธานี (6901-01)		2160000		2160000		30.03.2026 เงินเข้าแล้ว / คุณรชดา 097-9363895 | ผู้รับโอนสิทธิ: LIT | ลูกค้า: องค์การบริหารส่วนตำบลเขาวง
rcp_4675f9b3	AR2602-009	2026-02-25	IV2602-009	14702025	บ้านทุ่ง ม.2 ต.หลวงใต้ อ.งาว จ.ลำปาง (6801-01)		3234000		3234000		25.02.2026 เงินเข้าแล้ว / คุณวิ 086-4395331 | ผู้รับโอนสิทธิ: LIT | ลูกค้า: เทศบาลตำบลหลวงใต้
rcp_8bbaffd3	AR2602-008	2026-03-19	IV2602-008	15302025	บ้านป่าระกำเหนือ ม.7 ต.ป่าระกำ อ.ปากพนัง จ.นครศรีธรรมราช (6901-01)		1100000		1100000		10.03.2026 เช็คออกแล้ว เข้ารับเช็ค 18.03 / คุณสายฝน 062-2087864 | ผู้รับโอนสิทธิ: LIT | ลูกค้า: องค์การบริหารส่วนตำบลป่าระกำ
rcp_cfbe4836	AR2602-006	2026-02-27	IV2602-003	15902025	บ้านเขาเฒ่า ม.3 ต.บางเตย อ.เมืองพังงา จ.พังงา (6901-01)		2158020		2158020		25.02.2026 กดอนุมัติเบิกจ่ายแล้ว รอเงินเข้า | ผู้รับโอนสิทธิ: WTP | ลูกค้า: เทศบาลตำบลบางเตย
rcp_60fa2aa6	AR2602-005	2026-02-27	IV2602-002	15402025	โรงเรียนเทศบาลตำบลบางเตย ม.3 ต.บางเตย อ.เมืองพังงา จ.พังงา (6901-01)		1300000		1300000		25.02.2026 กดอนุมัติเบิกจ่ายแล้ว รอเงินเข้า | ผู้รับโอนสิทธิ: WTP | ลูกค้า: เทศบาลตำบลบางเตย
rcp_566d2959	AR2602-001	2026-03-11	IV2602-001	14502025	บ้านพลับ ม.4 ต.ดู่ทุ่ง อ.เมืองยโสธร จ.ยโสธร (6801-01)		3237000		3237000		11.03.2026 เงินเข้าแล้ว / คุณเสาวนีย์ 094-9635142 | ผู้รับโอนสิทธิ: LIT | ลูกค้า: องค์การบริหารส่วนตำบลดู่ทุ่ง
rcp_4da72888	AR2601-039	2026-02-16	IV2601-037	001782025	SV-855-PL-บ้านเวียงกาหลง ม.15 ต.เวียงกาหลง อ.เวียงป่าเป้า จ.เชียงราย  (SV-6801-01)		135000		135000		16.02.2026 เงินเข้าแล้ว | ผู้รับโอนสิทธิ: WTP | ลูกค้า: เทศบาลตำบลเวียงกาหลง
rcp_ab0fdd98	AR2601-038	2026-03-20	IV2601-036	29202024	บ้านนาไคร้ ม.7 ต.กุดหว้า อ.กุฉินารายณ์ จ.กาฬสินธุ์ (6801-01)		3240000		3240000		20.03.2026 เงินเข้าแล้ว / คุณหยก 0812607536 | ผู้รับโอนสิทธิ: WTP | ลูกค้า: องค์การบริหารส่วนตำบลนาไคร้
rcp_5e09fd11	AR2601-037	2026-03-25	IV2601-035	16102025	บ้านโนนธาตุ ม.12 ต.แก อ.รัตนบุรี จ.สุรินทร์ (6901-01)		1100000		1100000		25.03.2026 เงินเข้าแล้ว / คุณภาขวัญ 094-4603020 | ผู้รับโอนสิทธิ: WTP | ลูกค้า: องค์การบริหารส่วนตำบลแก
rcp_25311ebd	AR2601-036	2026-03-25	IV2601-034	16002025	บ้านแก ม.10 ต.แก อ.รัตนบุรี จ.สุรินทร์ (6901-01)		1100000		1100000		25.03.2026 เงินเข้าแล้ว / คุณภาขวัญ 094-4603020 | ผู้รับโอนสิทธิ: WTP | ลูกค้า: องค์การบริหารส่วนตำบลแก
rcp_8419826a	AR2601-035	2026-03-20	IV2601-033	17202025	บ้านกุดหว้า ม.13 ต.กุดหว้า อ.กุฉินารายณ์ จ.กาฬสินธุ์ (6901-01)		1100000		1100000		20.03.2026 เงินเข้าแล้ว / คุณหยก 0812607536 | ผู้รับโอนสิทธิ: WTP | ลูกค้า: องค์การบริหารส่วนตำบลนาไคร้
rcp_6ebcba6d	AR2601-034	2026-03-20	IV2601-032	17302025	บ้านห้วยแดง ม.10 ต.กุดหว้า อ.กุฉินารายณ์ จ.กาฬสินธุ์ (6901-01)		1100000		1100000		20.03.2026 เงินเข้าแล้ว / คุณหยก 0812607536 | ผู้รับโอนสิทธิ: WTP | ลูกค้า: องค์การบริหารส่วนตำบลนาไคร้
rcp_2a58a94a	AR2601-033	2026-02-09	IV2601-031	17002025	บ้านหนองขนาก ม.7 ต.เขาเจ็ดลูก อ.ทับคล้อ จ.พิจิตร (6901-01)		1100000		1100000		09.02.2026 เงินเข้าแล้ว / คุณผดุงศักดิ์ 081-6059784 | ผู้รับโอนสิทธิ: WTP | ลูกค้า: องค์การบริหารส่วนตำบลเขาเจ็ดลูก
rcp_8a68cb6a	AR2601-032	2026-02-09	IV2601-030	16902025	บ้านเขาตะพานนาก ม.2 ต.เขาเจ็ดลูก อ.ทับคล้อ จ.พิจิตร (6901-01)		1100000		1100000		09.02.2026 เงินเข้าแล้ว / คุณผดุงศักดิ์ 081-6059784 | ผู้รับโอนสิทธิ: WTP | ลูกค้า: องค์การบริหารส่วนตำบลเขาเจ็ดลูก
rcp_e5f16a0a	AR2601-031	2026-02-16	IV2601-029	0012182025	SV-790-PL-บ้านทุ่งเจ้า ม.4 ต.แม่เปา อ.พญาเม็งราย จ.เชียงราย (SV-6305-01)		135000		135000		16.02.2026 เงินเข้าแล้ว | ผู้รับโอนสิทธิ: WTP | ลูกค้า: องค์การบริหารส่วนตำบลแม่เปา
rcp_f223e7e0	AR2601-030	2026-02-13	IV2601-028	17902025	บริเวณด้านหลังเทศบาลบ้านเพชรภูเขียว ม.1 ต.บ้านเพชร อ.ภูเขียว จ.ชัยภูมิ (6801-01)		1299500		1299500		13.02.2026 เงินเข้าแล้ว / คุณอร 095-6137541 | ผู้รับโอนสิทธิ: LIT | ลูกค้า: เทศบาลตำบลบ้านเพชรภูเขียว
rcp_2d78293b	AR2601-023	2026-02-24	IV2601-023	16802025	หนองแสง ม.1 ต.ศรีสว่าง อ.นาโพธิ์ จ.บุรีรัมย์ (6901-01)		2160000		2160000		24.02.2026 เงินเข้าแล้ว / คุณกมลวรรณ 063-756-6243 | ผู้รับโอนสิทธิ: LIT | ลูกค้า: องค์การบริหารส่วนตำบลศรีสว่าง
rcp_3fe3b260	AR2601-021	2026-02-12	IV2601-022	15802025	บ้านร่องบอน ม.12 ต.ม่วงคำ อ.พาน จ.เชียงราย (6901-01)		1100000		1100000		12.02.2026 เงินเข้าแล้ว / คุณเชอร์รี่ 085-7198563 | ผู้รับโอนสิทธิ: WTP | ลูกค้า: องค์การบริหารส่วนตำบลม่วงคำ
rcp_02301e9b	AR2601-022	2026-02-12	IV2601-021	15702025	บ้านสันปู่ย่า ม.11 ต.ม่วงคำ อ.พาน จ.เชียงราย (6901-01)		1100000		1100000		12.02.2026 เงินเข้าแล้ว / คุณเชอร์รี่ 085-7198563 | ผู้รับโอนสิทธิ: WTP | ลูกค้า: องค์การบริหารส่วนตำบลม่วงคำ
rcp_febf1604	AR2601-020	2026-02-10	IV2601-020	14302025	บ้านสายห้วย ม.8 ต.วังสำโรง อ.บางมูลนาก จ.พิจิตร (6813-02)		4392000		4392000		10.02.2026 เงินเข้าแล้ว / คุณจันทร์ 063-9024579 | ผู้รับโอนสิทธิ: WTP | ลูกค้า: ที่ทำการปกครองอำเภอบางมูลนาก
rcp_701016ff	AR2601-015	2026-01-30	IV2601-019	14702025	บ้านทุ่ง ม.2 ต.หลวงใต้ อ.งาว จ.ลำปาง (6801-01)		2156000		2156000		30.01.2026 เงินเข้าแล้ว / คุณวิ 086-4395331 | ผู้รับโอนสิทธิ: LIT | ลูกค้า: เทศบาลตำบลหลวงใต้
rcp_90b53958	AR2601-016	2026-01-28	IV2601-018	13902025	บ้านดง ม.7 ต.หลวงใต้ อ.งาว จ.ลำปาง (6801-01)		1099000		1099000		28.01.2026 เงินเข้าแล้ว / คุณวิ 086-4395331 | ผู้รับโอนสิทธิ: WTP | ลูกค้า: เทศบาลตำบลหลวงใต้
rcp_f046105e	AR2601-017	2026-01-28	IV2601-017	13802025	บ้านทุ่งสุ่ม ม.5 ต.หลวงใต้ อ.งาว จ.ลำปาง (6801-01)		1099000		1099000		28.01.2026 เงินเข้าแล้ว / คุณวิ 086-4395331 | ผู้รับโอนสิทธิ: WTP | ลูกค้า: เทศบาลตำบลหลวงใต้
rcp_29a9e572	AR2601-018	2026-01-28	IV2601-016	13702025	บ้านน้ำล้อม ม.3 ต.หลวงใต้ อ.งาว จ.ลำปาง (6801-01)		1099000		1099000		28.01.2026 เงินเข้าแล้ว / คุณวิ 086-4395331 | ผู้รับโอนสิทธิ: WTP | ลูกค้า: เทศบาลตำบลหลวงใต้
rcp_58b71e90	AR2601-019	2026-01-28	IV2601-015	13602025	บ้านน้ำจำ ม.1 ต.หลวงใต้ อ.งาว จ.ลำปาง (6801-01)		1099000		1099000		28.01.2026 เงินเข้าแล้ว / คุณวิ 086-4395331 | ผู้รับโอนสิทธิ: WTP | ลูกค้า: เทศบาลตำบลหลวงใต้
rcp_a18940e8	AR2601-014	2026-02-23	IV2601-014	15502025	บ้านสระแก ม.7 ต.ทองหลาง อ.บ้านใหม่ไชยพจน์ จ.บุรีรัมย์ (6901-01)		2160000		2160000		23.02.2026 เงินเข้าแล้ว / คุญวิทยา 062-5240398 | ผู้รับโอนสิทธิ: LIT | ลูกค้า: องค์การบริหารส่วนตำบลทองหลาง
rcp_faae97a3	AR2601-012	2026-01-26	IV2601-013	001772025	SV-641-PL-บ้านสันกองใหม่ ม.9 ต.แม่ไร่  อ.แม่จัน จ.เชียงราย  (SV-6805-01)		134000		134000		14.01.2026 ส่งมอบงานแล้ว (รอใบตรวจรับงาน) | ผู้รับโอนสิทธิ: WTP | ลูกค้า: เทศบาลตำบลแม่ไร่
rcp_e57b3310	AR2601-013	2026-01-26	IV2601-012	001762025	SV-640-PL-บ้านป่ากว๋าว ม.1 ต.แม่ไร่ อ.แม่จัน จ.เชียงราย   (SV-6805-01)		134000		134000		14.01.2026 ส่งมอบงานแล้ว (รอใบตรวจรับงาน) | ผู้รับโอนสิทธิ: WTP | ลูกค้า: เทศบาลตำบลแม่ไร่
rcp_019ed913	AR2601-010	2026-02-18	IV2601-011	14502025	บ้านพลับ ม.4 ต.ดู่ทุ่ง อ.เมืองยโสธร จ.ยโสธร (6801-01)		2158000		2158000		18.02.2026 เงินเข้าแล้ว / คุณเสาวนีย์ 094-9635142 | ผู้รับโอนสิทธิ: LIT | ลูกค้า: องค์การบริหารส่วนตำบลดู่ทุ่ง
rcp_03f05a5b	AR2601-011	2026-03-12	IV2601-010	14002025	บ้านซับสมบูรณ์ ม.1 ต.ซับสมบูรณ์ อ.วิเชียรบุรี จ.เพชรบูรณ์ (6813-02)		3090000		3090000		12.03.2026 เงินเข้าแล้ว / คุณนิว 093-7919416  | ผู้รับโอนสิทธิ: WTP | ลูกค้า: ที่ทำการปกครองอำเภอวิเชียรบุรี
rcp_410cddec	AR2601-001	2026-02-11	IV2601-003	14802025	บ้านดงสวาง ม.6 ต.สงเปลือย อ.นามน จ.กาฬสินธุ์ (6801-01)		2351600		2351600		11.02.2026 เงินเข้าแล้ว / คุณหน่อง 098-6628398 | ผู้รับโอนสิทธิ: LIT | ลูกค้า: เทศบาลตำบลสงเปลือย
rcp_d437de03	AR2601-002	2026-02-09	IV2601-002	13402025	บ้านหนองแก ม.3 ต.ไร่ใหม่ อ.สามร้อยยอด จ.ประจวบคีรีขันธ์ (6802-01)		5132000		5132000		09.02.2026 เงินเข้าแล้ว | ผู้รับโอนสิทธิ: WTP | ลูกค้า: ที่ทำการปกครองอำเภอสามร้อยยอด
rcp_5ced4767	AR2601-003	2026-01-23	IV2601-001	10102025	บ้านป่าตาล ม.2 ต.เถินบุรี อ.เถิน จ.ลำปาง (6801-01)		3204000		3204000		23.01.2026 เงินเข้าแล้ว | ผู้รับโอนสิทธิ: STS | ลูกค้า: เทศบาลตำบลเถินบุรี
rcp_0321c74b	AR2512-015	2026-02-24	IV2512-015	29202024	บ้านนาไคร้ ม.7 ต.กุดหว้า อ.กุฉินารายณ์ จ.กาฬสินธุ์ (6801-01)		2101064.32		2101064.32		24.02.2026 เงินเข้าแล้ว / คุณหยก 0812607536 | ผู้รับโอนสิทธิ: WTP | ลูกค้า: องค์การบริหารส่วนตำบลนาไคร้
rcp_590bce48	AR2512-014	2026-01-09	IV2512-014	12902025	วัดสารภีพระเจ้าตนหลวงล้านเหรียญทันใจ ม.6 ต.แม่คือ อ.ดอยสะเก็ด จ.เชียงใหม่ (6801-01)		2037000		2037000		09.01.2026 เงินเข้าแล้ว | ผู้รับโอนสิทธิ: WTP | ลูกค้า: เทศบาลตำบลแม่คือ
rcp_e53872b2	AR2512-013	2026-01-19	IV2512-013	10002025	บ้านแม่กัวะ ม.4 ต.แม่กัวะ อ.สบปราบ จ.ลำปาง (6801-01)		3217951.8		3217951.8		19.01.2026 เงินเข้าแล้ว | ผู้รับโอนสิทธิ: WTP | ลูกค้า: องค์การบริหารส่วนตำบลแม่กวัะ
rcp_9deae75e	AR2512-010	2026-01-21	IV2512-010	0012062025	SV-900-PL-บ้านนาท่อ ม.1 ต.ไชยสถาน อ.เมืองน่าน จ.น่าน (SV-6506-01)		135000		135000		21.01.2026 เงินเข้าแล้ว | ผู้รับโอนสิทธิ: WTP | ลูกค้า: องค์การบริหารส่วนตำบลไชยสถาน
rcp_b4f81506	AR2512-008	2026-01-07	IV2512-009	12202025	บ้านปางกุ่ม ม.4 ต.แม่ปะ อ.เถิน จ.ลำปาง (6801-01)		5371000		5371000		07.01.2026 เงินเข้าแล้ว / คุณอนงค์ 081-706-2258 | ผู้รับโอนสิทธิ: WTP | ลูกค้า: องค์การบริหารส่วนตำบลแม่ปะ
rcp_21a9096a	AR2512-007	2025-12-17	IV2512-008	11302025	บ้านแม่หลง ม.1 ต.วังพร้าว อ.เกาะคา จ.ลำปาง (6801-01)		5372196		5372196		17.12.2025 เงินเข้าแล้ว | ผู้รับโอนสิทธิ: WTP | ลูกค้า: เทศบาลตำบลวังพร้าว
rcp_f62f5d44	AR2512-009	2026-01-16	IV2512-007	10902025	บ้านเทื่อม ม.3 ต.เขือน้ำ อ.บ้านผือ จ.อุดรธานี (6801-01)		5377196.24		5377196.24		16.01.2026 เงินเข้าแล้ว / คุณศิวพร 092-956-3298 | ผู้รับโอนสิทธิ: STS | ลูกค้า: องค์การบริหารส่วนตำบลเขือน้ำ
rcp_3a33f106	AR2512-004	2026-03-13	IV2512-005	14202025	บ้านหนองจอก ม.6 ต.ซับสมบูรณ์ อ.วิเชียรบุรี จ.เพชรบูรณ์ (6813-02)		1291000		1291000		13.03.2026 เงินเข้าแล้ว / คุณนิว 093-7919416  | ผู้รับโอนสิทธิ: WTP | ลูกค้า: ที่ทำการปกครองอำเภอวิเชียรบุรี
rcp_a24e8af3	AR2512-005	2026-03-13	IV2512-004	14102025	บ้านซับสมบูรณ์ ม.1 ต.ซับสมบูรณ์ อ.วิเชียรบุรี จ.เพชรบูรณ์ (6813-02)		1291000		1291000		13.03.2026 เงินเข้าแล้ว / คุณนิว 093-7919416  | ผู้รับโอนสิทธิ: WTP | ลูกค้า: ที่ทำการปกครองอำเภอวิเชียรบุรี
rcp_39df9761	AR2512-003	2025-12-26	IV2512-003	07502025	บ้านทุ่ง ม.5 ต.หัวเสือ อ.แม่ทะ จ.ลำปาง (6801-01)		5380269.71		5380269.71		26.12.2025 เงินเข้าแล้ว | ผู้รับโอนสิทธิ: STS | ลูกค้า: องค์การบริหารส่วนตำบลหัวเสือ
rcp_fdb06f82	AR2511-021	2025-12-09	IV2511-020	0011322024	SV-878-PL-บ้านขามแดง ม.6 ต.ห้างฉัตร อ.ห้างฉัตร จ.ลำปาง (SV-6802-01)		81000		81000		09.12.2025 เงินเข้าแล้ว | ผู้รับโอนสิทธิ: WTP | ลูกค้า: ที่ทำการปกครองอำเภอห้างฉัตร
rcp_643984bf	AR2511-020	2025-12-09	IV2511-019	0011332024	SV-886-PL-บ้านห้างฉัตรเหนือ ม.2  ต.ห้างฉัตร อ.ห้างฉัตร จ.ลำปาง (SV-6802-01)		81000		81000		09.12.2025 เงินเข้าแล้ว | ผู้รับโอนสิทธิ: WTP | ลูกค้า: ที่ทำการปกครองอำเภอห้างฉัตร
rcp_0d9bf1bb	AR2511-017	2026-01-22	IV2511-018	14302025	บ้านสายห้วย ม.8 ต.วังสำโรง อ.บางมูลนาก จ.พิจิตร (6813-02)		2928000		2928000		22.01.2026 เงินเข้าแล้ว / คุณสายพิน 089-7074618 | ผู้รับโอนสิทธิ: WTP | ลูกค้า: ที่ทำการปกครองอำเภอบางมูลนาก
rcp_8a5cd07f	AR2511-018	2026-01-22	IV2511-017	14402025	บ้านสายห้วย ม.8 ต.วังสำโรง อ.บางมูลนาก จ.พิจิตร (6813-02)		1600000		1600000		22.01.2026 เงินเข้าแล้ว / คุณสายพิน 089-7074618 | ผู้รับโอนสิทธิ: WTP | ลูกค้า: ที่ทำการปกครองอำเภอบางมูลนาก
rcp_df30f9a1	AR2511-016	2025-12-29	IV2511-016	0011342024	SV-865-PL-หนองตาดำ ม.6 ต.ท่าชัย อ.เมืองชัยนาท จ.ชัยนาท (SV-6801-01)		135000		135000		29.12.2025 เงินเข้าแล้ว / คุณแตน 056 475 077 ต่อ 2 | ผู้รับโอนสิทธิ: WTP | ลูกค้า: องค์กาารบริหารส่วนตำบลท่าชัย
rcp_b3d5789e	AR2511-015	2026-03-12	IV2511-015	14002025	บ้านซับสมบูรณ์ ม.1 ต.ซับสมบูรณ์ อ.วิเชียรบุรี จ.เพชรบูรณ์ (6813-02)		2060000		2060000		12.03.2026 เงินเข้าแล้ว / คุณนิว 093-7919416  | ผู้รับโอนสิทธิ: WTP | ลูกค้า: ที่ทำการปกครองอำเภอวิเชียรบุรี
rcp_8903c341	AR2511-010	2026-01-09	IV2511-011	03702025	บ้านโพน ม.8 ต.โนนตาล อ.ท่าอุเทน จ.นครพนม (6801-01)		5357836.3		5357836.3		09.01.2026 เงินเข้าแล้ว / คุณเปา 096-7877328 | ผู้รับโอนสิทธิ: WTP | ลูกค้า: องค์การบริหารส่วนตำบลโนนตาล
rcp_351c5b50	AR2511-008	2025-12-22	IV2511-008	0011312024	SV-580-PM-บ้านน้ำลาน ม.2 ต.น้ำพาง อ.แม่จริม จ.น่าน (SV-6805-01)		85000		85000		22.12.2025 เงินเข้าแล้ว | ผู้รับโอนสิทธิ: WTP | ลูกค้า: องค์การบริหารส่วนตำบลน้ำพาง
rcp_c7622601	AR2511-007	2025-12-03	IV2511-007	11202025	บ้านดอกคำใต้ ม.1 ต.แม่ตีบ อ.งาว จ.ลำปาง (6801-01)		3238200		3238200		03.12.2025 เงินเข้าแล้ว | ผู้รับโอนสิทธิ: STS | ลูกค้า: องค์การบริหารส่วนตำบลแม่ตีบ
rcp_c151ae3b	AR2511-005	2025-11-21	IV2511-005	04502024	SV-599-PL-บ้านบ่อสน ม.5 ต.ทุ่งนารี อ.ป่าบอน จ.พัทลุง (SV-6708-01)		13000		13000		21.11.2025 เงินเข้าแล้ว | ผู้รับโอนสิทธิ: WTP | ลูกค้า: องค์การบริหารส่วนตำบลทุ่งนารี
rcp_ddca41fe	AR2510-031	2025-11-20	IV2510-031	12902025	วัดสารภีพระเจ้าตนหลวงล้านเหรียญทันใจ ม.6 ต.แม่คือ อ.ดอยสะเก็ด จ.เชียงใหม่ (6801-01)		1358000		1358000		20.11.2025 เงินเข้าแล้ว / คุณแอร์ 093-2534845 | ผู้รับโอนสิทธิ: WTP | ลูกค้า: เทศบาลตำบลแม่คือ
rcp_16ecf605	AR2510-029	2025-12-04	IV2510-029	11902025	บ้านหนองแสลบ ม.4 ต.เลาขวัญ อ.เลาขวัญ จ.กาญจนบุรี (จุดที่ 2) (6801-01)		5369000		5369000		04.12.2025 เงินเข้าแล้ว / คุณสมพงษ์ 097-0451214 | ผู้รับโอนสิทธิ: STS | ลูกค้า: องค์การบริหารส่วนตำบลเลาขวัญ
rcp_ee8a0fb0	AR2510-028	2025-11-07	IV2510-028	10702025	บ้านยั้งเมิน ม.3 ต.ยั้งเมิน อ.สะเมิง จ.เชียงใหม่ (6801-01)		3172800		3172800		07.11.2025 เงินเข้าแล้ว / คุณทับทอง 085-6940389 | ผู้รับโอนสิทธิ: STS | ลูกค้า: องค์การบริหารส่วนตำบลยั้งเมิน
rcp_26308abb	AR2510-026	2025-11-19	IV2510-026	10202025	บ้านสองแควปินหวาน ม.5 ต.เถินบุรี อ.เถิน จ.ลำปาง (6801-01)		3204000		3204000		19.11.2025 เงินเข้าแล้ว / คุณลฎาภา 085-689-4000 | ผู้รับโอนสิทธิ: STS | ลูกค้า: เทศบาลตำบลเถินบุรี
rcp_25c6dd0e	AR2510-024	2025-11-07	IV2510-025	11402025	บ้านแม่หีด ม.1 ต.วังแก้ว อ.วังเหนือ จ.ลำปาง (6801-01)		3225000		3225000		07.11.2025 เงินเข้าแล้ว / คุณหนิง 087-551-6144 | ผู้รับโอนสิทธิ: STS | ลูกค้า: องค์การบริหารส่วนตำบลวังแก้ว
rcp_43c4745a	AR2510-025	2025-11-17	IV2510-024	12402025	บ้านบุไทร ม.4 ต.ไทยสามัคคี อ.วังน้ำเขียว จ.นครราชสีมา (6801-01)		3240000		3240000		17.11.2025 เงินเข้าแล้ว | ผู้รับโอนสิทธิ: STS | ลูกค้า: องค์การบริหารส่วนตำบลไทยสามัคคี
rcp_b74d07f9	AR2510-017	2025-11-26	IV2510-017	07702025	บ้านคลองตามั่น ม.11 ต.เขาไม้แก้ว อ.กบินทร์บุรี จ.ปราจีนบุรี (6801-01)		5400000		5400000		26.11.2025 เงินเข้าแล้ว / คุณแอน 065-065-4332 | ผู้รับโอนสิทธิ: STS | ลูกค้า: องค์การบริหารส่วนตำบลเขาไม้แก้ว
rcp_b756bbe8	AR2510-016	2025-11-27	IV2510-016	13002025	บ้านมะกอกหวานพัฒนาราชานุเคราะห์ ม.11 ต.ม่วงค่อม อ.ชัยบาดาล จ.ลพบุรี (6801-01)		1100000		1100000		27.11.2025 เงินเข้าแล้ว | ผู้รับโอนสิทธิ: WTP | ลูกค้า: องค์การบริหารส่วนตำบลม่วงค่อม
rcp_e2fdcad2	AR2509-040	2025-11-12	IV2509-040	10002025	บ้านแม่กัวะ ม.4 ต.แม่กัวะ อ.สบปราบ จ.ลำปาง (6801-01)		2145301.19		2145301.19		12.11.2025 เงินเข้าแล้ว / คุณนัท 054-296371 ต่อ 2 | ผู้รับโอนสิทธิ: STS | ลูกค้า: องค์การบริหารส่วนตำบลแม่กวัะ
rcp_8630da9c	AR2509-039	2025-10-29	IV2509-038	12402025	บ้านบุไทร ม.4 ต.ไทยสามัคคี อ.วังน้ำเขียว จ.นครราชสีมา (6801-01)		2160000		2160000		29.10.2025 เงินเข้าแล้ว | ผู้รับโอนสิทธิ: STS | ลูกค้า: องค์การบริหารส่วนตำบลไทยสามัคคี
rcp_0ff4b4f1	AR2509-036	2025-10-10	IV2509-037	12102025	บ้านศรีดอนมูล ม.9 ต.ศรีดอนมูล อ.เชียงแสน จ.เชียงราย (6801-01)		1100000		1100000		10.10.2025 เงินเข้าแล้ว | ผู้รับโอนสิทธิ: WTP | ลูกค้า: องค์การบริหารส่วนตำบลศรีดอนมูล
rcp_2a318116	AR2509-037	2025-11-13	IV2509-031	33802024	บ้านนาสมใจ ม.7 ต.ผาสามยอด อ.เอราวัณ จ.เลย (6801-01)		2029317.73		2029317.73		13.11.2025 เงินเข้าแล้ว / คุณกิ่ง 061-1150154 | ผู้รับโอนสิทธิ: WTP | ลูกค้า: องคก์ารบริหารส่วนตำบลผาสามยอด
rcp_084b7a58	AR2509-027	2025-10-01	IV2509-030	07802025	โรงเรียนเทศบาลพญาเม็งราย ๑ (ทุ่งเจ้า) ต.แม่เปา อ.พญาเม็งราย จ.เชียงราย (6801-01)		3240000		3240000		01.10.2025 เงินเข้าแล้ว | ผู้รับโอนสิทธิ: STS | ลูกค้า: เทศบาลตำบลพญาเม็งราย
rcp_b7d84b9b	AR2509-029	2025-10-02	IV2509-029	13302025	สี่แยกลุงฉ่ำ ม.6 ต.น้ำพุ อ.บ้านนาสาร จ.สุราษฎร์ธานี (6707-03)		1300000		1300000		02.10.2025 เงินเข้าแล้ว | ผู้รับโอนสิทธิ: STS | ลูกค้า: องค์การบริหารส่วนตำบลน้ำพุ
rcp_8c357e68	AR2509-028	2025-09-29	IV2509-028	08502025	บ้านหนองสองห้อง ม.2 ต.เม็งราย อ.พญาเม็งราย จ.เชียงราย (6801-01)		1800000		1800000		29.09.2025 เงินเข้าแล้ว / คุณอุตสนี 084-6085532 | ผู้รับโอนสิทธิ: STS | ลูกค้า: เทศบาลตำบลพญาเม็งราย
rcp_0c281719	AR2509-030	2025-10-15	IV2509-027	11002025	บ้านวังแดง ม.3 ต.วังแดง อ.ตรอน จ.อุตรดิตถ์ (6801-01)		1079800		1079800		15.10.2025 เงินเข้าแล้ว | ผู้รับโอนสิทธิ: STS | ลูกค้า: องค์การบริหารส่วนตำบลวังแดง
rcp_8bb3ed12	AR2509-021	2025-10-02	IV2509-026	12702025	บ้านหนองกก ม.7 ต.ภูหลวง อ.ปักธงชัย จ.นครราชสีมา (6801-01)		1100000		1100000		02.10.2025 เงินเข้าแล้ว | ผู้รับโอนสิทธิ: WTP | ลูกค้า: องค์การบริหารส่วนตำบลภูหลวง
rcp_cff338a9	AR2509-022	2025-10-02	IV2509-025	12602025	บ้านหลุมหิน ม.6 ต.ภูหลวง อ.ปักธงชัย จ.นครราชสีมา (6801-01)		1100000		1100000		02.10.2025 เงินเข้าแล้ว | ผู้รับโอนสิทธิ: WTP | ลูกค้า: องค์การบริหารส่วนตำบลภูหลวง
rcp_24939295	AR2509-023	2025-10-02	IV2509-024	12502025	บ้านหลุมเงิน ม.5 ต.ภูหลวง อ.ปักธงชัย จ.นครราชสีมา (6801-01)		1100000		1100000		02.10.2025 เงินเข้าแล้ว | ผู้รับโอนสิทธิ: WTP | ลูกค้า: องค์การบริหารส่วนตำบลภูหลวง
rcp_9595890a	AR2509-024	2025-10-31	IV2509-023	11202025	บ้านดอกคำใต้ ม.1 ต.แม่ตีบ อ.งาว จ.ลำปาง (6801-01)		2158800		2158800		31.10.2025 เงินเข้าแล้ว | ผู้รับโอนสิทธิ: STS | ลูกค้า: องค์การบริหารส่วนตำบลแม่ตีบ
rcp_948c46f3	AR2509-025	2025-10-01	IV2509-022	09802025	ม.8 ต.วังเย็น อ.แปลงยาว จ.ฉะเชิงเทรา (6801-01)		3240000		3240000		01.10.2025 เงินเข้าแล้ว | ผู้รับโอนสิทธิ: STS | ลูกค้า: เทศบาลตำบลวังเย็น
rcp_4d10c078	AR2509-009	2025-10-06	IV2509-017	24302024	บ้านสี่ภาค ม.2 ต.ดงพลับ อ.บ้านหมี่ จ.ลพบุรี  (6801-01)		5382196.24		5382196.24		06.10.2025 เงินเข้าแล้ว / WTP | ผู้รับโอนสิทธิ: KTB | ลูกค้า: องค์การบริหารส่วนตำบลบางกะพี้ดงพลับ
rcp_c11d176f	AR2509-010	2025-09-29	IV2509-016	12002025	บ้านป่าแพะ ม.8 ต.ออย อ.ปง จ.พะเยา (6801-01)		1100000		1100000		29.09.2025 เงินเข้าแล้ว / คุณแอม 082-183-2926 | ผู้รับโอนสิทธิ: WTP | ลูกค้า: องค์การบริหารส่วนตำบลออย
rcp_8ad95b8c	AR2509-011	2025-09-29	IV2509-015	12802025	บ้านต้นฝาง ม.5 ต.ออย อ.ปง จ.พะเยา (6801-01)		1100000		1100000		29.09.2025 เงินเข้าแล้ว / คุณแอม 082-183-2926 | ผู้รับโอนสิทธิ: STS | ลูกค้า: องค์การบริหารส่วนตำบลออย
rcp_da7a89eb	AR2509-012	2025-10-06	IV2509-014	08102025	บ้านตระกาจ ม.4 ต.ตระกาจ อ.กันทรลักษ์ จ.ศรีสะเกษ (6801-01)		5400000		5400000		06.10.2025 เงินเข้าแล้ว / 094-8416925 | ผู้รับโอนสิทธิ: STS | ลูกค้า: องค์การบริหารส่วนตำบลตระกาจ
rcp_977dcb64	AR2509-013	2025-09-29	IV2509-013	13202025	บริเวณโรงเรียนบ้านเขาเทพพิทักษ์ ม.1 ต.เขาพัง อ.บ้านตาขุน จ.สุราษฎร์ธานี (6707-03)		1300000		1300000		29.09.2025 เงินเข้าแล้ว / คุณสาโรจน์ 061-1743497 | ผู้รับโอนสิทธิ: STS | ลูกค้า: เทศบาลตำบลบ้านเชี่ยวหลาน
rcp_54f4ae18	AR2509-008	2025-10-01	IV2509-012	11402025	บ้านแม่หีด ม.1 ต.วังแก้ว อ.วังเหนือ จ.ลำปาง (6801-01)		2150000		2150000		01.10.2025 เงินเข้าแล้ว / คุณหนิง 087-551-6144 | ผู้รับโอนสิทธิ: STS | ลูกค้า: องค์การบริหารส่วนตำบลวังแก้ว
rcp_297c91cd	AR2509-014	2025-09-29	IV2509-011	07602025	ม.10 ต.วังเย็น อ.แปลงยาว จ.ฉะเชิงเทรา (6801-01)		2700000		2700000		29.09.2025 เงินเข้าแล้ว | ผู้รับโอนสิทธิ: STS | ลูกค้า: เทศบาลตำบลวังเย็น
rcp_81da4607	AR2508-040	2025-10-01	IV2508-042	06002025	บ้านห้วยไผ่ขุย ม.9 ต.หนองนางนวล อ.หนองฉาง จ.อุทัยธานี (6801-01)		1100000		1100000		01.10.2025 เงินเข้าแล้ว / คุณเอก 056-510988 | ผู้รับโอนสิทธิ: KTB | ลูกค้า: องค์การบริหารส่วนตำบลหนองนางนวล
rcp_94b96de2	AR2508-041	2025-10-01	IV2508-041	05502025	บ้านทุ่งมะขามหวาน ม.4 ต.หนองนางนวล อ.หนองฉาง จ.อุทัยธานี (6801-01)		1100000		1100000		01.10.2025 เงินเข้าแล้ว / คุณเอก 056-510988 | ผู้รับโอนสิทธิ: KTB | ลูกค้า: องค์การบริหารส่วนตำบลหนองนางนวล
rcp_dfa68b44	AR2508-042	2025-10-01	IV2508-040	05402025	บ้านหนองมะกอก ม.3 ต.หนองนางนวล อ.หนองฉาง จ.อุทัยธานี (6801-01)		1100000		1100000		01.10.2025 เงินเข้าแล้ว / คุณเอก 056-510988 | ผู้รับโอนสิทธิ: KTB | ลูกค้า: องค์การบริหารส่วนตำบลหนองนางนวล
rcp_552c236a	AR2508-039	2025-09-29	IV2508-038	10502025	บ้านงิ้วเฒ่า ม.6 ต.ศรีดอนมูล อ.เชียงแสน จ.เชียงราย (6801-01)		1100000		1100000		29.09.2025 เงินเข้าแล้ว | ผู้รับโอนสิทธิ: STS | ลูกค้า: องค์การบริหารส่วนตำบลศรีดอนมูล
rcp_967ab449	AR2508-038	2025-10-15	IV2508-037	07402025	บ้านดอนข่า ม.5 ต.ทรายทอง อ.ศรีบุญเรือง จ.หนองบัวลำภู (6707-03)		5382196.24		5382196.24		15.10.2025 เงินเข้าแล้ว / คุณปิ๊ก 095-429-3990 | ผู้รับโอนสิทธิ: KTB | ลูกค้า: องค์การบริหารส่วนตำบลทรายทอง
rcp_b0bef0db	AR2508-037	2025-09-19	IV2508-036	10702025	บ้านยั้งเมิน ม.3 ต.ยั้งเมิน อ.สะเมิง จ.เชียงใหม่ (6801-01)		2115200		2115200		19.09.2025 เงินข้าแล้ว | ผู้รับโอนสิทธิ: STS | ลูกค้า: องค์การบริหารส่วนตำบลยั้งเมิน
rcp_968c8f95	AR2508-034	2025-10-06	IV2508-034	11102025	บ้านเหลิ่งหิน ม.11 ต.โนนจาน อ.บัวลาย จ.นครราชสีมา (6801-01)		5400000		5400000		06.10.2025 เงินเข้าแล้ว / คุณเอ๋ 084-4165040  | ผู้รับโอนสิทธิ: STS | ลูกค้า: องค์การบริหารส่วนตำบลโนนจาน
rcp_796a6b2d	AR2508-035	2025-09-17	IV2508-033	11802025	บ้านหล่ายใหม่ ม.11 ต.ออย อ.ปง จ.พะเยา (6801-01)		1100000		1100000		17.09.2025 เงินเข้าแล้ว | ผู้รับโอนสิทธิ: WTP | ลูกค้า: องค์การบริหารส่วนตำบลออย
rcp_ce2becef	AR2508-019	2025-09-12	IV2508-022	11002025	บ้านวังแดง ม.3 ต.วังแดง อ.ตรอน จ.อุตรดิตถ์ (6801-01)		2699500		2699500		12.09.2025 เงินเข้าแล้ว | ผู้รับโอนสิทธิ: STS | ลูกค้า: องค์การบริหารส่วนตำบลวังแดง
rcp_502bb78f	AR2508-020	2025-09-23	IV2508-021	33802024	บ้านนาสมใจ ม.7 ต.ผาสามยอด อ.เอราวัณ จ.เลย (6801-01)		1352878.49		1352878.49		23.09.2025 เงินเข้าแล้ว/ คุณกิ่ง 061-1150154 | ผู้รับโอนสิทธิ: WTP | ลูกค้า: องคก์ารบริหารส่วนตำบลผาสามยอด
rcp_f6b09ed7	AR2508-030	2025-08-28	IV2508-020	10202025	บ้านสองแควปินหวาน ม.5 ต.เถินบุรี อ.เถิน จ.ลำปาง (6801-01)		2136000		2136000		28.08.2025 เงินเข้าแล้ว | ผู้รับโอนสิทธิ: STS | ลูกค้า: เทศบาลตำบลเถินบุรี
rcp_7bba5341	AR2508-031	2025-08-28	IV2508-019	10102025	บ้านป่าตาล ม.2 ต.เถินบุรี อ.เถิน จ.ลำปาง (6801-01)		2136000		2136000		28.08.2025 เงินเข้าแล้ว | ผู้รับโอนสิทธิ: STS | ลูกค้า: เทศบาลตำบลเถินบุรี
rcp_a15eebbc	AR2508-012	2025-09-15	IV2508-011	25602024	บ้านชุมทหาร ม.1 ต.ห้วยคต อ.ห้วยคต จ.อุทัยธานี (6801-01)		5382196.25		5382196.25		15.09.2025 เงินเข้าแล้ว / คุณเล็ก 089-8605344 | ผู้รับโอนสิทธิ: KTB | ลูกค้า: องค์การบริหารส่วนตำบลห้วยคต
rcp_80fe83c5	AR2508-011	2025-09-15	IV2508-010	25702024	บ้านหนองจอก ม.7 ต.ห้วยคต อ.ห้วยคต จ.อุทัยธานี (6801-01)		3382196.24		3382196.24		15.09.2025 เงินเข้าแล้ว / คุณเล็ก 089-8605344 | ผู้รับโอนสิทธิ: KTB | ลูกค้า: องค์การบริหารส่วนตำบลห้วยคต
rcp_2302edd6	AR2508-009	2025-09-12	IV2508-009	11002025	บ้านวังแดง ม.3 ต.วังแดง อ.ตรอน จ.อุตรดิตถ์ (6801-01)		1601896.24		1601896.24		12.09.2025 เงินเข้าแล้ว | ผู้รับโอนสิทธิ: STS | ลูกค้า: องค์การบริหารส่วนตำบลวังแดง
rcp_8845edaf	AR2508-008	2025-09-12	IV2508-008	10802025	บ้านดอนทอง ม.12 ต.ออย อ.ปง จ.พะเยา (6801-01)		1100000		1100000		12.09.2025 เงินเข้าแล้ว / คุณแอม 082-183-2926 | ผู้รับโอนสิทธิ: STS | ลูกค้า: องค์การบริหารส่วนตำบลออย
rcp_144fcb94	AR2508-007	2025-09-15	IV2508-007	06502025	ม.9 ต.วังเย็น อ.แปลงยาว จ.ฉะเชิงเทรา (6801-01)		2700000		2700000		15.09.2025 เงินเข้าแล้ว / คุณช้าง 082-7120515 | ผู้รับโอนสิทธิ: KTB | ลูกค้า: เทศบาลตำบลวังเย็น
rcp_3b64422e	AR2508-006	2025-09-19	IV2508-006	08602025	บ้านหัวแรต ม.10 ต.บัวโคก อ.ท่าตูม จ.สุรินทร์ (6801-01)		5397000		5397000		19.09.2025 เงินข้าแล้ว | ผู้รับโอนสิทธิ: STS | ลูกค้า: องค์การบริหารส่วนตำบลบัวโคก
rcp_121c537e	AR2508-005	2025-09-15	IV2508-005	06802025	ม.2 ต.วังเย็น อ.แปลงยาว จ.ฉะเชิงเทรา (6801-01)		2700000		2700000		15.09.2025 เงินเข้าแล้ว / คุณช้าง 082-7120515 | ผู้รับโอนสิทธิ: KTB | ลูกค้า: เทศบาลตำบลวังเย็น
rcp_6f72da80	AR2507-071	2025-10-03	IV2507-070	26302024	บ้านห้วยวังทอง ม.16 ต.ศรีบุญเรือง อ.ศรีบุญเรือง จ.หนองบัวลำภู (6707-03)		5398814.94		5398814.94		03.10.2025 เงินเข้าแล้ว / คุณกวีระชัย 097-2948107 | ผู้รับโอนสิทธิ: KTB | ลูกค้า: องค์การบริหารส่วนตำบลศรีบุญเรือง
rcp_79979aa3	AR2507-070	2025-09-01	IV2507-069	09802025	ม.8 ต.วังเย็น อ.แปลงยาว จ.ฉะเชิงเทรา (6801-01)		2160000		2160000		01.09.2025 เงินเข้าแล้ว / คุณช้าง 082-7120515 | ผู้รับโอนสิทธิ: STS | ลูกค้า: เทศบาลตำบลวังเย็น
rcp_3dd517ab	AR2507-067	2025-09-03	IV2507-068	28702024	บ้านบ่อสำราญ ม.4 ต.ทะเลบก อ.ดอนเจดีย์ จ.สุพรรณบุรี (6801-01)		5400000		5400000		03.09.2025 เงินเข้าแล้ว / คุณชุติมา 081-1737976  | ผู้รับโอนสิทธิ: KTB | ลูกค้า: องค์การบริหารส่วนตำบลทะเลบก
rcp_47ac47c8	AR2507-069	2025-10-03	IV2507-067	26202024	บ้านศรีโพธิ์ทอง ม.12 ต.ศรีบุญเรือง อ.ศรีบุญเรือง จ.หนองบัวลำภู (6707-03)		5382196.22		5382196.22		03.10.2025 เงินเข้าแล้ว / คุณกวีระชัย 097-2948107 | ผู้รับโอนสิทธิ: KTB | ลูกค้า: องค์การบริหารส่วนตำบลศรีบุญเรือง
rcp_3013f68b	AR2507-068	2025-08-29	IV2507-066	33202024	บ้านขุนศรี ม.2 ต.บุพราหมณ์ อ.นาดี จ.ปราจีนบุรี (6801-01)		3773000		3773000		29.08.2025 เงินเข้าแล้ว / คุณนัชชา 092-3141490 | ผู้รับโอนสิทธิ: WTP | ลูกค้า: องค์การบริหารส่วนตำบลบุพราหมณ์
rcp_793476bb	AR2507-064	2025-08-21	IV2507-065	24502024	บ้านไร่น้อย ม.8 ต.น้ำอ่าง อ.ตรอน จ.อุตรดิตถ์ (6801-01)		3240000		3240000		21.08.2025 เงินเข้าแล้ว / คุณเอก 093-9619428 | ผู้รับโอนสิทธิ: KTB | ลูกค้า: องค์การบริหารส่วนตำบลน้ำอ่าง
rcp_6f3e5fa3	AR2507-065	2025-10-03	IV2507-064	26402024	บ้านหนองบัวน้อย ม.7 ต.ศรีบุญเรือง อ.ศรีบุญเรือง จ.หนองบัวลำภู (6707-03)		5382196.22		5382196.22		03.10.2025 เงินเข้าแล้ว / คุณกวีระชัย 097-2948107 | ผู้รับโอนสิทธิ: KTB | ลูกค้า: องค์การบริหารส่วนตำบลศรีบุญเรือง
rcp_b2a91cf6	AR2507-054	2025-09-22	IV2507-062	06102025	บ้านหนองมะขามป้อม ม.10 ต.หนองนางนวล อ.หนองฉาง จ.อุทัยธานี (6801-01)		1100000		1100000		22.09.2025 เงินเข้าแล้ว / คุณเอก 056-510988 | ผู้รับโอนสิทธิ: KTB | ลูกค้า: องค์การบริหารส่วนตำบลหนองนางนวล
rcp_e90e3ebc	AR2507-055	2025-09-22	IV2507-061	05902025	บ้านท่าข้ามสาคร ม.8 ต.หนองนางนวล อ.หนองฉาง จ.อุทัยธานี (6801-01)		1100000		1100000		22.09.2025 เงินเข้าแล้ว / คุณเอก 056-510988 | ผู้รับโอนสิทธิ: KTB | ลูกค้า: องค์การบริหารส่วนตำบลหนองนางนวล
rcp_08b5dcfe	AR2507-056	2025-09-22	IV2507-060	05802025	บ้านเกาะโสภี ม.7 ต.หนองนางนวล อ.หนองฉาง จ.อุทัยธานี (6801-01)		1100000		1100000		22.09.2025 เงินเข้าแล้ว / คุณเอก 056-510988 | ผู้รับโอนสิทธิ: KTB | ลูกค้า: องค์การบริหารส่วนตำบลหนองนางนวล
rcp_7c4754fa	AR2507-057	2025-09-22	IV2507-059	05702025	บ้านทุ่งมะขามเตี้ย ม.6 ต.หนองนางนวล อ.หนองฉาง จ.อุทัยธานี (6801-01)		1100000		1100000		22.09.2025 เงินเข้าแล้ว / คุณเอก 056-510988 | ผู้รับโอนสิทธิ: KTB | ลูกค้า: องค์การบริหารส่วนตำบลหนองนางนวล
rcp_15778b45	AR2507-058	2025-09-22	IV2507-058	05602025	บ้านหนองรืน ม.5 ต.หนองนางนวล อ.หนองฉาง จ.อุทัยธานี (6801-01)		1100000		1100000		22.09.2025 เงินเข้าแล้ว / คุณเอก 056-510988 | ผู้รับโอนสิทธิ: KTB | ลูกค้า: องค์การบริหารส่วนตำบลหนองนางนวล
rcp_2e1727c9	AR2507-059	2025-09-22	IV2507-057	05302025	บ้านหนองกระทุ่ม ม.2 ต.หนองนางนวล อ.หนองฉาง จ.อุทัยธานี (6801-01)		1100000		1100000		22.09.2025 เงินเข้าแล้ว / คุณเอก 056-510988 | ผู้รับโอนสิทธิ: KTB | ลูกค้า: องค์การบริหารส่วนตำบลหนองนางนวล
rcp_c360edbd	AR2507-060	2025-09-22	IV2507-056	05202025	บ้านหนองขุนทอง ม.1 ต.หนองนางนวล อ.หนองฉาง จ.อุทัยธานี (6801-01)		1100000		1100000		22.09.2025 เงินเข้าแล้ว / คุณเอก 056-510988 | ผู้รับโอนสิทธิ: KTB | ลูกค้า: องค์การบริหารส่วนตำบลหนองนางนวล
rcp_c09e967b	AR2507-062	2025-09-03	IV2507-055	07002025	บ้านน้ำม้าเหนือ ม.13 ต.สถาน อ.เชียงของ จ.เชียงราย (6707-03)		1251118.63		1251118.63		03.09.2025 เงินเข้าแล้ว / คุณแตน 097-9182756 | ผู้รับโอนสิทธิ: KTB | ลูกค้า: เทศบาลตำบลสถาน
rcp_022bbc9d	AR2507-063	2025-09-03	IV2507-054	06902025	บ้านน้ำม้า ม.3 ต.สถาน อ.เชียงของ จ.เชียงราย (6707-03)		1251118.63		1251118.63		03.09.2025 เงินเข้าแล้ว / คุณแตน 097-9182756 | ผู้รับโอนสิทธิ: KTB | ลูกค้า: เทศบาลตำบลสถาน
rcp_0570ce62	AR2507-061	2025-08-28	IV2507-053	29802024	บ้านโนนอุดมพัฒนา ม.10 ต.หนองบัวใต้ อ.ศรีบุญเรือง จ.หนองบัวลำภู (6707-03)		5382196.22		5382196.22		28.08.2025 เงินเข้าแล้ว / คุณเอื้อมตะวัน 042-002252 ต่อ 2 | ผู้รับโอนสิทธิ: KTB | ลูกค้า: องค์การบริหารส่วนตำบลหนองบัวใต้
rcp_a2522437	AR2507-053	2025-08-27	IV2507-052	02502025	หนองดุม ม.16 ต.นนทรี อ.กบินทร์บุรี จ.ปราจีนบุรี (6801-01)		1100000		1100000		27.08.2025 เงินเข้าแล้ว / พัสดุ 094-8198789 | ผู้รับโอนสิทธิ: WTP | ลูกค้า: องค์การบริหารส่วนตำบลนนทรี
rcp_008ae278	AR2507-044	2025-09-01	IV2507-043	2702025	บ้านเขาสะท้อนบน ม.10 ต.หนองไม้แก่น อ.แปลงยาว จ.ฉะเชิงเทรา (6801-01)		3240000		3240000		01.09.2025 เงินเข้าแล้ว / คุณเบนซ์ 098-7695318 | ผู้รับโอนสิทธิ: STS | ลูกค้า: องค์การบริหารส่วนตำบลหนองไม้แก่น
rcp_bc6ec641	AR2507-037	2025-10-01	IV2507-040	22902024	บ้านหนองอาสา ม.2 ต.เมืองการุ้ง อ.บ้านไร่ จ.อุทัยธานี (6801-01)		2040000		2040000		01.10.2025 เงินเข้าแล้ว  / พัสดุ 06-5264-4496 | ผู้รับโอนสิทธิ: KTB | ลูกค้า: องค์การบริหารส่วนตำบลเมืองการุ้ง
rcp_d8e8928f	AR2507-038	2025-10-01	IV2507-039	22802024	บ้านคลองโป่ง ม.5 ต.เมืองการุ้ง อ.บ้านไร่ จ.อุทัยธานี (6801-01)		2040000		2040000		01.10.2025 เงินเข้าแล้ว  / พัสดุ 06-5264-4496 | ผู้รับโอนสิทธิ: KTB | ลูกค้า: องค์การบริหารส่วนตำบลเมืองการุ้ง
rcp_ec1c5701	AR2507-036	2025-07-31	IV2507-038	7602025	ม.10 ต.วังเย็น อ.แปลงยาว จ.ฉะเชิงเทรา (6801-01)		1800000		1800000		31.07.2025 เงินเข้าแล้ว / คุณมยุรี 086-5700254 | ผู้รับโอนสิทธิ: STS | ลูกค้า: เทศบาลตำบลวังเย็น
rcp_3d6ce7f4	AR2507-039	2025-10-14	IV2507-037	6602025	บ้านชมน้อย ม.2 ต.ชมเจริญ อ.ปากชม จ.เลย (6801-01)		1100000		1100000		14.10.2025 เงินเข้าแล้ว / คุณมณีวรรณ 084-7428010 / WTP | ผู้รับโอนสิทธิ: KTB | ลูกค้า: องค์การบริหารส่วนตำบลชมเจริญ
rcp_65e21052	AR2507-040	2025-10-14	IV2507-036	6702025	บ้านห้วยอาลัย ม.3 ต.ชมเจริญ อ.ปากชม จ.เลย (6801-01)		1100000		1100000		14.10.2025 เงินเข้าแล้ว / คุณมณีวรรณ 084-7428010 / WTP | ผู้รับโอนสิทธิ: KTB | ลูกค้า: องค์การบริหารส่วนตำบลชมเจริญ
rcp_c9739a70	AR2507-034	2025-08-18	IV2507-034	7802025	โรงเรียนเทศบาลพญาเม็งราย ๑ (ทุ่งเจ้า) ต.แม่เปา อ.พญาเม็งราย จ.เชียงราย (6801-01)		2160000		2160000		18.08.2025 เงินเข้าแล้ว / คุณอุตสนี 084-6085532 | ผู้รับโอนสิทธิ: STS | ลูกค้า: เทศบาลตำบลพญาเม็งราย
rcp_a273c034	AR2507-033	2025-08-19	IV2507-033	8502025	บ้านหนองสองห้อง ม.2 ต.เม็งราย อ.พญาเม็งราย จ.เชียงราย (6801-01)		1200000		1200000		20.08.2025 เงินเข้าแล้ว / คุณอุตสนี 084-6085532 | ผู้รับโอนสิทธิ: STS | ลูกค้า: เทศบาลตำบลพญาเม็งราย
rcp_91599d0b	AR2507-032	2025-08-04	IV2507-032	3602025	ม.4 ต.ท่างิ้ว อ.ห้วยยอด จ.ตรัง (6801-01)		3120000		3120000		04.08.2025 เงินเข้าแล้ว | ผู้รับโอนสิทธิ: LIT | ลูกค้า: เทศบาลตำบลท่างิ้ว
rcp_d79b668d	AR2507-031	2025-08-14	IV2507-031	32502024	บ้านสุมข้าม ม.4 ต.นาขุม อ.บ้านโคก จ.อุตรดิตถ์ (6801-01)		3780000		3780000		14.08.2025 เงินเข้าแล้ว / คุณน้ำฝน 087-8518426 | ผู้รับโอนสิทธิ: WTP | ลูกค้า: องค์การบริหารส่วนตำบลนาขุม
rcp_927f273e	AR2507-030	2025-08-25	IV2507-030	8902025	บ้านโนนดินแดง (ที่ทำการผู้ใหญ่บ้าน) ม.13 ต.โนนดินแดง อ.โนนดินแดง จ.บุรีรัมย์ (6801-01)		1298500		1298500		25.08.2025 เงินเข้าแล้ว / คุณศศิการณ์ 062-1124014 | ผู้รับโอนสิทธิ: STS | ลูกค้า: เทศบาลตำบลโนนดินแดง
rcp_f802ecf2	AR2507-027	2025-09-04	IV2507-029	4202025	บ้านโคกออก ม.6 ต.ตะเสะ อ.หาดสำราญ จ.ตรัง (6801-01)		3400000		3400000		04.09.2025 เงินเข้าแล้ว  / คุณกุ้ง 075-291244 | ผู้รับโอนสิทธิ: WTP | ลูกค้า: องค์การบริหารส่วนตำบลตะเสะ
rcp_61c2fdd3	AR2507-018	2025-08-14	IV2507-028	4802025	บ้านเมืองกาญจน์ ม.2 ต.ริมโขง อ.เชียงของ จ.เชียงราย (6801-01)		1100000		1100000		14.08.2025 เงินเข้าแล้ว | ผู้รับโอนสิทธิ: WTP | ลูกค้า: องค์การบริหารส่วนตำบลริมโขง
rcp_1535ad08	AR2507-019	2025-08-14	IV2507-027	4702025	บ้านหาดบ้าย ม.1 ต.ริมโขง อ.เชียงของ จ.เชียงราย (6801-01)		1100000		1100000		14.08.2025 เงินเข้าแล้ว | ผู้รับโอนสิทธิ: WTP | ลูกค้า: องค์การบริหารส่วนตำบลริมโขง
rcp_f8e67f6f	AR2507-011	2025-09-04	IV2507-026	7102025	บ้านโนนแสนสุข ม.2 ต.สระว่านพระยา อ.ครบุรี จ.นครราชสีมา  (6801-01)		1100000		1100000		04.09.2025 เงินเข้าแล้ว  / 044-001123 | ผู้รับโอนสิทธิ: KTB | ลูกค้า: องค์การบริหารส่วนตำบลสระว่านพระยา
rcp_9f747a72	AR2507-012	2025-08-05	IV2507-025	6402025	บ้านบุพรมราช ม.6 ต.สุขเกษม อ.ปักธงชัย จ.นครราชสีมา (6801-01)		1100000		1100000		05.08.2025 เงินเข้าแล้ว / คุณต้อล 084-323-3823 | ผู้รับโอนสิทธิ: WTP | ลูกค้า: องค์การบริหารส่วนตำบลสุขเกษม
rcp_8c24b9a4	AR2507-028	2025-08-05	IV2507-024	6302025	บ้านหนองชุมแสง ม.3 ต.สุขเกษม อ.ปักธงชัย จ.นครราชสีมา (6801-01)		1100000		1100000		05.08.2025 เงินเข้าแล้ว / คุณต้อล 084-323-3823 | ผู้รับโอนสิทธิ: WTP | ลูกค้า: องค์การบริหารส่วนตำบลสุขเกษม
rcp_adc70df2	AR2507-013	2025-08-25	IV2507-023	9002025	บ้านโนนดินแดง (ศาลาประชาคม) ม.9 ต.โนนดินแดง อ.โนนดินแดง จ.บุรีรัมย์ (6801-01)		1298500		1298500		25.08.2025 เงินเข้าแล้ว / คุณศศิการณ์ 062-1124014 | ผู้รับโอนสิทธิ: STS | ลูกค้า: เทศบาลตำบลโนนดินแดง
rcp_ee35dbd6	AR2507-014	2025-08-25	IV2507-022	9102025	บ้านโนนดินแดง (วัดโนนดินแดงใต้) ม.8 ต.โนนดินแดง อ.โนนดินแดง จ.บุรีรัมย์ (6801-01)		1298500		1298500		25.08.2025 เงินเข้าแล้ว / คุณศศิการณ์ 062-1124014 | ผู้รับโอนสิทธิ: STS | ลูกค้า: เทศบาลตำบลโนนดินแดง
rcp_417f38f6	AR2507-015	2025-08-25	IV2507-021	9202025	บ้านโนนดินแดง (ที่ทำการกองทุนหมู่บ้าน) ม.7 ต.โนนดินแดง อ.โนนดินแดง จ.บุรีรัมย์ (6801-01)		1298500		1298500		25.08.2025 เงินเข้าแล้ว / คุณศศิการณ์ 062-1124014 | ผู้รับโอนสิทธิ: STS | ลูกค้า: เทศบาลตำบลโนนดินแดง
rcp_9a4475f6	AR2507-016	2025-08-25	IV2507-020	9302025	บ้านโนนดินแดง (ศาลาประชาคม) ม.6 ต.โนนดินแดง อ.โนนดินแดง จ.บุรีรัมย์ (6801-01)		1298500		1298500		25.08.2025 เงินเข้าแล้ว / คุณศศิการณ์ 062-1124014 | ผู้รับโอนสิทธิ: STS | ลูกค้า: เทศบาลตำบลโนนดินแดง
rcp_b005d469	AR2507-029	2025-08-25	IV2507-019	9702025	บ้านโนนดินแดง (สำนักงานเทศบาลตำบลโนนดินแดง) ม.5 ต.โนนดินแดง อ.โนนดินแดง จ.บุรีรัมย์ (6801-01)		1298500		1298500		25.08.2025 เงินเข้าแล้ว / คุณศศิการณ์ 062-1124014 | ผู้รับโอนสิทธิ: STS | ลูกค้า: เทศบาลตำบลโนนดินแดง
rcp_caf2fb18	AR2507-017	2025-08-25	IV2507-018	9402025	บ้านโนนดินแดง (ศาลาประชาคม) ม.4 ต.โนนดินแดง อ.โนนดินแดง จ.บุรีรัมย์ (6801-01)		1298500		1298500		25.08.2025 เงินเข้าแล้ว / คุณศศิการณ์ 062-1124014 | ผู้รับโอนสิทธิ: STS | ลูกค้า: เทศบาลตำบลโนนดินแดง
rcp_42f40152	AR2507-024	2025-08-25	IV2507-017	9502025	บ้านโนนดินแดง (ศาลาประชาคม) ม.3 ต.โนนดินแดง อ.โนนดินแดง จ.บุรีรัมย์ (6801-01)		1298500		1298500		25.08.2025 เงินเข้าแล้ว / คุณศศิการณ์ 062-1124014 | ผู้รับโอนสิทธิ: STS | ลูกค้า: เทศบาลตำบลโนนดินแดง
rcp_087d51eb	AR2507-023	2025-08-25	IV2507-016	9602025	บ้านโนนดินแดง (วัดโนนดินแดงเหนือ) ม.1 ต.โนนดินแดง อ.โนนดินแดง จ.บุรีรัมย์ (6801-01)		1298500		1298500		25.08.2025 เงินเข้าแล้ว / คุณศศิการณ์ 062-1124014 | ผู้รับโอนสิทธิ: STS | ลูกค้า: เทศบาลตำบลโนนดินแดง
rcp_e19c91f3	AR2507-022	2025-08-25	IV2507-015	8702025	บ้านหนองสะแกกวน (ศาลาประชาคม) ม.6 ต.ส้มป่อย อ.โนนดินแดง จ.บุรีรัมย์ (6801-01)		1298500		1298500		25.08.2025 เงินเข้าแล้ว / คุณศศิการณ์ 062-1124014 | ผู้รับโอนสิทธิ: STS | ลูกค้า: เทศบาลตำบลโนนดินแดง
rcp_ca1e7653	AR2507-021	2025-08-25	IV2507-014	8802025	บ้านน้อยสะแกกวน (พื้นที่สาธารณะ) ม.3 ต.ส้มป่อย อ.โนนดินแดง จ.บุรีรัมย์ (6801-01)		1298500		1298500		25.08.2025 เงินเข้าแล้ว / คุณศศิการณ์ 062-1124014 | ผู้รับโอนสิทธิ: STS | ลูกค้า: เทศบาลตำบลโนนดินแดง
rcp_a5e2e49b	AR2507-020	2025-08-14	IV2507-013	5102025	บ้านหาดทรายทอง ม.8 ต.ริมโขง อ.เชียงของ จ.เชียงราย (6801-01)		1100000		1100000		14.08.2025 เงินเข้าแล้ว | ผู้รับโอนสิทธิ: WTP | ลูกค้า: องค์การบริหารส่วนตำบลริมโขง
rcp_e009bf94	AR2507-025	2025-08-14	IV2507-012	5002025	บ้านใหม่เจริญ ม.4 ต.ริมโขง อ.เชียงของ จ.เชียงราย (6801-01)		1100000		1100000		14.08.2025 เงินเข้าแล้ว | ผู้รับโอนสิทธิ: WTP | ลูกค้า: องค์การบริหารส่วนตำบลริมโขง
rcp_f2c6e684	AR2507-026	2025-08-14	IV2507-011	4902025	บ้านดอนที่ ม.3 ต.ริมโขง อ.เชียงของ จ.เชียงราย (6801-01)		1100000		1100000		14.08.2025 เงินเข้าแล้ว | ผู้รับโอนสิทธิ: WTP | ลูกค้า: องค์การบริหารส่วนตำบลริมโขง
rcp_3c910bbe	AR2507-004	2025-09-17	IV2507-009	8302025	บ้านนาผักก้าม ม.4 ต.เหล่ากอหก อ.นาแห้ว จ.เลย (6801-01)		1100000		1100000		18.09.2025 เงินเข้าแล้ว / คุณนัด 0-4203-1298 / คุณเหมี่ยว 065-6946669 | ผู้รับโอนสิทธิ: WTP | ลูกค้า: องค์การบริหารส่วนตำบลเหล่ากอหก
rcp_75b9b037	AR2507-005	2025-09-17	IV2507-008	8202025	บ้านเหล่ากอหก ม.1 ต.เหล่ากอหก อ.นาแห้ว จ.เลย (6801-01)		1100000		1100000		18.09.2025 เงินเข้าแล้ว / คุณนัด 0-4203-1298 / คุณเหมี่ยว 065-6946669 | ผู้รับโอนสิทธิ: WTP | ลูกค้า: องค์การบริหารส่วนตำบลเหล่ากอหก
rcp_56afb9b4	AR2507-006	2025-08-21	IV2507-007	29502024	บ้านทุ่งวิจิตร ม.10 ต.สะพานหิน อ.นาดี จ.ปราจีนบุรี (6801-01)		3240000		3240000		21.08.2025 เงินเข้าแล้ว / คุณวรรณ 095-6645136 | ผู้รับโอนสิทธิ: WTP | ลูกค้า: องค์การบริหารส่วนตำบลสะพานหิน
rcp_05ff5ecf	AR2507-007	2025-08-19	IV2507-006	7202025	บ้านชลประทาน ม.15 ต.โคกหินแฮ่ อ.เรณูนคร จ.นครพนม (6801-01)		1100000		1100000		20.08.2025 เงินเข้าแล้ว / คุณอร 099-4951696 | ผู้รับโอนสิทธิ: KTB | ลูกค้า: องค์การบริหารส่วนตำบลโคกหินแฮ่
rcp_f28a1d4d	AR2507-008	2025-09-17	IV2507-005	8402025	บ้านนาเจริญ ม.5 ต.เหล่ากอหก อ.นาแห้ว จ.เลย (6801-01)		1100000		1100000		18.09.2025 เงินเข้าแล้ว / คุณนัด 0-4203-1298 / คุณเหมี่ยว 065-6946669 | ผู้รับโอนสิทธิ: WTP | ลูกค้า: องค์การบริหารส่วนตำบลเหล่ากอหก
rcp_787a2d9e	AR2507-003	2025-08-08	IV2507-003	6202025	บ้านคอกควาย ม.6 ต.เมืองพลับพลา อ.ห้วยแถลง จ.นครราชสีมา (6801-01)		2700000		2700000		08.08.2025 เงินเข้าแล้ว / คุณเอ๋ 088-5816238 | ผู้รับโอนสิทธิ: WTP | ลูกค้า: องค์การบริหารส่วนตำบลเมืองพลับพลา
rcp_041eda6c	AR2506-043	2025-07-08	IV2506-043	28302024	ตลาดกลางสินค้าเกษตรสระแก้ว ม.1 ต.ศาลาลำดวน อ.เมืองสระแก้ว จ.สระแก้ว (6801-01)		3240000		3240000		08.07.2025 เงินเข้าแล้ว / คุณแจ้ 086-5597563 | ผู้รับโอนสิทธิ: STS | ลูกค้า: เทศบาลตำบลศาลาลำดวน
rcp_4441b6dc	AR2506-045	2025-07-21	IV2506-042	28802024	บ้านย่านยาว ม.8 ต.ย่านยาว อ.สามชุก จ.สุพรรณบุรี (6801-01)		3400000		3400000		21.07.2025 เงินเข้าแล้ว / คุณรัตนา 063-5146514 | ผู้รับโอนสิทธิ: LIT | ลูกค้า: องค์การบริหารส่วนตำบลย่านยาว
rcp_f57ad29d	AR2506-046	2025-08-04	IV2506-041	27602024	บ้านหนองบ้านเก่า ม.7 ต.บ้านเก่า อ.เมืองกาญจนบุรี จ.กาญจนบุรี (จุดที่ 2) (6801-01)		5400000		5400000		04.08.2025 เงินเข้าแล้ว / คุณหนึ่ง 083-366-1654 | ผู้รับโอนสิทธิ: KTB | ลูกค้า: องค์การบริหารส่วนตำบลบ้านเก่า
rcp_9134c4f1	AR2506-041	2025-08-21	IV2506-037	24402024	บ้านคำใหญ่ ม.4 ต.ภูดิน อ.เมืองกาฬสินธุ์ จ.กาฬสินธุ์ (จุดที่2) (6801-01)		1300000		1300000		21.08.2025 เงินเข้าแล้ว | ผู้รับโอนสิทธิ: KTB | ลูกค้า: เทศบาลตำบลภูดิน
rcp_f3c7aa52	AR2506-030	2025-08-04	IV2506-036	4602025	บ้านพนอม ม.3 ต.พนอม อ.ท่าอุเทน จ.นครพนม (6801-01)		4500000		4500000		04.08.2025 เงินเข้าแล้ว / คุณสุทธิดา 062-2649392 | ผู้รับโอนสิทธิ: WTP | ลูกค้า: องค์การบริหารส่วนตำบลพนอม
rcp_b5ee32ee	AR2506-037	2025-07-11	IV2506-035	28202024	โรงเรียนบ้านศาลาลำดวน ม.2 ต.ศาลาลำดวน อ.เมืองสระแก้ว จ.สระแก้ว (6801-01)		3240000		3240000		11.07.2025 เงินเข้าแล้ว | ผู้รับโอนสิทธิ: STS | ลูกค้า: เทศบาลตำบลศาลาลำดวน
rcp_4da9c4fa	AR2506-035	2025-08-04	IV2506-034	4402025	บ้านแก่งหิน ม.2 ต.วังประจบ อ.เมืองตาก จ.ตาก (6707-03)		1252000		1252000		04.08.2025 เงินเข้าแล้ว / คุณพัชรพร 062-8824111 | ผู้รับโอนสิทธิ: WTP | ลูกค้า: องค์การบริการส่วนตำบลวังประจบ
rcp_ac9c9090	AR2506-036	2025-08-04	IV2506-033	4502025	บ้านลานสอ ม.4 ต.วังประจบ อ.เมืองตาก จ.ตาก (6707-03)		1252000		1252000		04.08.2025 เงินเข้าแล้ว / คุณพัชรพร 062-8824111 | ผู้รับโอนสิทธิ: WTP | ลูกค้า: องค์การบริการส่วนตำบลวังประจบ
rcp_8ad2f1f9	AR2506-031	2025-10-02	IV2506-032	21202024	บ้านแกเปะน้อย ม.10 ต.เชียงเครือ อ.เมืองกาฬสินธุ์ จ.กาฬสินธุ์ (6707-03)		5400000		5400000		02.10.2025 เงินเข้าแล้ว / คุณปภาดา 0964218621 | ผู้รับโอนสิทธิ: STS | ลูกค้า: เทศบาลตำบลเชียงเครือ
rcp_063955c0	AR2506-032	2025-10-02	IV2506-031	20602024	บ้านเหล่าค้อ ม.4 ต.เชียงเครือ อ.เมืองกาฬสินธุ์ จ.กาฬสินธุ์ (6707-03)		5150000		5150000		02.10.2025 เงินเข้าแล้ว / คุณปภาดา 0964218621 | ผู้รับโอนสิทธิ: STS | ลูกค้า: เทศบาลตำบลเชียงเครือ
rcp_761555aa	AR2506-033	2025-09-30	IV2506-030	17702024	บ้านแกเปะ(หนองแฝก) ม.8 ต.เชียงเครือ อ.เมืองกาฬสินธุ์ จ.กาฬสินธุ์ (6707-03)		3090000		3090000		30.09.2025 เงินเข้าแล้ว / คุณปภาดา 0964218621 | ผู้รับโอนสิทธิ: WTP | ลูกค้า: เทศบาลตำบลเชียงเครือ
rcp_fe0c026c	AR2506-034	2025-08-04	IV2506-029	402025	บ้านโนน ม.1 ต.โนน อ.โนนนารายณ์ จ.สุรินทร์ (6801-01)		3240000		3240000		04.08.2025 เงินเข้าแล้ว/ พัสดุ 080-0045313 | ผู้รับโอนสิทธิ: LIT | ลูกค้า: องค์การบริหารส่วนตำบลโนน
rcp_939a8d78	AR2506-029	2025-09-30	IV2506-028	17702024	บ้านแกเปะ(หนองแฝก) ม.8 ต.เชียงเครือ อ.เมืองกาฬสินธุ์ จ.กาฬสินธุ์ (6707-03)		2060000		2060000		30.09.2025 เงินเข้าแล้ว / คุณปภาดา 0964218621 | ผู้รับโอนสิทธิ: WTP | ลูกค้า: เทศบาลตำบลเชียงเครือ
rcp_839c7744	AR2506-023	2025-06-27	IV2506-024	28002024	บ้านห้างฉัตรใต้ ม.1 ต.ห้างฉัตร อ.ห้างฉัตร จ.ลำปาง (6801-01)		3240000		3240000		27.06.2025 เงินเข้าแล้ว | ผู้รับโอนสิทธิ: KTB | ลูกค้า: เทศบาลตำบลห้างฉัตร
rcp_7d9e8567	AR2506-024	2025-07-31	IV2506-023	33302024	บ้านสายทอง ม.12 ต.หลุ่งตะเคียน อ.ห้วยแถลง จ.นครราชสีมา (6801-01)		3240000		3240000		31.07.2025 เงินเข้าแล้ว / คุณชุติมา 095-6211190 | ผู้รับโอนสิทธิ: STS | ลูกค้า: องค์การบริหารส่วนตำบลหลุ่งตะเคียน
rcp_cdb8f42b	AR2506-018	2025-07-31	IV2506-022	26602024	ม.16 ต.นนทรี อ.กบินทร์บุรี จ.ปราจีนบุรี (6707-03)		3240000		3240000		31.07.2025 เงินเข้าแล้ว / พัสดุ 094-8198789 | ผู้รับโอนสิทธิ: FUNDING | ลูกค้า: องค์การบริหารส่วนตำบลนนทรี
rcp_5bd5d216	AR2506-049	2025-07-31	IV2506-021	26602024	ม.16 ต.นนทรี อ.กบินทร์บุรี จ.ปราจีนบุรี (6707-03)		2160000		2160000		31.07.2025 เงินเข้าแล้ว / พัสดุ 094-8198789 | ผู้รับโอนสิทธิ: FUNDING | ลูกค้า: องค์การบริหารส่วนตำบลนนทรี
rcp_14ebf776	AR2506-025	2025-06-26	IV2506-020	4302025	ภายในหมู่บ้านสุขเกษม ม.9 ต.โนนเปือย อ.กุดชุม จ.ยโสธร (6708-01)		1300000		1300000		26.06.2025 เงินเข้าแล้ว | ผู้รับโอนสิทธิ: WTP | ลูกค้า: องค์การบริหารส่วนตำบลโนนเปือย
rcp_57bfa617	AR2506-017	2025-06-19	IV2506-019	11332024	SV-886-PL-บ้านห้างฉัตรเหนือ ม.2  ต.ห้างฉัตร อ.ห้างฉัตร จ.ลำปาง (SV-6802-01)		81000		81000		19.06.2025 เงินเข้าแล้ว | ผู้รับโอนสิทธิ: WTP | ลูกค้า: ที่ทำการปกครองอำเภอห้างฉัตร
rcp_c9c70437	AR2506-016	2025-06-19	IV2506-018	11322024	SV-878-PL-บ้านขามแดง ม.6 ต.ห้างฉัตร อ.ห้างฉัตร จ.ลำปาง (SV-6802-01)		81000		81000		19.06.2025 เงินเข้าแล้ว | ผู้รับโอนสิทธิ: WTP | ลูกค้า: ที่ทำการปกครองอำเภอห้างฉัตร
rcp_dc141e2c	AR2506-020	2025-07-01	IV2506-017	27802024	บ้านหนองลูกควาย ม.5 ต.แหลมทอง อ.หนองบุญมาก จ.นครราชสีมา (6801-01)		3207894.62		3207894.62		01.07.2025 เงินเข้าแล้ว | ผู้รับโอนสิทธิ: KTB | ลูกค้า: เทศบาลตำบลแหลมทอง
rcp_8661928d	AR2506-021	2025-07-01	IV2506-016	27902024	บ้านโคกลุงกราด ม.7 ต.แหลมทอง อ.หนองบุญมาก จ.นครราชสีมา (6801-01)		3207894.62		3207894.62		01.07.2025 เงินเข้าแล้ว | ผู้รับโอนสิทธิ: KTB | ลูกค้า: เทศบาลตำบลแหลมทอง
rcp_62df97dd	AR2506-022	2025-07-01	IV2506-015	27702024	บ้านโพธิ์ณรงค์ ม.8 ต.แหลมทอง อ.หนองบุญมาก จ.นครราชสีมา (6801-01)		3207894.62		3207894.62		01.07.2025 เงินเข้าแล้ว | ผู้รับโอนสิทธิ: KTB | ลูกค้า: เทศบาลตำบลแหลมทอง
rcp_44e9de30	AR2506-014	2025-07-25	IV2506-014	33202024	บ้านขุนศรี ม.2 ต.บุพราหมณ์ อ.นาดี จ.ปราจีนบุรี (6801-01)		1617000		1617000		25.07.2025 เงินเข้าแล้ว | ผู้รับโอนสิทธิ: WTP | ลูกค้า: องค์การบริหารส่วนตำบลบุพราหมณ์
rcp_2627f490	AR2506-012	2025-07-11	IV2506-013	9802024	บ้านห้วยลาดเหนือ ม.11 ต.ผาขาว อ.ผาขาว จ.เลย (6707-03)		5381567.87		5381567.87		11.07.2025 เงินเข้าแล้ว / คุณนิภา พัสดุ 042-812033 | ผู้รับโอนสิทธิ: STS | ลูกค้า: องค์การบริหารส่วนจังหวัดเลย
rcp_b840b551	AR2506-011	2025-07-11	IV2506-012	9702024	บ้านสมศักดิ์พัฒนา ม.2 ต.ผาขาว อ.ผาขาว จ.เลย (6707-03)		5381567.87		5381567.87		11.07.2025 เงินเข้าแล้ว / คุณนิภา พัสดุ 042-812033 | ผู้รับโอนสิทธิ: STS | ลูกค้า: องค์การบริหารส่วนจังหวัดเลย
rcp_33065c04	AR2506-015	2025-07-31	IV2506-011	2602025	บ้านหนองข่า ม.12 ต.นนทรี อ.กบินทร์บุรี จ.ปราจีนบุรี (6801-01)		1100000		1100000		31.07.2025 เงินเข้าแล้ว / พัสดุ 094-8198789 | ผู้รับโอนสิทธิ: WTP | ลูกค้า: องค์การบริหารส่วนตำบลนนทรี
rcp_a968b2ef	AR2506-042	2025-08-05	IV2506-010	3302025	บ้านป่าปอ ม.8 ต.ด่านม่วงคำ อ.โคกศรีสุพรรณ จ.สกลนคร (6801-01)		3240000		3240000		05.08.2025 เงินเข้าแล้ว / คุณจารุวรรณ 088-5503650 | ผู้รับโอนสิทธิ: WTP | ลูกค้า: องค์การบริหารส่วนตำบลด่านม่วงคำ
rcp_da25499e	AR2506-004	2025-07-21	IV2506-008	33102024	บ้านหัวรัง ม.4 ต.ดอนเจดีย์ อ.พนมทวน จ.กาญจนบุรี (6801-01)		5400000		5400000		21.07.2025 เงินเข้าแล้ว / คุณปุ๊ ทางไลน์ | ผู้รับโอนสิทธิ: FUNDING | ลูกค้า: เทศบาลตำบลดอนเจดีย์
rcp_26611b69	AR2506-005	2025-08-18	IV2506-007	4102025	บ้านทุ่งเปลว ม.3 ต.ตะเสะ อ.หาดสำราญ จ.ตรัง (6801-01)		1100000		1100000		18.08.2025 เงินเข้าแล้ว / คุณกุ้ง 075-291244 | ผู้รับโอนสิทธิ: WTP | ลูกค้า: องค์การบริหารส่วนตำบลตะเสะ
rcp_a5e4edb8	AR2506-006	2025-07-01	IV2506-006	3802025	บ้านป่าหมาก ม.4 ต.นาตาล่วง อ.เมืองตรัง จ.ตรัง (6801-01)		1285000		1285000		01.07.2025 เงินเข้าแล้ว | ผู้รับโอนสิทธิ: WTP | ลูกค้า: เทศบาลตำบลนาตาล่วง
rcp_37a8a5f7	AR2506-007	2025-07-01	IV2506-005	3902025	บ้านนาขา ม.2 ต.นาตาล่วง อ.เมืองตรัง จ.ตรัง (6801-01)		1285000		1285000		01.07.2025 เงินเข้าแล้ว | ผู้รับโอนสิทธิ: WTP | ลูกค้า: เทศบาลตำบลนาตาล่วง
rcp_5686b9de	AR2506-008	2025-07-01	IV2506-004	4002025	บ้านทุ่งตำเสา ม.1 ต.นาตาล่วง อ.เมืองตรัง จ.ตรัง (6801-01)		1285000		1285000		01.07.2025 เงินเข้าแล้ว | ผู้รับโอนสิทธิ: WTP | ลูกค้า: เทศบาลตำบลนาตาล่วง
rcp_1427b6e8	AR2506-003	2025-07-23	IV2506-003	6202025	บ้านคอกควาย ม.6 ต.เมืองพลับพลา อ.ห้วยแถลง จ.นครราชสีมา (6801-01)		1800000		1800000		23.07.2025 เงินเข้าแล้ว / คุณเอ๋ 088-5816238 | ผู้รับโอนสิทธิ: WTP | ลูกค้า: องค์การบริหารส่วนตำบลเมืองพลับพลา
rcp_1a347512	AR2505-108	2025-10-06	IV2505-098	01202025	บ้านยางหล่อ ม.4 ต.ยางหล่อ อ.ศรีบุญเรือง จ.หนองบัวลำภู (6707-03)		5386400		5386400		06.10.2025 เงินเข้าแล้ว | ผู้รับโอนสิทธิ: คุณประกอบ | ลูกค้า: เทศบาลตำบลยางหล่อ
rcp_0c3d9beb	AR2505-107	2025-07-11	IV2505-097	22802024	บ้านคลองโป่ง ม.5 ต.เมืองการุ้ง อ.บ้านไร่ จ.อุทัยธานี (6801-01)		1326271		1326271		11.07.2025 เงินเข้าแล้ว / พัสดุ 06-5264-4496 | ผู้รับโอนสิทธิ: KTB | ลูกค้า: องค์การบริหารส่วนตำบลเมืองการุ้ง
rcp_7e08566c	AR2505-106	2025-07-11	IV2505-096	22902024	บ้านหนองอาสา ม.2 ต.เมืองการุ้ง อ.บ้านไร่ จ.อุทัยธานี (6801-01)		1315731.63		1315731.63		11.07.2025 เงินเข้าแล้ว / พัสดุ 06-5264-4496 | ผู้รับโอนสิทธิ: KTB | ลูกค้า: องค์การบริหารส่วนตำบลเมืองการุ้ง
rcp_93743415	AR2505-096	2025-09-04	IV2505-088	30102024	บ้านโพนทอง ม.9 ต.ทรายขาว อ.วังสะพุง จ.เลย (6801-01)		3240000		3240000		04.09.2025 เงินเข้าแล้ว  / คุณจุ๊บ 081-8722608 | ผู้รับโอนสิทธิ: KTB | ลูกค้า: องค์การบริหารส่วนตำบลทรายขาว
rcp_4c6ffb4b	AR2505-097	2025-01-21	IV2505-087	3402025	บ้านดงน้ำล้อม ม.8 ต.แม่เย็น อ.พาน จ.เชียงราย (จุดที่ 2) (6801-01)		1100000		1100000		21.07.2025 เงินเข้าแล้ว / คุณอ้อม 093-138-2039 | ผู้รับโอนสิทธิ: WTP | ลูกค้า: องค์การบริหารส่วนตำบลแม่เย็น
rcp_74fdc370	AR2505-098	2025-07-21	IV2505-086	3502025	บ้านอิงดอย ม.10 ต.แม่เย็น อ.พาน จ.เชียงราย (6801-01)		1100000		1100000		21.07.2025 เงินเข้าแล้ว / คุณอ้อม 093-138-2039 | ผู้รับโอนสิทธิ: WTP | ลูกค้า: องค์การบริหารส่วนตำบลแม่เย็น
rcp_83634c12	AR2505-089	2025-06-27	IV2505-085	29002024	ม.7 ต.ม่วงเตี้ย อ.วิเศษชัยชาญ จ.อ่างทอง (จุดที่ 2) (6801-01)		5400000		5400000		27.06.2025 เงินเข้าแล้ว / คุณใหม่ 086-3695449 | ผู้รับโอนสิทธิ: STS | ลูกค้า: เทศบาลตำบลม่วงเตี้ย
rcp_25df72bc	AR2505-088	2025-07-14	IV2505-084	29102024	บ้านสามัคคีธรรม ม.5 ต.ลุ่มสุ่ม อ.ไทรโยค จ.กาญจนบุรี (6801-01)		5379000		5379000		14.07.2025 เงินเข้าแล้ว / คุณผา 089-0409795 | ผู้รับโอนสิทธิ: WTP | ลูกค้า: องค์การบริหารส่วนตำบลลุ่มสุ่ม
rcp_881fd3e2	AR2505-077	2025-06-30	IV2505-083	32902024	บ้านหัวช้าง ม.8 ต.นาเชือก อ.นาเชือก จ.มหาสารคาม (6801-01)		1100000		1100000		30.06.2025 เงินเข้าแล้ว / คุณดวงใจ 093-7815476 | ผู้รับโอนสิทธิ: WTP | ลูกค้า: องค์การบริหารส่วนตำบลนาเชือก
rcp_a5cba3c0	AR2505-078	2025-06-30	IV2505-082	32802024	บ้านห้วยทราย ม.6 ต.นาเชือก อ.นาเชือก จ.มหาสารคาม (6801-01)		1100000		1100000		30.06.2025 เงินเข้าแล้ว / คุณดวงใจ 093-7815476 | ผู้รับโอนสิทธิ: WTP | ลูกค้า: องค์การบริหารส่วนตำบลนาเชือก
rcp_c30d9647	AR2505-079	2025-06-30	IV2505-078	32702024	บ้านห้วยหิน ม.3 ต.นาเชือก อ.นาเชือก จ.มหาสารคาม (6801-01)		1100000		1100000		30.06.2025 เงินเข้าแล้ว / คุณดวงใจ 093-7815476 | ผู้รับโอนสิทธิ: LIT | ลูกค้า: องค์การบริหารส่วนตำบลนาเชือก
rcp_502e28a7	AR2505-067	2025-07-11	IV2505-077	24202024	บ้านเหนือเขต ม.1 ต.บางกะพี้ อ.บ้านหมี่ จ.ลพบุรี (6801-01)		5400000		5400000		11.07.2025 เงินเข้าแล้ว / คุณศิริพร 097-2021084 | ผู้รับโอนสิทธิ: KTB | ลูกค้า: องค์การบริหารส่วนตำบลบางกะพี้ดงพลับ
rcp_6a2a60b2	AR2505-071	2025-06-26	IV2505-076	2002025	บ้านเขาแดง ม.11 ต.สาริกา อ.เมืองนครนายก จ.นครนายก (6801-01)		1100000		1100000		26.06.2025 เงินเข้าแล้ว / คุณเปรม 0944566546 | ผู้รับโอนสิทธิ: LIT | ลูกค้า: องค์การบริหารส่วนตำบลสาริกา
rcp_e750c6a6	AR2505-068	2025-06-10	IV2505-075	28502024	โรงเรียนบ้านศาลาลำดวน ม.2 ต.ศาลาลำดวน อ.เมืองสระแก้ว จ.สระแก้ว (6801-01)		1100000		1100000		10.06.2025 เงินเข้าแล้ว / คุณแจ้ 086-5597563 | ผู้รับโอนสิทธิ: LIT | ลูกค้า: เทศบาลตำบลศาลาลำดวน
rcp_c57f2754	AR2505-069	2025-06-10	IV2505-074	28402024	ตลาดกลางสินค้าเกษตรสระแก้ว ม.1 ต.ศาลาลำดวน อ.เมืองสระแก้ว จ.สระแก้ว (6801-01)		1100000		1100000		10.06.2025 เงินเข้าแล้ว / คุณแจ้ 086-5597563 | ผู้รับโอนสิทธิ: LIT | ลูกค้า: เทศบาลตำบลศาลาลำดวน
rcp_0d3ef3e8	AR2505-072	2025-06-23	IV2505-073	9502024	บริเวณบ้านหนองกระจับ ม.6 ต.ดงพระราม อ.เมืองปราจีนบุรี จ.ปราจีนบุรี (6712-01)		3228000		3228000		23.06.2025 เงินเข้าแล้ว / คุณมิ้ม 085-3335715 | ผู้รับโอนสิทธิ: KTB | ลูกค้า: ที่ทำการปกครองอำเภอเมืองปราจีนบุรี
rcp_5ed39995	AR2505-073	2025-07-15	IV2505-072	2802025	ST II S-บริเวณถังประปาบ้านนายอ่ำ รักอิ่ม (นายคนอง หนูรอด) ม.4 ต.ท่าบอน อ.ระโนด จ.สงขลา (6808-01)		5150000		5150000		15.07.2025 เงินเข้าแล้ว | ผู้รับโอนสิทธิ: WTP | ลูกค้า: องค์การบริหารส่วนตำบลท่าบอน
rcp_aa173353	AR2505-074	2025-06-18	IV2505-071	27302024	บ้านแม่เงิน ม.6 ต.แม่เงิน อ.เชียงแสน จ.เชียงราย (6801-01)		5400000		5400000		18.06.2025 เงินเข้าแล้ว / ผอ.กองช่าง 094-7068282 | ผู้รับโอนสิทธิ: KTB | ลูกค้า: เทศบาลตำบลแม่เงิน
rcp_f5f61f3b	AR2505-084	2025-06-18	IV2505-070	27502024	บ้านแม่คำ ม.4 ต.แม่เงิน อ.เชียงแสน จ.เชียงราย (6801-01)		5400000		5400000		18.06.2025 เงินเข้าแล้ว / ผอ.กองช่าง 094-7068282 | ผู้รับโอนสิทธิ: KTB | ลูกค้า: เทศบาลตำบลแม่เงิน
rcp_6f58c271	AR2505-076	2025-07-11	IV2505-069	6802025	ม.2 ต.วังเย็น อ.แปลงยาว จ.ฉะเชิงเทรา (6801-01)		1800000		1800000		11.07.2025 เงินเข้าแล้ว / คุณช้าง 082-7120515 / คุณมยุรี 086-5700254 | ผู้รับโอนสิทธิ: KTB | ลูกค้า: เทศบาลตำบลวังเย็น
rcp_1572e656	AR2505-070	2025-07-23	IV2505-068	32602024	บ้านเมืองลีง ม.1 ต.เมืองลีง อ.จอมพระ จ.สุรินทร์ (6801-01)		5400000		5400000		23.07.2025 เงินเข้าแล้ว / เบอร์กลาง 044-581155 | ผู้รับโอนสิทธิ: WTP | ลูกค้า: องค์การบริหารส่วนตำบลเมืองลีง
rcp_c7c761b5	AR2505-066	2025-06-20	IV2505-066	27402024	บ้านตันหยง ม.2 ต.มะนังยง อ.ยะหริ่ง จ.ปัตตานี (6801-01)		5400000		5400000		20.06.2025 เงินเข้าแล้ว / คุณด๊ะ 087-292-8493 / เบอร์กลาง 073-487-104 | ผู้รับโอนสิทธิ: KTB | ลูกค้า: เทศบาลตำบลตันหยง
rcp_d4ac4d31	AR2505-064	2025-06-11	IV2505-065	24702024	บ้านเขาพระเอก ม.8 ต.ทุ่งหลวง อ.ปากท่อ จ.ราชบุรี  (6801-01)		3240000		3240000		11.06.2025 เงินเข้าแล้ว / คุณสุภิชรา 080-4422441 | ผู้รับโอนสิทธิ: KTB | ลูกค้า: เทศบาลตำบลทุ่งหลวง
rcp_05f000e1	AR2505-063	2025-06-06	IV2505-064	24802024	บ้านทุ่งหลวง ม.2 ต.ทุ่งหลวง อ.ปากท่อ จ.ราชบุรี (6801-01)		2700000		2700000		06.06.2025 เงินเข้าแล้ว / คุณสุภิชรา 080-4422441 | ผู้รับโอนสิทธิ: KTB | ลูกค้า: เทศบาลตำบลทุ่งหลวง
rcp_9a98c875	AR2505-062	2025-06-26	IV2505-063	27202024	บ้านหนองลัน ม.4 ต.สุขฤทัย อ.ห้วยคต จ.อุทัยธานี (6801-01)		5400000		5400000		26.06.2025 เงินเข้าแล้ว / เบอร์กลาง 056-985561 (เช็คกรุงไทย) | ผู้รับโอนสิทธิ: KTB | ลูกค้า: องค์การบริหารส่วนตำบลสุขฤทัย
rcp_76a7049b	AR2505-056	2025-06-20	IV2505-062	25502024	บ้านบางหิน ม.2 ต.บางหิน อ.กะเปอร์ จ.ระนอง (6801-01)		3400000		3400000		20.06.2025 เงินเข้าแล้ว / คุณกรวีร์ 090-9966455 | ผู้รับโอนสิทธิ: KTB | ลูกค้า: องค์การบริหารส่วนตำบลบางหิน
rcp_03ae8d59	AR2505-057	2025-06-27	IV2505-061	8102024	บ้านค่าไพบูลย์ ม.2 ต.ปง อ.ปง จ.พะเยา (6701-01)		1980000		1980000		27.06.2025 เงินเข้าแล้ว / เบอร์กลาง 054-430919 / ประสานงานทางไลน์  | ผู้รับโอนสิทธิ: KTB | ลูกค้า: เทศบาลตำบลแม่ยม
rcp_0a41d30b	AR2505-061	2025-06-18	IV2505-060	29402024	บ้านหก ม.4 ต.บุญเรือง อ.เชียงของ จ.เชียงราย (6801-01)		3780000		3780000		18.06.2025 เงินเข้าแล้ว | ผู้รับโอนสิทธิ: KTB | ลูกค้า: เทศบาลตำบลบุญเรือง
rcp_ec3e12b0	AR2505-060	2025-07-11	IV2505-059	6502025	ม.9 ต.วังเย็น อ.แปลงยาว จ.ฉะเชิงเทรา (6801-01)		1800000		1800000		11.07.2025 เงินเข้าแล้ว / คุณช้าง 082-7120515 / คุณมยุรี 086-5700254 | ผู้รับโอนสิทธิ: KTB | ลูกค้า: เทศบาลตำบลวังเย็น
rcp_a497bef0	AR2505-059	2025-06-25	IV2505-058	24902024	บ้านนาจำปา ม.8 ต.นาจำปา อ.ดอนจาน จ.กาฬสินธุ์ (6801-01)		5400000		5400000		25.06.2025 เงินเข้าแล้ว / คุณพรพิมล 092-9300887 | ผู้รับโอนสิทธิ: KTB | ลูกค้า: องค์การบริหารส่วนตำบลนาจำปา
rcp_19ee16cf	AR2505-058	2025-06-11	IV2505-057	22302024	ม.4 ต.บ้านถ้ำ อ.ดอกคำใต้ จ.พะเยา (6801-01)		5382196.24		5382196.24		11.06.2025 เงินเข้าแล้ว / คุณสุปรียา 087-8302275 | ผู้รับโอนสิทธิ: KTB | ลูกค้า: เทศบาลตำบลบ้านถ้ำ
rcp_8d99cda1	AR2505-051	2025-06-27	IV2505-055	23702024	บ้านต่อแพ ม.1 ต.แม่เงา อ.ขุนยวม จ.แม่ฮ่องสอน (6801-01)		3240000		3240000		27.06.2025 รับเช็คแล้ว รอเงินเข้า / คุณนุ่น 080-0066214 (เช็คกรุงไทย) / พุธ | ผู้รับโอนสิทธิ: KTB | ลูกค้า: องค์การบริหารส่วนตำบลแม่เงา
rcp_7882d1fd	AR2505-048	2025-06-25	IV2505-051	1902025	บ้านดงมัน ม.4 ต.คำนาดี อ.โพนทอง จ.ร้อยเอ็ด (6707-03)		5400000		5400000		25.06.2025 เงินเข้าแล้ว / ปลัด 084-934-9619 / ธุรการ 063-9389706 | ผู้รับโอนสิทธิ: LIT | ลูกค้า: องค์การบริหารส่วนตำบลคำนาดี
rcp_5567c0f6	AR2505-049	2025-06-25	IV2505-050	1802025	บ้านปากช่อง ม.8 ต.คำนาดี อ.โพนทอง จ.ร้อยเอ็ด (6707-03)		5400000		5400000		25.06.2025 เงินเข้าแล้ว / ปลัด 084-934-9619 / ธุรการ 063-9389706 | ผู้รับโอนสิทธิ: LIT | ลูกค้า: องค์การบริหารส่วนตำบลคำนาดี
rcp_4c777310	AR2505-050	2025-06-25	IV2505-049	1702025	บ้านบึงงาม ม.10 ต.คำนาดี อ.โพนทอง จ.ร้อยเอ็ด (6707-03)		5400000		5400000		25.06.2025 เงินเข้าแล้ว / ปลัด 084-934-9619 / ธุรการ 063-9389706 | ผู้รับโอนสิทธิ: LIT | ลูกค้า: องค์การบริหารส่วนตำบลคำนาดี
rcp_5fbcba3d	AR2505-039	2025-06-30	IV2505-048	24102024	บ้านปงคอบ ม.9 ต.วิเชตนคร อ.แจ้ห่ม จ.ลำปาง (6801-01)		3762500		3762500		30.06.2025 เงินเข้าแล้ว / คุณอนัญญา 083-5946466 / พุธ | ผู้รับโอนสิทธิ: KTB | ลูกค้า: องค์การบริหารส่วนตำบลวิเชตนคร
rcp_8aa5a8ec	AR2505-040	2025-09-17	IV2505-047	2302025	บ้านแกเปะ (ร.ร.แกเปะราษฎร์นิยม) ม.8 ต.เชียงเครือ อ.เมืองกาฬสินธุ์ จ.กาฬสินธุ์ (6707-03)		1300000		1300000		17.09.2025 เงินเข้าแล้ว / คุณปภาดา 0964218621 | ผู้รับโอนสิทธิ: WTP | ลูกค้า: เทศบาลตำบลเชียงเครือ
rcp_3f48f7bf	AR2505-041	2025-09-17	IV2505-046	2202025	บ้านเหล่าค้อ (วัดเทพคีรี) ม.4 ต.เชียงเครือ อ.เมืองกาฬสินธุ์ จ.กาฬสินธุ์ (6707-03)		1300000		1300000		17.09.2025 เงินเข้าแล้ว / คุณปภาดา 0964218621 | ผู้รับโอนสิทธิ: WTP | ลูกค้า: เทศบาลตำบลเชียงเครือ
rcp_a947d192	AR2505-042	2025-09-02	IV2505-045	2402025	บ้านเชียงเครือ (รร.เชียงเครือวิทยาคม) ม.1 ต.เชียงเครือ อ.เมืองกาฬสินธุ์ จ.กาฬสินธุ์ (6707-03)		1300000		1300000		02.09.2025 เงินเข้าแล้ว / คุณปภาดา 0964218621 | ผู้รับโอนสิทธิ: WTP | ลูกค้า: เทศบาลตำบลเชียงเครือ
rcp_a8c080d7	AR2505-043	2025-06-12	IV2505-044	3202025	บ้านบุหวาย ม.12 ต.วังหิน อ.โนนแดง จ.นครราชสีมา (6801-01)		1300000		1300000		12.06.2025 เงินเข้าแล้ว / คุณสุดใจ 086-8718809 | ผู้รับโอนสิทธิ: WTP | ลูกค้า: เทศบาลตำบลวังหิน
rcp_48962f17	AR2505-083	2025-06-12	IV2505-043	3102025	บ้านดอนยาวน้อย ม.6 ต.วังหิน อ.โนนแดง จ.นครราชสีมา (6801-01)		1300000		1300000		12.06.2025 เงินเข้าแล้ว / คุณสุดใจ 086-8718809 | ผู้รับโอนสิทธิ: WTP | ลูกค้า: เทศบาลตำบลวังหิน
rcp_8a951324	AR2505-045	2025-06-12	IV2505-042	3002025	บ้านหนองขี้เหล็ก ม.4 ต.วังหิน อ.โนนแดง จ.นครราชสีมา (6801-01)		1300000		1300000		12.06.2025 เงินเข้าแล้ว / คุณสุดใจ 086-8718809 | ผู้รับโอนสิทธิ: WTP | ลูกค้า: เทศบาลตำบลวังหิน
rcp_51378057	AR2505-046	2025-06-12	IV2505-041	2902025	บ้านหนองบัว ม.2 ต.วังหิน อ.โนนแดง จ.นครราชสีมา (6801-01)		1300000		1300000		12.06.2025 เงินเข้าแล้ว / คุณสุดใจ 086-8718809 | ผู้รับโอนสิทธิ: WTP | ลูกค้า: เทศบาลตำบลวังหิน
rcp_c17024f3	AR2505-047	2025-06-27	IV2505-040	15502024	ม.3 ต.เกษตรสุวรรณ อ.บ่อทอง จ.ชลบุรี (6707-03)		3229317.74		3229317.74		27.06.2025 เงินเข้าแล้ว / คุณตุ๊กตา 092-3566690 | ผู้รับโอนสิทธิ: STS | ลูกค้า: องค์การบริหารส่วนตำบลเกษตรสุวรรณ
rcp_4b204d82	AR2505-085	2025-07-17	IV2505-034	25102024	บ้านเกาะโสภี ม.7 ต.หนองนางนวล อ.หนองฉาง จ.อุทัยธานี (6801-01)		3400000		3400000		17.07.2025 เงินเข้าแล้ว / คุณนิ 096-0784506 | ผู้รับโอนสิทธิ: KTB | ลูกค้า: องค์การบริหารส่วนตำบลหนองนางนวล
rcp_e61803d1	AR2505-086	2025-07-17	IV2505-033	25202024	บ้านห้วยไผ่ขุย ม.9 ต.หนองนางนวล อ.หนองฉาง จ.อุทัยธานี (6801-01)		5400000		5400000		17.07.2025 เงินเข้าแล้ว / คุณนิ 096-0784506 | ผู้รับโอนสิทธิ: KTB | ลูกค้า: องค์การบริหารส่วนตำบลหนองนางนวล
rcp_83c44362	AR2505-087	2025-07-17	IV2505-032	25002024	บ้านหนองมะกอก ม.3 ต.หนองนางนวล อ.หนองฉาง จ.อุทัยธานี (6801-01)		5400000		5400000		17.07.2025 เงินเข้าแล้ว / คุณนิ 096-0784506 | ผู้รับโอนสิทธิ: KTB | ลูกค้า: องค์การบริหารส่วนตำบลหนองนางนวล
rcp_01bb20b2	AR2505-032	2025-07-11	IV2505-031	1302025	บ้านสันป่าพลวง ม.10 ต.ยางหล่อ อ.ศรีบุญเรือง จ.หนองบัวลำภู (6707-03)		5400000		5400000		11.07.2025 เงินเข้าแล้ว / คุณจอย พัสดุ 099-6268533 (โทรไม่ติด)) | ผู้รับโอนสิทธิ: คุณประกอบ | ลูกค้า: เทศบาลตำบลยางหล่อ
rcp_5293d3fb	AR2505-033	2025-07-11	IV2505-030	1102025	บ้านโนนม่วงน้อย ม.8 ต.ยางหล่อ อ.ศรีบุญเรือง จ.หนองบัวลำภู (6707-03)		5400000		5400000		11.07.2025 เงินเข้าแล้ว / คุณจอย พัสดุ 099-6268533 (โทรไม่ติด) | ผู้รับโอนสิทธิ: คุณประกอบ | ลูกค้า: เทศบาลตำบลยางหล่อ
rcp_4d0592a0	AR2505-034	2025-07-11	IV2505-029	1002025	บ้านดอนเล้า ม.1 ต.ยางหล่อ อ.ศรีบุญเรือง จ.หนองบัวลำภู (6707-03)		5400000		5400000		11.07.2025 เงินเข้าแล้ว / คุณจอย พัสดุ 099-6268533 (โทรไม่ติด) | ผู้รับโอนสิทธิ: คุณประกอบ | ลูกค้า: เทศบาลตำบลยางหล่อ
rcp_203f8491	AR2505-035	2025-07-17	IV2505-028	3302025	บ้านป่าปอ ม.8 ต.ด่านม่วงคำ อ.โคกศรีสุพรรณ จ.สกลนคร (6801-01)		2160000		2160000		17.07.2025 เงินเข้าแล้ว / คุณจารุวรรณ 088-5503650 | ผู้รับโอนสิทธิ: WTP | ลูกค้า: องค์การบริหารส่วนตำบลด่านม่วงคำ
rcp_591443f6	AR2505-025	2025-06-27	IV2505-027	2702025	บ้านเขาสะท้อนบน ม.10 ต.หนองไม้แก่น อ.แปลงยาว จ.ฉะเชิงเทรา (6801-01)		2160000		2160000		27.06.2025 เงินเข้าแล้ว / คุณเบนซ์ 098-7695318 | ผู้รับโอนสิทธิ: STS | ลูกค้า: องค์การบริหารส่วนตำบลหนองไม้แก่น
rcp_5038b5ec	AR2505-024	2025-06-11	IV2505-026	22402024	บ้านห้วยทรายขาว ม.3 ต.ทุ่งหลวง อ.ละแม จ.ชุมพร (6707-03)		5400000		5400000		11.06.2025 เงินเข้าแล้ว / คุณสุภาพร 089-0142314 | ผู้รับโอนสิทธิ: KTB | ลูกค้า: องค์การบริหารส่วนตำบลทุ่งหลวง
rcp_2859bc70	AR2505-026	2025-05-30	IV2505-025	28602024	บ้านวังสวย ม.5 ต.จำปาโมง อ.บ้านผือ จ.อุดรธานี  (6801-01)		3240000		3240000		30.05.2025 เงินเข้าแล่ว / คุณสุชาดา 082-1946929 | ผู้รับโอนสิทธิ: KTB | ลูกค้า: องค์การบริหารส่วนตำบลจำปาโมง
rcp_3a3aafd7	AR2505-018	2025-06-10	IV2505-024	2102025	บ้านด่าน ม.1 ต.กะเปอร์ อ.กะเปอร์ จ.ระนอง (6801-01)		1100000		1100000		10.06.2025 เงินเข้าแล้ว / คุณปาล์ม 093-6534045 | ผู้รับโอนสิทธิ: LIT | ลูกค้า: องค์การบริหารส่วนตำบลกะเปอร์
rcp_cb546109	AR2505-019	2025-06-19	IV2505-022	1502025	บ้านสันผักแค ม.5 ต.ม่วงคำ อ.พาน จ.เชียงราย (6801-01)		1100000		1100000		19.06.2025 เงินเข้าแล้ว / คุณเชอร์รี่ 085-7198563 | ผู้รับโอนสิทธิ: LIT | ลูกค้า: องค์การบริหารส่วนตำบลม่วงคำ
rcp_48a3ae97	AR2505-020	2025-06-19	IV2505-021	1402025	บ้านม่วงคำ ม.1 ต.ม่วงคำ อ.พาน จ.เชียงราย (6801-01)		1100000		1100000		19.06.2025 เงินเข้าแล้ว / คุณเชอร์รี่ 085-7198563 | ผู้รับโอนสิทธิ: LIT | ลูกค้า: องค์การบริหารส่วนตำบลม่วงคำ
rcp_2b6cce42	AR2505-021	2025-06-19	IV2505-020	1602025	บ้านสันน้ำบ่อ ม.6 ต.ม่วงคำ อ.พาน จ.เชียงราย (6801-01)		1100000		1100000		19.06.2025 เงินเข้าแล้ว / คุณเชอร์รี่ 085-7198563 | ผู้รับโอนสิทธิ: LIT | ลูกค้า: องค์การบริหารส่วนตำบลม่วงคำ
rcp_1fce8abe	AR2505-008	2025-07-31	IV2505-012	33302024	บ้านสายทอง ม.12 ต.หลุ่งตะเคียน อ.ห้วยแถลง จ.นครราชสีมา (6801-01)		2160000		2160000		31.07.2025 เงินเข้าแล้ว / คุณชุติมา 095-6211190 | ผู้รับโอนสิทธิ: STS | ลูกค้า: องค์การบริหารส่วนตำบลหลุ่งตะเคียน
rcp_370faa80	AR2505-009	2025-07-23	IV2505-009	9202024	บ้านราษฎร์นิคม ม.1 ต.สามขา อ.กุฉินารายณ์ จ.กาฬสินธุ์ (6701-01)		3240000		3240000		23.07.2025 เงินเข้าแล้ว / คุณอ้อน 093-3814379 | ผู้รับโอนสิทธิ: KTB | ลูกค้า: องค์การบริหารส่วนตำบลสามขา
rcp_8636123a	AR2505-007	2025-05-16	IV2505-008	24602024	บ้านหนองน้ำใส ม.7 ต.ทุ่งหลวง อ.ปากท่อ จ.ราชบุรี (6801-01)		3240000		3240000		16.05.2025 เงินเข้าแล้ว | ผู้รับโอนสิทธิ: KTB | ลูกค้า: เทศบาลตำบลทุ่งหลวง
rcp_7e18e3ae	AR2505-005	2025-06-04	IV2505-007	847			6490000		6490000		04.06.2025 เงินเข้าแล้ว / คุณทราย | ผู้รับโอนสิทธิ: LIT | ลูกค้า: เทศบาลตำบลนาสีทอง
rcp_67529660	AR2505-006	2025-06-06	IV2505-005	21602024	บ้านผามูบ ม.7 ต.แม่พูล อ.ลับแล จ.อุตรดิตถ์ (6701-01)		5398000		5398000		06.06.2025 เงินเข้าแล้ว / คุณตอง 065-9623696 | ผู้รับโอนสิทธิ: STS | ลูกค้า: องค์การบริหารส่วนตำบลแม่พูล
rcp_d0056e7b	AR2505-003	2025-07-14	IV2505-003	402025	บ้านโนน ม.1 ต.โนน อ.โนนนารายณ์ จ.สุรินทร์ (6801-01)		2160000		2160000		14.07.2025 เงินเข้าแล้ว / พัสดุ 080-0045313 | ผู้รับโอนสิทธิ: LIT | ลูกค้า: องค์การบริหารส่วนตำบลโนน
rcp_46eccd46	AR2504-094	2025-06-19	IV2504-091	24102024	บ้านปงคอบ ม.9 ต.วิเชตนคร อ.แจ้ห่ม จ.ลำปาง (6801-01)		1612500		1612500		19.06.2025 เงินเข้าแล้ว / คุณอนัญญา 083-5946466 | ผู้รับโอนสิทธิ: KTB | ลูกค้า: องค์การบริหารส่วนตำบลวิเชตนคร
rcp_ec7bd961	AR2504-095	2025-06-13	IV2504-090	27702024	บ้านโพธิ์ณรงค์ ม.8 ต.แหลมทอง อ.หนองบุญมาก จ.นครราชสีมา (6801-01)		2122796.82		2122796.82		13.06.2025 เงินเข้าแล้ว / คุณแหม่ม 081-2824814 | ผู้รับโอนสิทธิ: KTB | ลูกค้า: เทศบาลตำบลแหลมทอง
rcp_6ab63e7a	AR2504-087	2025-06-26	IV2504-088	30102024	บ้านโพนทอง ม.9 ต.ทรายขาว อ.วังสะพุง จ.เลย (6801-01)		2160000		2160000		26.06.2025 เงินเข้าแล้ว / คุณนรพนธ์ 063-7166635 | ผู้รับโอนสิทธิ: KTB | ลูกค้า: องค์การบริหารส่วนตำบลทรายขาว
rcp_8966a365	AR2504-088	2025-05-23	IV2504-087	24002024	บ้านข่า ม.2 ต.บ้านข่า อ.ศรีสงคราม จ.นครพนม (6801-01)		3240000		3240000		23.05.2025 เงินเข้าแล้ว / คุณชลทิชา 0908540974 | ผู้รับโอนสิทธิ: KTB | ลูกค้า: เทศบาลตำบลบ้านข่า
rcp_3b142c87	AR2504-053	2025-05-29	IV2504-069	202025	บ้านดอนรัก ม.2 ต.ทุ่งกง อ.กาญจนดิษฐ์ จ.สุราษฎร์ธานี (6801-01)		1100000		1100000		29.05.2025 เงินเข้าแล้ว / คุณบี 098-6702730  | ผู้รับโอนสิทธิ: LIT | ลูกค้า: องค์การบริหารส่วนตำบลทุ่งกง
rcp_cae4c64b	AR2504-054	2025-05-27	IV2504-068	20402024	บ้านบางหลุด ม.13 ต.คลองชะอุ่น อ.พนม จ.สุราษฎร์ธานี (6707-03)		3240000		3240000		27.05.2025 เงินเข้าแล้ว / คุณสุรีรัตน์ 086-2828128 | ผู้รับโอนสิทธิ: STS | ลูกค้า: เทศบาลตำบลคลองชะอุ่น
rcp_c73371aa	AR2504-055	2025-06-27	IV2504-067	17502024	บ้านราษฎร์สำราญ ม.8 ต.โคกสมบูรณ์ อ.กมลาไสย จ.กาฬสินธุ์ (6707-03)		5400000		5400000		27.06.2025 เงินเข้าแล้ว / คุณพรพรรณ 089-2338340 | ผู้รับโอนสิทธิ: STS | ลูกค้า: องค์การบริหารส่วนตำบลโคกสมบูรณ์
rcp_b9401f83	AR2504-056	2025-06-27	IV2504-066	17602024	บ้านนามล ม.2 ต.โคกสมบูรณ์ อ.กมลาไสย จ.กาฬสินธุ์ (6707-03)		5400000		5400000		27.06.2025 เงินเข้าแล้ว / คุณพรพรรณ 089-2338340 | ผู้รับโอนสิทธิ: STS | ลูกค้า: องค์การบริหารส่วนตำบลโคกสมบูรณ์
rcp_2bf137dd	AR2504-057	2025-06-27	IV2504-065	23702024	บ้านต่อแพ ม.1 ต.แม่เงา อ.ขุนยวม จ.แม่ฮ่องสอน (6801-01)		2142196.24		2142196.24		27.06.2025 รับเช็คแล้ว รอเงินเข้า / คุณนุ่น 080-0066214 (เช็คกรุงไทย) / พุธ | ผู้รับโอนสิทธิ: KTB | ลูกค้า: องค์การบริหารส่วนตำบลแม่เงา
rcp_f1e2e324	AR2504-058	2025-05-07	IV2504-064	33702024	บ้านสันปูเลย ม.2 ต.ศรีเตี้ย อ.บ้านโฮ่ง จ.ลำพูน (6801-01)		1100000		1100000		07.05.2025 เงินเข้าแล้ว | ผู้รับโอนสิทธิ: LIT | ลูกค้า: เทศบาลตำบลศรีเตี้ย
rcp_bb1b26ef	AR2504-059	2025-05-07	IV2504-063	33502024	บ้านศรีลาภรณ์ ม.7 ต.ศรีเตี้ย อ.บ้านโฮ่ง จ.ลำพูน (6801-01)		1100000		1100000		07.05.2025 เงินเข้าแล้ว | ผู้รับโอนสิทธิ: LIT | ลูกค้า: เทศบาลตำบลศรีเตี้ย
rcp_3246286f	AR2504-060	2025-05-07	IV2504-062	33602024	บ้านหนองสะลิง ม.4 ต.ศรีเตี้ย อ.บ้านโฮ่ง จ.ลำพูน (6801-01)		1100000		1100000		07.05.2025 เงินเข้าแล้ว | ผู้รับโอนสิทธิ: LIT | ลูกค้า: เทศบาลตำบลศรีเตี้ย
rcp_f194b106	AR2504-061	2025-05-07	IV2504-061	33402024	บ้านดงมะปินหวาน ม.8 ต.ศรีเตี้ย อ.บ้านโฮ่ง จ.ลำพูน (6801-01)		1100000		1100000		07.05.2025 เงินเข้าแล้ว | ผู้รับโอนสิทธิ: LIT | ลูกค้า: เทศบาลตำบลศรีเตี้ย
rcp_cdae4bd7	AR2504-062	2025-05-07	IV2504-060	33902024	บ้านหล่ายแก้ว ม.1 ต.ศรีเตี้ย อ.บ้านโฮ่ง จ.ลำพูน (6801-01)		1100000		1100000		07.05.2025 เงินเข้าแล้ว | ผู้รับโอนสิทธิ: LIT | ลูกค้า: เทศบาลตำบลศรีเตี้ย
rcp_9caed1a6	AR2504-063	2025-05-08	IV2504-059	25302024	บ้านโป่งสะท้อน ม.6 ต.ชำฆ้อ อ.เขาชะเมา จ.ระยอง (6801-01)		3234192.52		3234192.52		08.05.2025 เงินเข้าแล้ว / รุ่งฟ้า 080-5663725 | ผู้รับโอนสิทธิ: STS | ลูกค้า: เทศบาลตำบลชำฆ้อ
rcp_1fc434e3	AR2504-064	2025-05-08	IV2504-058	25402024	บ้านศรีประชา ม.1 ต.ชำฆ้อ อ.เขาชะเมา จ.ระยอง (6801-01)		3234192.51		3234192.51		08.05.2025 เงินเข้าแล้ว / รุ่งฟ้า 080-5663725 | ผู้รับโอนสิทธิ: STS | ลูกค้า: เทศบาลตำบลชำฆ้อ
rcp_17ac50f2	AR2504-065	2025-05-29	IV2504-057	302025	บ้านหนองโสน ม.2 ต.เสม็ดใต้ อ.บางคล้า จ.ฉะเชิงเทรา (6801-01)		1100000		1100000		29.05.2025 เงินเข้าแล้ว | ผู้รับโอนสิทธิ: LIT | ลูกค้า: องค์การบริหารส่วนตำบลเสม็ดใต้
rcp_3299ce41	AR2504-067	2025-05-27	IV2504-056	32502024	บ้านสุมข้าม ม.4 ต.นาขุม อ.บ้านโคก จ.อุตรดิตถ์ (6801-01)		1602196.24		1602196.24		27.05.2025 เงินเข้าแล้ว / คุณน้ำฝน 087-8518426 | ผู้รับโอนสิทธิ: WTP | ลูกค้า: องค์การบริหารส่วนตำบลนาขุม
rcp_c67f52be	AR2504-068	2025-05-29	IV2504-055	33002024	บ้านทะเล ม.4 ต.เสมา อ.สูงเนิน จ.นครราชสีมา (6801-01)		1100000		1100000		29.05.2025 เงินเข้าแล้ว / ไม่รับสาย คุณโอ๋ 0809435226 / เบอร์กลางไม่รับสาย 044-009759 | ผู้รับโอนสิทธิ: WTP | ลูกค้า: องค์การบริหารส่วนตำบลเสมา
rcp_ab12b8d1	AR2504-066	2025-05-23	IV2504-054	15502024	ม.3 ต.เกษตรสุวรรณ อ.บ่อทอง จ.ชลบุรี (6707-03)		2152878.5		2152878.5		27.05.2025 เงินเข้าแล้ว / ไม่รับสาย ผอ.กองช่าง 088-2988741 | ผู้รับโอนสิทธิ: STS | ลูกค้า: องค์การบริหารส่วนตำบลเกษตรสุวรรณ
rcp_dbd3bcdf	AR2504-048	2025-06-13	IV2504-046	27902024	บ้านโคกลุงกราด ม.7 ต.แหลมทอง อ.หนองบุญมาก จ.นครราชสีมา (6801-01)		2138596.42		2138596.42		13.06.2025 เงินเข้าแล้ว / คุณแหม่ม 081-2824814 | ผู้รับโอนสิทธิ: KTB | ลูกค้า: เทศบาลตำบลแหลมทอง
rcp_d930e3e2	AR2504-049	2025-06-13	IV2504-045	27802024	บ้านหนองลูกควาย ม.5 ต.แหลมทอง อ.หนองบุญมาก จ.นครราชสีมา (6801-01)		2138596.42		2138596.42		13.06.2025 เงินเข้าแล้ว / คุณแหม่ม 081-2824814 | ผู้รับโอนสิทธิ: KTB | ลูกค้า: เทศบาลตำบลแหลมทอง
rcp_8026715a	AR2504-046	2025-06-06	IV2504-044	32202024	บ้านภูมิขนุน ม.8 ต.ดม อ.สังขะ จ.สุรินทร์ (6714-01)		3240000		3240000		06.06.2025 เงินเข้าแล้ว / คุณแจ๊บ 0889810293 | ผู้รับโอนสิทธิ: FUNDING | ลูกค้า: ที่ทำการปกครองอำเภอสังขะ
rcp_6fc2f5d0	AR2504-047	2025-06-06	IV2504-043	32302024	บ้านภูมิโปน ม.5 ต.ดม อ.สังขะ จ.สุรินทร์ (6714-01)		3240000		3240000		06.06.2025 เงินเข้าแล้ว / คุณแจ๊บ 0889810293 | ผู้รับโอนสิทธิ: FUNDING | ลูกค้า: ที่ทำการปกครองอำเภอสังขะ
rcp_489731d9	AR2504-040	2025-05-15	IV2504-039	23002024	บ้านลำสินธุ์เหนือ ม.3 ต.ลำสินธุ์ อ.ศรีนครินทร์ จ.พัทลุง (6707-03)		4489000		4489000		15.05.2025 เงินเข้าแล้ว | ผู้รับโอนสิทธิ: KTB | ลูกค้า: เทศบาลตำบลลำสินธุ์
rcp_20408d42	AR2504-008	2025-05-07	IV2504-038	32402024	บ้านก้านเหลือง ม.4 ต.ระเวียง อ.โนนนารายณ์ จ.สุรินทร์ (6714-01)		3240000		3240000		07.05.2025 เงินเข้าแล้ว / คุณนุช 088-9814587 | ผู้รับโอนสิทธิ: KTB | ลูกค้า: ที่ทำการปกครองอำเภอโนนนารายณ์
rcp_4c9e09e1	AR2504-009	2025-05-08	IV2504-037	4402024	บ้านคลอง 19 ม.9 ต.หมอนทอง อ.บางน้ำเปรี้ยว จ.ฉะเชิงเทรา (6701-01)		3120000		3120000		08.05.2025 เงินเข้าแล้ว / ผอ.คลัง 089-9842781 | ผู้รับโอนสิทธิ: WTP | ลูกค้า: องค์การบริหารส่วนตำบลหมอนทอง
rcp_a5b6e9ed	AR2504-010	2025-04-28	IV2504-036	30802024	บ้านโนนเจดีย์พัฒนา ม.19 ต.บัลลังก์ อ.โนนไทย จ.นครราชสีมา (6801-01)		1273000		1273000		28.04.2025 เงินเข้าแล้ว | ผู้รับโอนสิทธิ: LIT | ลูกค้า: เทศบาลตำบลบัลลังก์
rcp_7df3926e	AR2504-011	2025-04-28	IV2504-035	30402024	บ้านคูเมืองใหม่ ม.18 ต.บัลลังก์ อ.โนนไทย จ.นครราชสีมา (6801-01)		1273000		1273000		28.04.2025 เงินเข้าแล้ว | ผู้รับโอนสิทธิ: LIT | ลูกค้า: เทศบาลตำบลบัลลังก์
rcp_e94d9205	AR2504-012	2025-04-28	IV2504-034	30902024	บ้านทำนบพัฒนา ม.17 ต.บัลลังก์ อ.โนนไทย จ.นครราชสีมา (6801-01)		1273000		1273000		28.04.2025 เงินเข้าแล้ว | ผู้รับโอนสิทธิ: LIT | ลูกค้า: เทศบาลตำบลบัลลังก์
rcp_3f91e492	AR2504-013	2025-04-28	IV2504-033	30202024	บ้านโนนทองพัฒนา ม.16 ต.บัลลังก์ อ.โนนไทย จ.นครราชสีมา (6801-01)		1273000		1273000		28.04.2025 เงินเข้าแล้ว | ผู้รับโอนสิทธิ: LIT | ลูกค้า: เทศบาลตำบลบัลลังก์
rcp_5a1ff8a6	AR2504-014	2025-04-28	IV2504-032	32102024	บ้านสระตะเฆ่หิน ม.15 ต.บัลลังก์ อ.โนนไทย จ.นครราชสีมา (6801-01)		1273000		1273000		28.04.2025 เงินเข้าแล้ว | ผู้รับโอนสิทธิ: LIT | ลูกค้า: เทศบาลตำบลบัลลังก์
rcp_a592ac99	AR2504-015	2025-04-28	IV2504-031	31902024	บ้านสระขุด ม.14 ต.บัลลังก์ อ.โนนไทย จ.นครราชสีมา  (6801-01)		1273000		1273000		28.04.2025 เงินเข้าแล้ว | ผู้รับโอนสิทธิ: LIT | ลูกค้า: เทศบาลตำบลบัลลังก์
rcp_c40bcb98	AR2504-016	2025-04-28	IV2504-030	32002024	บ้านโกรกหอย ม.13 ต.บัลลังก์ อ.โนนไทย จ.นครราชสีมา (6801-01)		1273000		1273000		28.04.2025 เงินเข้าแล้ว | ผู้รับโอนสิทธิ: LIT | ลูกค้า: เทศบาลตำบลบัลลังก์
rcp_e5a223b8	AR2504-017	2025-04-28	IV2504-029	31002024	บ้านเมืองเก่า ม.12 ต.บัลลังก์ อ.โนนไทย จ.นครราชสีมา (6801-01)		1273000		1273000		28.04.2025 เงินเข้าแล้ว | ผู้รับโอนสิทธิ: LIT | ลูกค้า: เทศบาลตำบลบัลลังก์
rcp_83c25605	AR2504-018	2025-04-28	IV2504-028	30502024	โรงเรียนบ้านบัลลังก์สะอาด ม.11 ต.บัลลังก์ อ.โนนไทย จ.นครราชสีมา (6801-01)		1273000		1273000		28.04.2025 เงินเข้าแล้ว | ผู้รับโอนสิทธิ: LIT | ลูกค้า: เทศบาลตำบลบัลลังก์
rcp_1f8b8893	AR2504-019	2025-04-28	IV2504-027	31102024	บ้านบัลลังก์ ม.11 ต.บัลลังก์ อ.โนนไทย จ.นครราชสีมา (6801-01)		1273000		1273000		28.04.2025 เงินเข้าแล้ว | ผู้รับโอนสิทธิ: LIT | ลูกค้า: เทศบาลตำบลบัลลังก์
rcp_f10d2b95	AR2504-020	2025-04-28	IV2504-026	31202024	บ้านโพธิ์ตาสี ม.10 ต.บัลลังก์ อ.โนนไทย จ.นครราชสีมา (6801-01)		1273000		1273000		28.04.2025 เงินเข้าแล้ว | ผู้รับโอนสิทธิ: LIT | ลูกค้า: เทศบาลตำบลบัลลังก์
rcp_3327af9d	AR2504-021	2025-04-28	IV2504-025	31302024	บ้านหนองแจง ม.9 ต.บัลลังก์ อ.โนนไทย จ.นครราชสีมา (6801-01)		1273000		1273000		28.04.2025 เงินเข้าแล้ว | ผู้รับโอนสิทธิ: LIT | ลูกค้า: เทศบาลตำบลบัลลังก์
rcp_8c303bd7	AR2504-022	2025-04-28	IV2504-024	30302024	บ้านสระตะเฆ่ ม.8 ต.บัลลังก์ อ.โนนไทย จ.นครราชสีมา (6801-01)		1273000		1273000		28.04.2025 เงินเข้าแล้ว | ผู้รับโอนสิทธิ: LIT | ลูกค้า: เทศบาลตำบลบัลลังก์
rcp_74483fb8	AR2504-023	2025-04-28	IV2504-023	31802024	บ้านดอนยาว ม.7 ต.บัลลังก์ อ.โนนไทย จ.นครราชสีมา (6801-01)		1273000		1273000		28.04.2025 เงินเข้าแล้ว | ผู้รับโอนสิทธิ: LIT | ลูกค้า: เทศบาลตำบลบัลลังก์
rcp_d38b7f1d	AR2504-024	2025-04-28	IV2504-022	30702024	บ้านกระดาน ม.6 ต.บัลลังก์ อ.โนนไทย จ.นครราชสีมา (6801-01)		1273000		1273000		28.04.2025 เงินเข้าแล้ว | ผู้รับโอนสิทธิ: LIT | ลูกค้า: เทศบาลตำบลบัลลังก์
rcp_359389dc	AR2504-025	2025-04-28	IV2504-021	30602024	บ้านน้อย ม.5 ต.บัลลังก์ อ.โนนไทย จ.นครราชสีมา (6801-01)		1273000		1273000		28.04.2025 เงินเข้าแล้ว | ผู้รับโอนสิทธิ: LIT | ลูกค้า: เทศบาลตำบลบัลลังก์
rcp_2d62f18b	AR2504-026	2025-04-28	IV2504-020	31402024	บ้านกุดเวียน ม.4 ต.บัลลังก์ อ.โนนไทย จ.นครราชสีมา (6801-01)		1273000		1273000		28.04.2025 เงินเข้าแล้ว | ผู้รับโอนสิทธิ: LIT | ลูกค้า: เทศบาลตำบลบัลลังก์
rcp_1cca61d0	AR2504-027	2025-04-28	IV2504-019	31502024	บ้านคูเมือง ม.3 ต.บัลลังก์ อ.โนนไทย จ.นครราชสีมา (6801-01)		1273000		1273000		28.04.2025 เงินเข้าแล้ว | ผู้รับโอนสิทธิ: LIT | ลูกค้า: เทศบาลตำบลบัลลังก์
rcp_a30cf3b3	AR2504-028	2025-04-28	IV2504-018	31602024	บ้านหนองแวง ม.2 ต.บัลลังก์ อ.โนนไทย จ.นครราชสีมา (6801-01)		1273000		1273000		28.04.2025 เงินเข้าแล้ว | ผู้รับโอนสิทธิ: LIT | ลูกค้า: เทศบาลตำบลบัลลังก์
rcp_2b1c491f	AR2504-029	2025-04-28	IV2504-017	31702024	บ้านโนนเจดีย์ ม.1 ต.บัลลังก์ อ.โนนไทย จ.นครราชสีมา (6801-01)		1273000		1273000		28.04.2025 เงินเข้าแล้ว | ผู้รับโอนสิทธิ: LIT | ลูกค้า: เทศบาลตำบลบัลลังก์
rcp_a33a2a65	AR2504-030	2025-04-24	IV2504-016	3602025	ม.4 ต.ท่างิ้ว อ.ห้วยยอด จ.ตรัง (6801-01)		2080000		2080000		24.04.2025 เงินเข้าแล้ว | ผู้รับโอนสิทธิ: WTP | ลูกค้า: เทศบาลตำบลท่างิ้ว
rcp_f02949fb	AR2504-031	2025-05-28	IV2504-015	29702024	บ้านนาทับควาย ม.8 ต.หนองบัวใต้  อ.ศรีบุญเรือง จ.หนองบัวลำภู (6707-03)		5400000		5400000		28.05.2025 เงินเข้าแล้ว / ผอ.คลัง 091-8689797 | ผู้รับโอนสิทธิ: KTB | ลูกค้า: องค์การบริหารส่วนตำบลหนองบัวใต้
rcp_bbed6e9b	AR2504-032	2025-05-28	IV2504-014	29902024	บ้านบุ่งแก้ว ม.5 ต.หนองบัวใต้ อ.ศรีบุญเรือง จ.หนองบัวลำภู (6707-03)		5400000		5400000		28.05.2025 เงินเข้าแล้ว / ผอ.คลัง 091-8689797 | ผู้รับโอนสิทธิ: KTB | ลูกค้า: องค์การบริหารส่วนตำบลหนองบัวใต้
rcp_1ca5fccf	AR2504-033	2025-05-28	IV2504-013	30002024	บ้านหนองบัวใต้ ม.1 ต.หนองบัวใต้ อ.ศรีบุญเรือง จ.หนองบัวลำภู (6707-03)		5400000		5400000		28.05.2025 เงินเข้าแล้ว / ผอ.คลัง 091-8689797 | ผู้รับโอนสิทธิ: KTB | ลูกค้า: องค์การบริหารส่วนตำบลหนองบัวใต้
rcp_bb817503	AR2504-034	2025-06-06	IV2504-012	32302024	บ้านภูมิโปน ม.5 ต.ดม อ.สังขะ จ.สุรินทร์ (6714-01)		2160000		2160000		06.06.2025 เงินเข้าแล้ว / คุณแจ๊บ 0889810293 | ผู้รับโอนสิทธิ: FUNDING | ลูกค้า: ที่ทำการปกครองอำเภอสังขะ
rcp_755fedb5	AR2504-035	2025-06-06	IV2504-011	32202024	บ้านภูมิขนุน ม.8 ต.ดม อ.สังขะ จ.สุรินทร์ (6714-01)		2160000		2160000		06.06.2025 เงินเข้าแล้ว / คุณแจ๊บ 0889810293 | ผู้รับโอนสิทธิ: FUNDING | ลูกค้า: ที่ทำการปกครองอำเภอสังขะ
rcp_68f8fd1d	AR2504-091	2025-05-19	IV2504-010	24502024	บ้านไร่น้อย ม.8 ต.น้ำอ่าง อ.ตรอน จ.อุตรดิตถ์ (6801-01)		2142196.24		2142196.24		19.05.2025 เงินเข้าแล้ว / คุณเอก 093-9619428 | ผู้รับโอนสิทธิ: KTB | ลูกค้า: องค์การบริหารส่วนตำบลน้ำอ่าง
rcp_2936efe0	AR2504-037	2025-04-22	IV2504-009	24702024	บ้านเขาพระเอก ม.8 ต.ทุ่งหลวง อ.ปากท่อ จ.ราชบุรี  (6801-01)		2142196.24		2142196.24		22.04.2025 เงินเข้าแล้ว / 080-4422441 | ผู้รับโอนสิทธิ: KTB | ลูกค้า: เทศบาลตำบลทุ่งหลวง
rcp_e1372da1	AR2504-038	2025-04-29	IV2504-008	29402024	บ้านหก ม.4 ต.บุญเรือง อ.เชียงของ จ.เชียงราย (6801-01)		1620000		1620000		29.04.2025 เงินเข้าแล้ว / 0850380224 คุณลิ้นจี่ | ผู้รับโอนสิทธิ: KTB | ลูกค้า: เทศบาลตำบลบุญเรือง
rcp_95fe0026	AR2504-036	2025-05-08	IV2504-007	28602024	บ้านวังสวย ม.5 ต.จำปาโมง อ.บ้านผือ จ.อุดรธานี  (6801-01)		2160000		2160000		08.05.2025 เงินเข้าแล้ว / คุณสุชาดา 082-1946929 | ผู้รับโอนสิทธิ: KTB | ลูกค้า: องค์การบริหารส่วนตำบลจำปาโมง
rcp_e74c7636	AR2503-092	2025-06-06	IV2503-085	28902024	บ้านโคกโก่ง ม.5 ต.กุดหว้า อ.กุฉินารายณ์ จ.กาฬสินธุ์ (6801-01)		1100000		1100000		06.06.2025 เงินเข้าแล้ว / คุณหยก 081-2607536 / คุณศิรินทิพย์ 0985848562 | ผู้รับโอนสิทธิ: LIT | ลูกค้า: องค์การบริหารส่วนตำบลนาไคร้
rcp_ac350a86	AR2503-090	2025-05-22	IV2503-083	8102024	บ้านค่าไพบูลย์ ม.2 ต.ปง อ.ปง จ.พะเยา (6701-01)		1302196.24		1302196.24		22.05.2025 เงินเข้าแล้ว / คุณผ่องพรรณ 081-7646109 | ผู้รับโอนสิทธิ: KTB | ลูกค้า: เทศบาลตำบลแม่ยม
rcp_562c33af	AR2503-077	2025-07-01	IV2503-082	26802024	ม.8 ต.นนทรี อ.กบินทร์บุรี จ.ปราจีนบุรี (6707-03)		3240000		3240000		01.07.2025 เงินเข้าแล้ว / พัสดุ 094-8198789 | ผู้รับโอนสิทธิ: WTP | ลูกค้า: องค์การบริหารส่วนตำบลนนทรี
rcp_adbcf132	AR2503-078	2025-07-01	IV2503-081	26702024	ม.9 ต.นนทรี อ.กบินทร์บุรี จ.ปราจีนบุรี (6707-03)		3240000		3240000		01.07.2025 เงินเข้าแล้ว / พัสดุ 094-8198789 | ผู้รับโอนสิทธิ: WTP | ลูกค้า: องค์การบริหารส่วนตำบลนนทรี
rcp_20612902	AR2503-079	2025-06-26	IV2503-080	26502024	ม.12 ต.นนทรี อ.กบินทร์บุรี จ.ปราจีนบุรี (6707-03)		3240000		3240000		26.06.2025 เงินเข้าแล้ว / พัสดุ 094-8198789 | ผู้รับโอนสิทธิ: FUNDING | ลูกค้า: องค์การบริหารส่วนตำบลนนทรี
rcp_51e0dad6	AR2503-080	2025-05-02	IV2503-079	27102024	บ้านแสงสว่าง ม.5 ต.พิมาน อ.นาแก จ.นครพนม (6801-01)		3238800		3238800		02.05.2025 เงินเข้าแล้ว  / คุณนก เบอร์ 091-0414600 | ผู้รับโอนสิทธิ: KTB | ลูกค้า: องค์การบริหารส่วนตำบลพิมาน
rcp_a8c0217c	AR2503-081	2025-05-29	IV2503-078	29302024	บ้านหัวงัว ม.8 ต.ยางตลาด อ.ยางตลาด จ.กาฬสินธุ์ (6801-01)		5400000		5400000		29.05.2025 เงินเข้าแล้ว / คุณอาม 082-1080760 | ผู้รับโอนสิทธิ: WTP | ลูกค้า: องค์การบริหารส่วนตำบลยางตลาด
rcp_df6cbc2a	AR2503-076	2025-05-14	IV2503-077	9302024	บ้านโคกใหญ่ ม.1 ต.โคกใหญ่ อ.ท่าลี่ จ.เลย (6701-01)		5400000		5400000		14.05.2025 เงินเข้าแล้ว / คุณอัญชลี 080-3322868 | ผู้รับโอนสิทธิ: KTB | ลูกค้า: องค์การบริหารส่วนตำบลโคกใหญ่
rcp_f27e80cd	AR2503-082	2025-07-08	IV2503-076	26902024	ม.8 ต.นนทรี อ.กบินทร์บุรี จ.ปราจีนบุรี (6707-03)		1300000		1300000		08.07.2025 เงินเข้าแล้ว / พัสดุ 094-8198789 | ผู้รับโอนสิทธิ: STS | ลูกค้า: องค์การบริหารส่วนตำบลนนทรี
rcp_1bd15e6b	AR2503-083	2025-06-27	IV2503-075	27002024	ม.9 ต.นนทรี อ.กบินทร์บุรี จ.ปราจีนบุรี (6707-03)		1300000		1300000		27.06.2025 เงินเข้าแล้ว / พัสดุ 094-8198789 | ผู้รับโอนสิทธิ: STS | ลูกค้า: องค์การบริหารส่วนตำบลนนทรี
rcp_6f4e70ec	AR2503-085	2025-04-29	IV2503-074	28102024	บ้านห้างฉัตรใต้ ม.1 ต.ห้างฉัตร อ.ห้างฉัตร จ.ลำปาง (6801-01)		1273305.31		1273305.31		29.04.2025 เงินเข้าแล้ว / คุณเน 082-2384413 | ผู้รับโอนสิทธิ: KTB | ลูกค้า: เทศบาลตำบลห้างฉัตร
rcp_1b3a98c2	AR2503-086	2025-05-16	IV2503-073	26102024	บ้านสร้างแก้ว ม.3 ต.หนองแวง อ.สมเด็จ จ.กาฬสินธุ์ (6707-03)		1300000		1300000		16.05.2025 เงินเข้าแล้ว / คุณสุภา 086-2208938 | ผู้รับโอนสิทธิ: KTB | ลูกค้า: องค์การบริหารส่วนตำบลหนองแวง
rcp_ad3fee5b	AR2503-087	2025-05-16	IV2503-072	25902024	บ้านโนนชาด ม.8 ต.หนองแวง อ.สมเด็จ จ.กาฬสินธุ์ (6707-03)		1300000		1300000		16.05.2025 เงินเข้าแล้ว / คุณสุภา 086-2208938 | ผู้รับโอนสิทธิ: KTB | ลูกค้า: องค์การบริหารส่วนตำบลหนองแวง
rcp_8c091879	AR2503-088	2025-05-16	IV2503-071	26002024	บ้านพรสวรรค์ ม.10 ต.หนองแวง อ.สมเด็จ จ.กาฬสินธุ์ (6707-03)		1300000		1300000		16.05.2025 เงินเข้าแล้ว / คุณสุภา 086-2208938 | ผู้รับโอนสิทธิ: KTB | ลูกค้า: องค์การบริหารส่วนตำบลหนองแวง
rcp_2d33b622	AR2503-071	2025-04-30	IV2503-068	29502024	บ้านทุ่งวิจิตร ม.10 ต.สะพานหิน อ.นาดี จ.ปราจีนบุรี (6801-01)		2160000		2160000		30.04.2025 เงินเข้าแล้ว  / คุณวรรณ 095-6645136 | ผู้รับโอนสิทธิ: KTB | ลูกค้า: องค์การบริหารส่วนตำบลสะพานหิน
rcp_6f46c2e2	AR2503-070	2025-06-17	IV2503-067	9202024	บ้านราษฎร์นิคม ม.1 ต.สามขา อ.กุฉินารายณ์ จ.กาฬสินธุ์ (6701-01)		2160000		2160000		17.06.2025 เงินเข้าแล้ว / คุณอ้อน 093-3814379 | ผู้รับโอนสิทธิ: KTB | ลูกค้า: องค์การบริหารส่วนตำบลสามขา
rcp_21e9e182	AR2503-073	2025-03-26	IV2503-066	1782025	SV-855-PL-บ้านเวียงกาหลง ม.15 ต.เวียงกาหลง อ.เวียงป่าเป้า จ.เชียงราย  (SV-6801-01)		135000		135000		26.03.2025 เงินเข้าแล้ว | ผู้รับโอนสิทธิ: WTP | ลูกค้า: เทศบาลตำบลเวียงกาหลง
rcp_dc12aa12	AR2503-072	2025-05-07	IV2503-065	32402024	บ้านก้านเหลือง ม.4 ต.ระเวียง อ.โนนนารายณ์ จ.สุรินทร์ (6714-01)		2160000		2160000		07.05.2025 เงินเข้าแล้ว / คุณนุช 088-9814587 | ผู้รับโอนสิทธิ: KTB | ลูกค้า: ที่ทำการปกครองอำเภอโนนนารายณ์
rcp_337d0d12	AR2503-062	2025-04-22	IV2503-062	23502024	บ้านดอนข้าวหลาม ม.9 ต.น้ำก่ำ อ.ธาตุพนม จ.นครพนม (6801-01)		3240000		3240000		22.04.2025 เงินเข้าแล้ว / คุณกนกอร 065-4092839 | ผู้รับโอนสิทธิ: KTB | ลูกค้า: เทศบาลตำบลน้ำก่ำ
rcp_9d9b5eaa	AR2503-059	2025-04-22	IV2503-061	23602024	บ้านแก่งโพธิ์ ม.2 ต.น้ำก่ำ อ.ธาตุพนม จ.นครพนม (6801-01)		3240000		3240000		22.04.2025 เงินเข้าแล้ว / คุณกนกอร 065-4092839 | ผู้รับโอนสิทธิ: KTB | ลูกค้า: เทศบาลตำบลน้ำก่ำ
rcp_0adcf9dd	AR2503-060	2025-04-11	IV2503-060	23902024	บ้านทิดไทย ม.10 ต.ไร่ อ.พรรณานิคม จ.สกลนคร (6707-03)		1300000		1300000		02.05.2025 เงินเข้าแล้ว / กองคลัง 094-3562654 | ผู้รับโอนสิทธิ: KTB | ลูกค้า: เทศบาลตำบลไร่
rcp_62855393	AR2503-061	2025-04-11	IV2503-059	23802024	บ้านกุดก้อม ม.7 ต.ไร่ อ.พรรณานิคม จ.สกลนคร (6707-03)		1300000		1300000		02.05.2025 เงินเข้าแล้ว / กองคลัง 094-3562654 | ผู้รับโอนสิทธิ: KTB | ลูกค้า: เทศบาลตำบลไร่
rcp_cb63994d	AR2503-050	2025-04-08	IV2503-053	24002024	บ้านข่า ม.2 ต.บ้านข่า อ.ศรีสงคราม จ.นครพนม (6801-01)		2160000		2160000		08.04.2025 เงินเข้าแล้ว | ผู้รับโอนสิทธิ: KTB | ลูกค้า: เทศบาลตำบลบ้านข่า
rcp_ec8cc8bf	AR2503-049	2025-04-25	IV2503-052	28002024	บ้านห้างฉัตรใต้ ม.1 ต.ห้างฉัตร อ.ห้างฉัตร จ.ลำปาง (6801-01)		2160000		2160000		25.04.2025 จังหวัดโอนเงินแล้ว รอเงินเข้า / คุณเน 082-2384413 | ผู้รับโอนสิทธิ: KTB | ลูกค้า: เทศบาลตำบลห้างฉัตร
rcp_0906479f	AR2503-051	2025-04-18	IV2503-051	22702024	โรงเรียนบ้านศรีประชา ม.1 ต.ชำฆ้อ อ.เขาชะเมา จ.ระยอง (6707-03)		1286580.16		1286580.16		18.04.2025 เงินเข้าแล้ว / รุ่งฟ้า 080-5663725 | ผู้รับโอนสิทธิ: KTB | ลูกค้า: เทศบาลตำบลชำฆ้อ
rcp_74116501	AR2503-052	2025-04-18	IV2503-050	22602024	โรงเรียนชำฆ้อพิทยาคม ต.ชำฆ้อ อ.เขาชะเมา จ.ระยอง (6707-03)		1286580.16		1286580.16		18.04.2025 เงินเข้าแล้ว / รุ่งฟ้า 080-5663725 | ผู้รับโอนสิทธิ: KTB | ลูกค้า: เทศบาลตำบลชำฆ้อ
rcp_de2a9cd9	AR2503-053	2025-04-18	IV2503-049	22502024	โรงเรียนบ้านชำฆ้อ ม.3 ต.ชำฆ้อ อ.เขาชะเมา จ.ระยอง (6707-03)		1286580.16		1286580.16		18.04.2025 เงินเข้าแล้ว / รุ่งฟ้า 080-5663725 | ผู้รับโอนสิทธิ: KTB | ลูกค้า: เทศบาลตำบลชำฆ้อ
rcp_01a91cfd	AR2503-041	2025-04-25	IV2503-046	22002024	บ้านสามพอก ม.11 ต.บางแตน อ.บ้านสร้าง จ.ปราจีนบุรี (6707-03)		1299000		1299000		25.04.2025 เงินเข้าแล้ว / คุณหนึ่ง พัสดุ 092-0205619 | ผู้รับโอนสิทธิ: KTB | ลูกค้า: องค์การบริหารส่วนตำบลบางแตน
rcp_a385ea1d	AR2503-042	2025-04-25	IV2503-045	22202024	บ้านปากตำหรุ ม.6 ต.บางแตน อ.บ้านสร้าง จ.ปราจีนบุรี (6707-03)		1299000		1299000		25.04.2025 เงินเข้าแล้ว / คุณหนึ่ง พัสดุ 092-0205619 | ผู้รับโอนสิทธิ: KTB | ลูกค้า: องค์การบริหารส่วนตำบลบางแตน
rcp_8ac5babe	AR2503-043	2025-04-25	IV2503-044	22102024	บ้านปลายคลอง ม.5 ต.บางแตน อ.บ้านสร้าง จ.ปราจีนบุรี (6707-03)		1299000		1299000		25.04.2025 เงินเข้าแล้ว / คุณหนึ่ง พัสดุ 092-0205619 | ผู้รับโอนสิทธิ: KTB | ลูกค้า: องค์การบริหารส่วนตำบลบางแตน
rcp_3795e894	AR2503-089	2025-04-25	IV2503-043	21702024	ST II S-บ้านเกาะลอย ม.7 ต.บางแตน อ.บ้านสร้าง จ.ปราจีนบุรี (6707-03)		3089400		3089400		25.04.2025 เงินเข้าแล้ว / คุณหนึ่ง พัสดุ 092-0205619 | ผู้รับโอนสิทธิ: KTB | ลูกค้า: องค์การบริหารส่วนตำบลบางแตน
rcp_c7727689	AR2503-045	2025-04-25	IV2503-042	21802024	ST II S-บ้านปลายคลอง ม.5 ต.บางแตน อ.บ้านสร้าง จ.ปราจีนบุรี (6707-03)		3089400		3089400		25.04.2025 เงินเข้าแล้ว / คุณหนึ่ง พัสดุ 092-0205619 | ผู้รับโอนสิทธิ: KTB | ลูกค้า: องค์การบริหารส่วนตำบลบางแตน
rcp_260056be	AR2503-046	2025-04-25	IV2503-041	21902024	ST II S-บ้านใหม่ ม.1 ต.บางแตน อ.บ้านสร้าง จ.ปราจีนบุรี (6707-03)		3089400		3089400		25.04.2025 เงินเข้าแล้ว / คุณหนึ่ง พัสดุ 092-0205619 | ผู้รับโอนสิทธิ: KTB | ลูกค้า: องค์การบริหารส่วนตำบลบางแตน
rcp_c1c914f0	AR2503-035	2025-03-31	IV2503-040	23602024	บ้านแก่งโพธิ์ ม.2 ต.น้ำก่ำ อ.ธาตุพนม จ.นครพนม (6801-01)		2160000		2160000		31.03.2025 เงินเข้าแล้ว / คุณกาน 065-6697072 | ผู้รับโอนสิทธิ: KTB | ลูกค้า: เทศบาลตำบลน้ำก่ำ
rcp_2fa4f6b5	AR2503-036	2025-03-31	IV2503-039	23502024	บ้านดอนข้าวหลาม ม.9 ต.น้ำก่ำ อ.ธาตุพนม จ.นครพนม (6801-01)		2160000		2160000		31.03.2025 เงินเข้าแล้ว / คุณกาน 065-6697072 | ผู้รับโอนสิทธิ: KTB | ลูกค้า: เทศบาลตำบลน้ำก่ำ
rcp_1931abac	AR2503-037	2025-04-24	IV2503-038	24602024	บ้านหนองน้ำใส ม.7 ต.ทุ่งหลวง อ.ปากท่อ จ.ราชบุรี (6801-01)		2160000		2160000		24.04.2025 เงินเข้าแล้ว / คุณเตย 092-3979515 | ผู้รับโอนสิทธิ: KTB | ลูกค้า: เทศบาลตำบลทุ่งหลวง
rcp_f9b6f5bb	AR2503-048	2025-04-24	IV2503-037	24802024	บ้านทุ่งหลวง ม.2 ต.ทุ่งหลวง อ.ปากท่อ จ.ราชบุรี (6801-01)		1800000		1800000		24.04.2025 เงินเข้าแล้ว / คุณเตย 092-3979515 | ผู้รับโอนสิทธิ: KTB | ลูกค้า: เทศบาลตำบลทุ่งหลวง
rcp_4489266b	AR2503-038	2025-05-20	IV2503-036	7002024	แก่งปลาปก ม.5 ต.ชมเจริญ อ.ปากชม จ.เลย (6701-01)		3240000		3240000		20.05.2025 เงินเข้าแล้ว / คุณอมร 084-7428010 | ผู้รับโอนสิทธิ: KTB | ลูกค้า: องค์การบริหารส่วนตำบลชมเจริญ
rcp_54654ee1	AR2503-039	2025-05-20	IV2503-035	7802024	บ้านเมี่ยง ม.5,8,9 ต.หนองผือ อ.ท่าลี่ จ.เลย (6701-01)		5386416.25		5386416.25		20.05.2025 เงินเข้าแล้ว / คุณบุษราคัม 081-8736136 | ผู้รับโอนสิทธิ: KTB | ลูกค้า: องค์การบริหารส่วนตำบลหนองผือ
rcp_db869b11	AR2503-033	2025-05-27	IV2503-034	21502024	บ้านนายาว-ดอนสร้อยทอง ม.3 ต.น้ำพุ อ.บ้านนาสาร จ.สุราษฎร์ธานี (6707-03)		1300000		1300000		27.05.2025 เงินเข้าแล้ว / คุณโบว์ 089-7233932 | ผู้รับโอนสิทธิ: KTB | ลูกค้า: องค์การบริหารส่วนตำบลน้ำพุ
rcp_e5cd292a	AR2503-084	2025-05-16	IV2503-033	25802024	บ้านไทรงาม ม.5 ต.ไทรงาม อ.ไทรงาม จ.กำแพงเพชร (6713-01)		5400000		5400000		16.05.2025 เงินเข้าแล้ว / คุณป็อป 088-9816349 | ผู้รับโอนสิทธิ: KTB | ลูกค้า: ที่ว่าการอำเภอไทรงาม
rcp_10c3654a	AR2503-032	2025-03-27	IV2503-032	21302024	ม.4 ต.พรุพี อ.บ้านนาสาร จ.สุราษฎร์ธานี (6707-03)		3240000		3240000		27.03.2025 เงินเข้าแล้ว | ผู้รับโอนสิทธิ: STS | ลูกค้า: เทศบาลตำบลพรุพี
rcp_37b60d57	AR2503-015	2025-03-21	IV2503-016	28302024	ตลาดกลางสินค้าเกษตรสระแก้ว ม.1 ต.ศาลาลำดวน อ.เมืองสระแก้ว จ.สระแก้ว (6801-01)		2160000		2160000		21.03.2025 เงินเข้าแล้ว | ผู้รับโอนสิทธิ: STS | ลูกค้า: เทศบาลตำบลศาลาลำดวน
rcp_73961944	AR2503-016	2025-03-21	IV2503-015	28202024	โรงเรียนบ้านศาลาลำดวน ม.2 ต.ศาลาลำดวน อ.เมืองสระแก้ว จ.สระแก้ว (6801-01)		2160000		2160000		21.03.2025 เงินเข้าแล้ว | ผู้รับโอนสิทธิ: STS | ลูกค้า: เทศบาลตำบลศาลาลำดวน
rcp_c233ed74	AR2503-006	2025-09-02	IV2503-010	20802024	บ้านเหล่ากลาง (ประปาใหม่หมู่บ้าน) ม.11 ต.เชียงเครือ อ.เมืองกาฬสินธุ์ จ.กาฬสินธุ์ (6707-03)		1300000		1300000		02.09.2025 เงินเข้าแล้ว / คุณปภาดา 0964218621 | ผู้รับโอนสิทธิ: WTP | ลูกค้า: เทศบาลตำบลเชียงเครือ
rcp_9c35afee	AR2503-007	2025-09-02	IV2503-009	21102024	บ้านเหล่าค้อ (ร.ร.เหล่าค้อ) ม.4 ต.เชียงเครือ อ.เมืองกาฬสินธุ์ จ.กาฬสินธุ์ (6707-03)		1300000		1300000		30.09.2025 เงินเข้าแล้ว / คุณปภาดา 0964218621 | ผู้รับโอนสิทธิ: WTP | ลูกค้า: เทศบาลตำบลเชียงเครือ
rcp_a7c3a68e	AR2503-008	2025-09-02	IV2503-008	21002024	บ้านเชียงเครือ (ศพด.วัดชูเถาวัลย์) ม.1 ต.เชียงเครือ อ.เมืองกาฬสินธุ์ จ.กาฬสินธุ์ (6707-03)		1300000		1300000		02.09.2025 เงินเข้าแล้ว / คุณปภาดา 0964218621 | ผู้รับโอนสิทธิ: WTP | ลูกค้า: เทศบาลตำบลเชียงเครือ
rcp_86c41616	AR2503-009	2025-09-02	IV2503-007	20902024	บ้านแกเปะ (ศพด.วัดโพธิ์ศรีสะอาด) ม.5 ต.เชียงเครือ อ.เมืองกาฬสินธุ์ จ.กาฬสินธุ์ (6707-03)		1300000		1300000		02.09.2025 เงินเข้าแล้ว / คุณปภาดา 0964218621 | ผู้รับโอนสิทธิ: WTP | ลูกค้า: เทศบาลตำบลเชียงเครือ
rcp_bde772f5	AR2503-010	2025-09-02	IV2503-006	20702024	บ้านแกเปะ (ประปาหมู่บ้าน) ม.10 ต.เชียงเครือ อ.เมืองกาฬสินธุ์ จ.กาฬสินธุ์ (6707-03)		1300000		1300000		02.09.2025 เงินเข้าแล้ว / คุณปภาดา 0964218621 | ผู้รับโอนสิทธิ: WTP | ลูกค้า: เทศบาลตำบลเชียงเครือ
rcp_fc112023	AR2503-002	2025-06-06	IV2503-005	21402024	บ้านดอนงูเหลือม ม.7 ต.หนองแค อ.ราษีไศล จ.ศรีสะเกษ (6707-03)		5400000		5400000		06.06.2025 เงินเข้าแล้ว | ผู้รับโอนสิทธิ: STS | ลูกค้า: องค์การบริหารส่วนตำบลหนองแค
rcp_804820a4	AR2503-003	2025-04-02	IV2503-004	23202024	บ้านนาท่อ ม.1 ต.ไชยสถาน อ.เมืองน่าน จ.น่าน (6801-01)		1100000		1100000		02.04.2025 เงินเข้าแล้ว / คุณกบ 063-5944698 | ผู้รับโอนสิทธิ: KTB | ลูกค้า: องค์การบริหารส่วนตำบลไชยสถาน
rcp_411be420	AR2503-004	2025-04-02	IV2503-003	23302024	บ้านไชยสถาน ม.2 ต.ไชยสถาน อ.เมืองน่าน จ.น่าน (6801-01)		1100000		1100000		02.04.2025 เงินเข้าแล้ว / คุณกบ 063-5944698 | ผู้รับโอนสิทธิ: KTB | ลูกค้า: องค์การบริหารส่วนตำบลไชยสถาน
rcp_0ad36d1a	AR2503-005	2025-04-02	IV2503-002	23402024	บ้านศรีเกิด ม.3 ต.ไชยสถาน อ.เมืองน่าน จ.น่าน (6801-01)		1100000		1100000		02.04.2025 เงินเข้าแล้ว / คุณกบ 063-5944698 | ผู้รับโอนสิทธิ: KTB | ลูกค้า: องค์การบริหารส่วนตำบลไชยสถาน
rcp_da812c83	AR2502-133	2025-03-26	IV2502-133	20502024	บ้านหนองแห้ว,บ้านหนองแคเจริญสุข ม.3,17 ต.ดูกอึ่ง อ.หนองฮี จ.ร้อยเอ็ด (6707-03)		5400000		5400000		26.03.2025 เงินเข้าแล้ว / WTP | ผู้รับโอนสิทธิ: STS | ลูกค้า: องค์การบริหารส่วนตำบลดูกอึ่ง
rcp_cfc79a28	AR2502-128	2025-04-11	IV2502-132	25402024	บ้านศรีประชา ม.1 ต.ชำฆ้อ อ.เขาชะเมา จ.ระยอง (6801-01)		2156128.34		2156128.34		11.04.2025 เงินเข้าแล้ว / รุ่งฟ้า 080-5663725 | ผู้รับโอนสิทธิ: STS | ลูกค้า: เทศบาลตำบลชำฆ้อ
rcp_027cb924	AR2502-129	2025-04-11	IV2502-131	25302024	บ้านโป่งสะท้อน ม.6 ต.ชำฆ้อ อ.เขาชะเมา จ.ระยอง (6801-01)		2156128.34		2156128.34		11.04.2025 เงินเข้าแล้ว / รุ่งฟ้า 080-5663725 | ผู้รับโอนสิทธิ: STS | ลูกค้า: เทศบาลตำบลชำฆ้อ
rcp_1a522ddf	AR2502-130	2025-03-27	IV2502-130	18502024	ม.2 ต.ชำฆ้อ อ.เขาชะเมา จ.ระยอง (6707-03)		5390320.85		5390320.85		27.03.2025 เงินเข้าแล้ว / รุ่งฟ้า 080-5663725 | ผู้รับโอนสิทธิ: STS | ลูกค้า: เทศบาลตำบลชำฆ้อ
rcp_c7b96f9a	AR2502-131	2025-03-27	IV2502-129	18302024	บ้านชำฆ้อ ม.3 ต.ชำฆ้อ อ.เขาชะเมา จ.ระยอง (6707-03)		5390320.85		5390320.85		27.03.2025 เงินเข้าแล้ว / รุ่งฟ้า 080-5663725 | ผู้รับโอนสิทธิ: STS | ลูกค้า: เทศบาลตำบลชำฆ้อ
rcp_f0491ffc	AR2502-132	2025-03-27	IV2502-128	18402024	บ้านสวนขนุน ม.5 ต.ชำฆ้อ อ.เขาชะเมา จ.ระยอง (6707-03)		5390320.85		5390320.85		27.03.2025 เงินเข้าแล้ว / รุ่งฟ้า 080-5663725 | ผู้รับโอนสิทธิ: STS | ลูกค้า: เทศบาลตำบลชำฆ้อ
rcp_489e99bc	AR2502-134	2025-04-11	IV2502-127	20302024	บ้านสระแก้ว ม.4 ต.สระแก้ว อ.พนมไพร จ.ร้อยเอ็ด (6707-03)		5400000		5400000		11.04.2025 เงินเข้าแล้ว / 095-8308357 | ผู้รับโอนสิทธิ: STS | ลูกค้า: องค์การบริหารส่วนตำบลสระแก้ว
rcp_9e95127e	AR2502-135	2025-03-27	IV2502-126	12902024	บ้านหนองหัวช้าง ม.3 ต.กลางหมื่น อ.เมืองกาฬสินธุ์ จ.กาฬสินธุ์ (6707-03)		5964000		5964000		27.03.2025 เงินเข้าแล้ว / พัสดุ 080-7068381 | ผู้รับโอนสิทธิ: STS | ลูกค้า: เทศบาลตำบลกลางหมื่น
rcp_4be06281	AR2502-124	2025-03-27	IV2502-125	19002024	บ้านปลักซิมปอ ม.6 ต.ควนสตอ อ.ควนโดน จ.สตูล (6707-03)		5400000		5400000		27.03.2025 เงินเข้าแล้ว / คุณนาเดียร์ 0836416463 | ผู้รับโอนสิทธิ: STS | ลูกค้า: องค์การบริหารส่วนตำบลควนสตอ
rcp_69b2ddf5	AR2502-125	2025-03-27	IV2502-124	19102024	ม.9 ต.ควนสตอ อ.ควนโดน จ.สตูล (6707-03)		5400000		5400000		27.03.2025 เงินเข้าแล้ว / คุณนาเดียร์ 0836416463 | ผู้รับโอนสิทธิ: STS | ลูกค้า: องค์การบริหารส่วนตำบลควนสตอ
rcp_14396263	AR2502-123	2025-03-27	IV2502-123	18702024	ม.6 ต.น้ำเป็น อ.เขาชะเมา จ.ระยอง (6707-03)		5400000		5400000		27.03.2025 เงินเข้าแล้ว | ผู้รับโอนสิทธิ: STS | ลูกค้า: องค์การบริหารส่วนตำบลน้ำเป็น
rcp_74b44d8c	AR2502-126	2025-04-21	IV2502-122	18802024	ST II S-บ้านแจ้งจม ม.7 ต.เจ้าท่า อ.กมลาไสย จ.กาฬสินธุ์ (6707-03)		5150000		5150000		21.04.2025 เงินเข้าแล้ว / คุณหมู 097-3355371 | ผู้รับโอนสิทธิ: STS | ลูกค้า: องค์การบริหารส่วนตำบลเจ้าท่า
rcp_64c37e4a	AR2502-127	2025-03-27	IV2502-121	20202024	บ้านย่านซื่อ ม.2 ต.ย่านซื่อ อ.ควนโดน จ.สตูล (6707-03)		5400000		5400000		27.03.2025 เงินเข้าแล้ว / คุณอังคณา พัสดุ 081-2779359 | ผู้รับโอนสิทธิ: STS | ลูกค้า: องค์การบริหารส่วนตำบลย่านซื่อ
rcp_8d9e1da4	AR2502-122	2025-04-23	IV2502-120	18902024	ST II S-ม.9 ต.พระอาจารย์ อ.องครักษ์ จ.นครนายก (6707-03)		3090000		3090000		23.04.2025 เงินเข้าแล้ว / คุณมน 092-8392545 | ผู้รับโอนสิทธิ: STS | ลูกค้า: องค์การบริหารส่วนตำบลพระอาจารย์
rcp_8e0e9dfe	AR2502-120	2025-05-14	IV2502-119	8702024	บ้านดงเย็น ม.4 ต.ดงพยุง อ.ดอนจาน จ.กาฬสินธุ์ (6701-01)		3240000		3240000		14.05.2025 เงินเข้าแล้ว / ผอ.กองคลัง 099-6404168 | ผู้รับโอนสิทธิ: KTB | ลูกค้า: องค์การบริหารส่วนตำบลดงพยุง
rcp_94be914a	AR2502-117	2025-03-12	IV2502-118	17302024	บ้านสองพี่น้อง ม.2 ต.สองสลึง อ.แกลง จ.ระยอง (6707-03)		5400000		5400000		12.03.2025 เงินเข้าแล้ว | ผู้รับโอนสิทธิ: STS | ลูกค้า: เทศบาลตำบลสองสลึง
rcp_d403b06d	AR2502-118	2025-03-12	IV2502-117	17402024	บ้านบ่อทอง ม.5 ต.สองสลึง อ.แกลง จ.ระยอง (6707-03)		5400000		5400000		12.03.2025 เงินเข้าแล้ว | ผู้รับโอนสิทธิ: STS | ลูกค้า: เทศบาลตำบลสองสลึง
rcp_3adeb517	AR2502-119	2025-03-12	IV2502-116	17202024	บ้านหนองเสม็ด ม.6 ต.สองสลึง อ.แกลง จ.ระยอง (6707-03)		5400000		5400000		12.03.2025 เงินเข้าแล้ว | ผู้รับโอนสิทธิ: STS | ลูกค้า: เทศบาลตำบลสองสลึง
rcp_b181eec1	AR2502-121	2025-03-26	IV2502-115	18602024	บ้านหัวดง ม.12 ต.ศรีสว่าง อ.โพนทราย จ.ร้อยเอ็ด (6707-03)		5400000		5400000		26.03.2025 เงินเข้าแล้ว / WTP | ผู้รับโอนสิทธิ: STS | ลูกค้า: องค์การบริหารส่วนตำบลศรีสว่าง
rcp_c9065de7	AR2502-112	2025-09-17	IV2502-114	18202024	บ้านเชียงเครือ ม.2 ต.เชียงเครือ อ.เมืองกาฬสินธุ์ จ.กาฬสินธุ์ (6707-03)		1300000		1300000		17.09.2025 เงินเข้าแล้ว / คุณปภาดา 0964218621 | ผู้รับโอนสิทธิ: WTP | ลูกค้า: เทศบาลตำบลเชียงเครือ
rcp_a96c6409	AR2502-113	2025-09-17	IV2502-113	18002024	บ้านเชียงเครือ ม.3 ต.เชียงเครือ อ.เมืองกาฬสินธุ์ จ.กาฬสินธุ์ (6707-03)		1300000		1300000		17.09.2025 เงินเข้าแล้ว / คุณปภาดา 0964218621 | ผู้รับโอนสิทธิ: WTP | ลูกค้า: เทศบาลตำบลเชียงเครือ
rcp_0d99d6d2	AR2502-114	2025-09-17	IV2502-112	17802024	บ้านแกเปะ(ดอนเจ้าปู่) ม.7 ต.เชียงเครือ อ.เมืองกาฬสินธุ์ จ.กาฬสินธุ์ (6707-03)		1300000		1300000		17.09.2025 เงินเข้าแล้ว / คุณปภาดา 0964218621 | ผู้รับโอนสิทธิ: WTP | ลูกค้า: เทศบาลตำบลเชียงเครือ
rcp_16a5f6a4	AR2502-115	2025-09-17	IV2502-111	17902024	บ้านแกเปะ(ตรงข้ามบ้านผู้ช่วยเต่า) ม.8 ต.เชียงเครือ อ.เมืองกาฬสินธุ์ จ.กาฬสินธุ์ (6707-03)		1300000		1300000		17.09.2025 เงินเข้าแล้ว / คุณปภาดา 0964218621 | ผู้รับโอนสิทธิ: WTP | ลูกค้า: เทศบาลตำบลเชียงเครือ
rcp_bf16184a	AR2502-116	2025-09-30	IV2502-110	18102024	บ้านแซงอุดม(ศาลากลางบ้าน) ม.9 ต.เชียงเครือ อ.เมืองกาฬสินธุ์ จ.กาฬสินธุ์ (6707-03)		1300000		1300000		30.09.2025 เงินเข้าแล้ว / คุณปภาดา 0964218621 | ผู้รับโอนสิทธิ: WTP | ลูกค้า: เทศบาลตำบลเชียงเครือ
rcp_b7cf79ac	AR2502-100	2025-04-01	IV2502-108	19202024	ม.1 ต.โคกช้าง อ.เดิมบางนางบวช จ.สุพรรณบุรี (6707-03)		1300000		1300000		01.04.2025 เงินเข้าแล้ว / คุณปัทมา 095-5035620 | ผู้รับโอนสิทธิ: WTP | ลูกค้า: องค์การบริหารส่วนตำบลโคกช้าง
rcp_eff5bb16	AR2502-101	2025-04-01	IV2502-107	19402024	ม.2 ต.โคกช้าง อ.เดิมบางนางบวช จ.สุพรรณบุรี (6707-03)		1300000		1300000		01.04.2025 เงินเข้าแล้ว / คุณปัทมา 095-5035620 | ผู้รับโอนสิทธิ: WTP | ลูกค้า: องค์การบริหารส่วนตำบลโคกช้าง
rcp_64c9c487	AR2502-102	2025-04-01	IV2502-106	19502024	ม.3 ต.โคกช้าง อ.เดิมบางนางบวช จ.สุพรรณบุรี (6707-03)		1300000		1300000		01.04.2025 เงินเข้าแล้ว / คุณปัทมา 095-5035620 | ผู้รับโอนสิทธิ: WTP | ลูกค้า: องค์การบริหารส่วนตำบลโคกช้าง
rcp_12630801	AR2502-103	2025-04-01	IV2502-105	19602024	ม.4 ต.โคกช้าง อ.เดิมบางนางบวช จ.สุพรรณบุรี (6707-03)		1300000		1300000		01.04.2025 เงินเข้าแล้ว / คุณปัทมา 095-5035620 | ผู้รับโอนสิทธิ: WTP | ลูกค้า: องค์การบริหารส่วนตำบลโคกช้าง
rcp_581739e5	AR2502-104	2025-04-01	IV2502-104	19702024	ม.5 ต.โคกช้าง อ.เดิมบางนางบวช จ.สุพรรณบุรี (6707-03)		1300000		1300000		01.04.2025 เงินเข้าแล้ว / คุณปัทมา 095-5035620 | ผู้รับโอนสิทธิ: WTP | ลูกค้า: องค์การบริหารส่วนตำบลโคกช้าง
rcp_e745504d	AR2502-105	2025-04-01	IV2502-103	19802024	ม.6 ต.โคกช้าง อ.เดิมบางนางบวช จ.สุพรรณบุรี (6707-03)		1300000		1300000		01.04.2025 เงินเข้าแล้ว / คุณปัทมา 095-5035620 | ผู้รับโอนสิทธิ: WTP | ลูกค้า: องค์การบริหารส่วนตำบลโคกช้าง
rcp_194a4993	AR2502-106	2025-04-01	IV2502-102	19902024	ม.7 ต.โคกช้าง อ.เดิมบางนางบวช จ.สุพรรณบุรี (6707-03)		1300000		1300000		01.04.2025 เงินเข้าแล้ว / คุณปัทมา 095-5035620 | ผู้รับโอนสิทธิ: WTP | ลูกค้า: องค์การบริหารส่วนตำบลโคกช้าง
rcp_38798f85	AR2502-107	2025-04-01	IV2502-101	20002024	ม.8 ต.โคกช้าง อ.เดิมบางนางบวช จ.สุพรรณบุรี (6707-03)		1300000		1300000		01.04.2025 เงินเข้าแล้ว / คุณปัทมา 095-5035620 | ผู้รับโอนสิทธิ: WTP | ลูกค้า: องค์การบริหารส่วนตำบลโคกช้าง
rcp_457c6d5d	AR2502-108	2025-04-01	IV2502-100	20102024	ม.9 ต.โคกช้าง อ.เดิมบางนางบวช จ.สุพรรณบุรี (6707-03)		1300000		1300000		01.04.2025 เงินเข้าแล้ว / คุณปัทมา 095-5035620 | ผู้รับโอนสิทธิ: WTP | ลูกค้า: องค์การบริหารส่วนตำบลโคกช้าง
rcp_492235c9	AR2502-109	2025-04-01	IV2502-099	19302024	ม.10 ต.โคกช้าง อ.เดิมบางนางบวช จ.สุพรรณบุรี (6707-03)		1300000		1300000		01.04.2025 เงินเข้าแล้ว / คุณปัทมา 095-5035620 | ผู้รับโอนสิทธิ: WTP | ลูกค้า: องค์การบริหารส่วนตำบลโคกช้าง
rcp_ef0819c5	AR2502-096	2025-03-14	IV2502-098	16702024	บ้านหนองขาม ม.15 ต.หนองขาม อ.จักราช จ.นครราชสีมา (6714-01)		3240000		3240000		14.03.2025 เงินเข้าแล้ว | ผู้รับโอนสิทธิ: STS | ลูกค้า: องค์การบริหารส่วนตำบลหนองขาม
rcp_11a9a196	AR2502-097	2025-03-27	IV2502-096	27102024	บ้านแสงสว่าง ม.5 ต.พิมาน อ.นาแก จ.นครพนม (6801-01)		2159200		2159200		27.03.2025 เงินเข้าแล้ว / คุณขวัญ 089-628511 | ผู้รับโอนสิทธิ: KTB | ลูกค้า: องค์การบริหารส่วนตำบลพิมาน
rcp_99dc9bae	AR2502-098	2025-04-09	IV2502-095	8902024	บ้านสุขสบาย ม.12 ต.โพนสูง อ.บ้านดุง จ.อุดรธานี (6701-01)		3120000		3120000		09.04.2025 เงินเข้าแล้ว / 095-8308357 | ผู้รับโอนสิทธิ: KTB | ลูกค้า: องค์การบริหารส่วนตำบลโพนสูง
rcp_8f86de6c	AR2502-099	2025-04-09	IV2502-094	8802024	บ้านโพนสูงสวัสดี ม.1 ต.โพนสูง อ.บ้านดุง จ.อุดรธานี (6701-01)		3120000		3120000		09.04.2025 เงินเข้าแล้ว / 095-8308357 | ผู้รับโอนสิทธิ: KTB | ลูกค้า: องค์การบริหารส่วนตำบลโพนสูง
rcp_25cfecfa	AR2502-077	2025-08-01	IV2502-093	13702024	บ้านโนนศาลา ม.13 ต.ภูดิน อ.เมืองกาฬสินธุ์ จ.กาฬสินธุ์ (6707-03)		1300000		1300000		01.08.2025 เงินเข้าแล้ว / คุณนิมาน 095-1816564 | ผู้รับโอนสิทธิ: WTP | ลูกค้า: เทศบาลตำบลภูดิน
rcp_4a363376	AR2502-078	2025-08-01	IV2502-092	14302024	บ้านเหล่าหลวงกลาง(จุดที่ 2) ม.12 ต.ภูดิน อ.เมืองกาฬสินธุ์ จ.กาฬสินธุ์ (6707-03)		1300000		1300000		01.08.2025 เงินเข้าแล้ว / คุณนิมาน 095-1816564 | ผู้รับโอนสิทธิ: WTP | ลูกค้า: เทศบาลตำบลภูดิน
rcp_535acb3a	AR2502-079	2025-08-01	IV2502-091	14202024	บ้านเหล่าหลวงกลาง(จุดที่ 1) ม.12 ต.ภูดิน อ.เมืองกาฬสินธุ์ จ.กาฬสินธุ์ (6707-03)		1300000		1300000		01.08.2025 เงินเข้าแล้ว / คุณนิมาน 095-1816564 | ผู้รับโอนสิทธิ: WTP | ลูกค้า: เทศบาลตำบลภูดิน
rcp_dfeee11e	AR2502-080	2025-08-01	IV2502-090	14402024	บ้านเหล่าหลวงใต้ ม.11 ต.ภูดิน อ.เมืองกาฬสินธุ์ จ.กาฬสินธุ์ (6707-03)		1300000		1300000		01.08.2025 เงินเข้าแล้ว / คุณนิมาน 095-1816564 | ผู้รับโอนสิทธิ: WTP | ลูกค้า: เทศบาลตำบลภูดิน
rcp_eee7ae1c	AR2502-081	2025-08-01	IV2502-089	13402024	บ้านโคกนางาม ม.10 ต.ภูดิน อ.เมืองกาฬสินธุ์ จ.กาฬสินธุ์ (6707-03)		1300000		1300000		01.08.2025 เงินเข้าแล้ว / คุณนิมาน 095-1816564 | ผู้รับโอนสิทธิ: WTP | ลูกค้า: เทศบาลตำบลภูดิน
rcp_0414547c	AR2502-082	2025-08-01	IV2502-088	13602024	บ้านนาขาม ม.9 ต.ภูดิน อ.เมืองกาฬสินธุ์ จ.กาฬสินธุ์ (6707-03)		1300000		1300000		01.08.2025 เงินเข้าแล้ว / คุณนิมาน 095-1816564 | ผู้รับโอนสิทธิ: WTP | ลูกค้า: เทศบาลตำบลภูดิน
rcp_6bc7afaa	AR2502-083	2025-08-01	IV2502-087	14102024	บ้านเหล่าหลวง ม.8 ต.ภูดิน อ.เมืองกาฬสินธุ์ จ.กาฬสินธุ์ (6707-03)		1300000		1300000		01.08.2025 เงินเข้าแล้ว / คุณนิมาน 095-1816564 | ผู้รับโอนสิทธิ: WTP | ลูกค้า: เทศบาลตำบลภูดิน
rcp_fc38f323	AR2502-094	2025-08-01	IV2502-086	14002024	บ้านเหล่าหลวง(สำนักงานเทศบาลตำบลภูดิน) ม.8 ต.ภูดิน อ.เมืองกาฬสินธุ์ จ.กาฬสินธุ์ (6707-03)		1300000		1300000		01.08.2025 เงินเข้าแล้ว / คุณนิมาน 095-1816564 | ผู้รับโอนสิทธิ: WTP | ลูกค้า: เทศบาลตำบลภูดิน
rcp_72ef5bee	AR2502-084	2025-08-01	IV2502-085	13202024	บ้านคำดอกไม้ ม.6 ต.ภูดิน อ.เมืองกาฬสินธุ์ จ.กาฬสินธุ์ (6707-03)		1300000		1300000		01.08.2025 เงินเข้าแล้ว / คุณนิมาน 095-1816564 | ผู้รับโอนสิทธิ: WTP | ลูกค้า: เทศบาลตำบลภูดิน
rcp_c7c8b441	AR2502-085	2025-08-01	IV2502-084	13802024	บ้านโนนหัวเขื่อน ม.5 ต.ภูดิน อ.เมืองกาฬสินธุ์ จ.กาฬสินธุ์ (6707-03)		1300000		1300000		01.08.2025 เงินเข้าแล้ว / คุณนิมาน 095-1816564 | ผู้รับโอนสิทธิ: WTP | ลูกค้า: เทศบาลตำบลภูดิน
rcp_68b3880c	AR2502-086	2025-08-01	IV2502-083	13302024	บ้านคำใหญ่ ม.4 ต.ภูดิน อ.เมืองกาฬสินธุ์ จ.กาฬสินธุ์ (6707-03)		1300000		1300000		01.08.2025 เงินเข้าแล้ว / คุณนิมาน 095-1816564 | ผู้รับโอนสิทธิ: KTB | ลูกค้า: เทศบาลตำบลภูดิน
rcp_bc5f3906	AR2502-087	2025-08-01	IV2502-082	13502024	บ้านถิ่นพัฒนา ม.3 ต.ภูดิน อ.เมืองกาฬสินธุ์ จ.กาฬสินธุ์ (6707-03)		1300000		1300000		01.08.2025 เงินเข้าแล้ว / คุณนิมาน 095-1816564 | ผู้รับโอนสิทธิ: WTP | ลูกค้า: เทศบาลตำบลภูดิน
rcp_874e5d1b	AR2502-088	2025-08-01	IV2502-081	13102024	บ้านค่ายลูกเสือ ม.2 ต.ภูดิน อ.เมืองกาฬสินธุ์ จ.กาฬสินธุ์ (6707-03)		1300000		1300000		01.08.2025 เงินเข้าแล้ว / คุณนิมาน 095-1816564 | ผู้รับโอนสิทธิ: WTP | ลูกค้า: เทศบาลตำบลภูดิน
rcp_c90c6d28	AR2502-089	2025-08-01	IV2502-080	13902024	บ้านสว่าง ม.1 ต.ภูดิน อ.เมืองกาฬสินธุ์ จ.กาฬสินธุ์ (6707-03)		1300000		1300000		01.08.2025 เงินเข้าแล้ว / คุณนิมาน 095-1816564 | ผู้รับโอนสิทธิ: WTP | ลูกค้า: เทศบาลตำบลภูดิน
rcp_43d17038	AR2502-090	2025-04-30	IV2502-079	14502024	ST II S-บ้านคำใหญ่ ม.4 ต.ภูดิน อ.เมืองกาฬสินธุ์ จ.กาฬสินธุ์ (6707-03)		5150000		5150000		30.04.2025 เงินเข้าแล้ว / คุณนิมาน 095-1816564 | ผู้รับโอนสิทธิ: STS | ลูกค้า: เทศบาลตำบลภูดิน
rcp_952aa68c	AR2502-093	2025-04-08	IV2502-077	5902024	บ้านวังบอน ม.2 ต.อิปุ่ม อ.ด่านซ้าย จ.เลย (6701-01)		2029317.74		2029317.74		08.04.2025 เงินเข้าแล้ว | ผู้รับโอนสิทธิ: KTB | ลูกค้า: องค์การบริหารส่วนตำบลอิปุ่ม
rcp_98065259	AR2502-091	2025-03-27	IV2502-076	23102024	ม.5 ต.ปรางหมู่ อ.เมืองพัทลุง จ.พัทลุง (6801-01)		1300000		1300000		27.03.2025 เงินเข้าแล้ว / คุณเจี๊ยบ 089-465-4930 | ผู้รับโอนสิทธิ: KTB | ลูกค้า: เทศบาลตำบลปรางหมู่
rcp_f5862360	AR2502-092	2025-03-14	IV2502-075	8502024	บ้านไร่ออก ม.5 ต.บ่อหิน อ.สิเกา จ.ตรัง (6701-01)		3240000		3240000		14.03.2025 เงินเข้าแล้ว / คุณออม พัสดุ 092-1255577 | ผู้รับโอนสิทธิ: KTB | ลูกค้า: องค์การบริหารส่วนตำบลบ่อหิน
rcp_c8d69102	AR2502-040	2025-03-24	IV2502-074	14902024	บ้านคอกช้างพัฒนา ม.9 ต.หนองพลับ อ.หัวหิน จ.ประจวบคีรีขันธ์ (6712-01)		3405600		3405600		24.03.2025 เงินเข้าแล้ว / คุณนิ่ม สมต. 063-903-3062 | ผู้รับโอนสิทธิ: STS | ลูกค้า: ที่ทำการปกครองอำเภอหัวหิน
rcp_b03054ba	AR2502-041	2025-03-24	IV2502-073	14802024	บ้านหนองหอย ม.10 ต.หนองพลับ อ.หัวหิน จ.ประจวบคีรีขันธ์ (6712-01)		2170800		2170800		24.03.2025 เงินเข้าแล้ว / คุณนิ่ม สมต. 063-903-3062 | ผู้รับโอนสิทธิ: STS | ลูกค้า: ที่ทำการปกครองอำเภอหัวหิน
rcp_ea3df66e	AR2502-042	2025-03-24	IV2502-072	15002024	บ้านวไลย ม.1 ต.หนองพลับ อ.หัวหิน จ.ประจวบคีรีขันธ์ (6712-01)		3240000		3240000		24.03.2025 เงินเข้าแล้ว / คุณนิ่ม สมต. 063-903-3062 | ผู้รับโอนสิทธิ: STS | ลูกค้า: ที่ทำการปกครองอำเภอหัวหิน
rcp_91ae0d30	AR2502-048	2025-02-28	IV2502-071	16802024	ศูนย์พัฒนาเด็กเล็กเทศบาลตำบลบางลึก ม.4 ต.บางลึก อ.เมืองชุมพร จ.ชุมพร (6707-03)		1279500		1279500		28.02.2025 เงินเข้าแล้ว | ผู้รับโอนสิทธิ: WTP | ลูกค้า: เทศบาลตำบลบางลึก
rcp_a95547a8	AR2502-075	2025-04-11	IV2502-070	15402024	บ้านหนองนา ม.8 ต.งิ้ว อ.ห้วยแถลง จ.นครราชสีมา (6714-01)		3240000		3240000		11.04.2025 เงินเข้าแล้ว / รองปลัด 093-8233275 | ผู้รับโอนสิทธิ: STS | ลูกค้า: องค์การบริหารส่วนตำบลงิ้ว
rcp_22669d2c	AR2502-039	2025-03-07	IV2502-069	20402024	บ้านบางหลุด ม.13 ต.คลองชะอุ่น อ.พนม จ.สุราษฎร์ธานี (6707-03)		2160000		2160000		07.03.2025 เงินเข้าแล้ว  / คุณสุรีรัตน์ 086-2828128 | ผู้รับโอนสิทธิ: STS | ลูกค้า: เทศบาลตำบลคลองชะอุ่น
rcp_d0d3475b	AR2502-043	2025-03-31	IV2502-068	9902024	บริเวณแทงค์น้ำประปาเขาแกว ม.4 ต.ไร่ใหม่ อ.สามร้อยยอด จ.ประจวบคีรีขันธ์ (6712-02)		5400000		5400000		31.03.2025 เงินเข้าแล้ว / คุณกาน 065-6697072 | ผู้รับโอนสิทธิ: LIT | ลูกค้า: ที่ทำการปกครองอำเภอสามร้อยยอด
rcp_c61873f5	AR2502-044	2025-03-14	IV2502-067	14702024	บ้านเมืองพลับพลา ม.1 ต.เมืองพลับพลา อ.ห้วยแถลง จ.นครราชสีมา (6714-01)		3240000		3240000		14.03.2025 เงินเข้าแล้ว / คุณเอ๋ พัสดุ 088-5816238 | ผู้รับโอนสิทธิ: STS | ลูกค้า: องค์การบริหารส่วนตำบลเมืองพลับพลา
rcp_735adc30	AR2502-071	2025-05-15	IV2502-066	12802024	ม.6 ต.โคกยาง อ.เหนือคลอง จ.กระบี่ (6707-03)		4498000		4498000		15.05.2025 เงินเข้าแล้ว / คุณอมรรัตน์ 087-8938894 | ผู้รับโอนสิทธิ: STS | ลูกค้า: องค์การบริหารส่วนตำบลโคกยาง
rcp_77789dea	AR2502-072	2025-05-15	IV2502-065	12502024	ม.3 ต.โคกยาง อ.เหนือคลอง จ.กระบี่ (6707-03)		4498000		4498000		15.05.2025 เงินเข้าแล้ว / คุณอมรรัตน์ 087-8938894 | ผู้รับโอนสิทธิ: STS | ลูกค้า: องค์การบริหารส่วนตำบลโคกยาง
rcp_02905e25	AR2502-073	2025-03-07	IV2502-064	14602024	บ้านบางสาว ม.2 ต.เขาวง อ.บ้านตาขุน จ.สุราษฎร์ธานี (6707-03)		3240000		3240000		07.03.2025 เงินเข้าแล้ว  / พัสดุ 097-9363895 | ผู้รับโอนสิทธิ: STS | ลูกค้า: องค์การบริหารส่วนตำบลเขาวง
rcp_ea36c389	AR2502-049	2025-03-27	IV2502-063	21302024	ม.4 ต.พรุพี อ.บ้านนาสาร จ.สุราษฎร์ธานี (6707-03)		2160000		2160000		27.03.2025 เงินเข้าแล้ว | ผู้รับโอนสิทธิ: STS | ลูกค้า: เทศบาลตำบลพรุพี
rcp_b3605fb1	AR2502-050	2025-03-31	IV2502-062	10302024	บ้านโนนจารย์ ม.13 ต.แตล อ.ศีขรภูมิ จ.สุรินทร์ (6707-03)		1300000		1300000		31.03.2025 เงินเข้าแล้ว / คุณกาน 065-6697072 | ผู้รับโอนสิทธิ: WTP | ลูกค้า: องค์การบริหารส่วนตำบลแตล
rcp_174a70a1	AR2502-051	2025-03-31	IV2502-061	10702024	บ้านโนนถ่อน ม.10 ต.แตล อ.ศีขรภูมิ จ.สุรินทร์ (6707-03)		1300000		1300000		31.03.2025 เงินเข้าแล้ว / คุณกาน 065-6697072 | ผู้รับโอนสิทธิ: WTP | ลูกค้า: องค์การบริหารส่วนตำบลแตล
rcp_11193325	AR2502-052	2025-03-31	IV2502-060	10802024	บ้านสวาย ม.7 ต.แตล อ.ศีขรภูมิ จ.สุรินทร์ (6707-03)		1300000		1300000		31.03.2025 เงินเข้าแล้ว / คุณกาน 065-6697072 | ผู้รับโอนสิทธิ: WTP | ลูกค้า: องค์การบริหารส่วนตำบลแตล
rcp_f42652ea	AR2502-053	2025-03-31	IV2502-059	10902024	บ้านสังแก ม.6 ต.แตล อ.ศีขรภูมิ จ.สุรินทร์ (6707-03)		1300000		1300000		31.03.2025 เงินเข้าแล้ว / คุณกาน 065-6697072 | ผู้รับโอนสิทธิ: WTP | ลูกค้า: องค์การบริหารส่วนตำบลแตล
rcp_2a9f6abb	AR2502-054	2025-03-31	IV2502-058	11002024	บ้านหนองคู ม.5 ต.แตล อ.ศีขรภูมิ จ.สุรินทร์ (6707-03)		1300000		1300000		31.03.2025 เงินเข้าแล้ว / คุณกาน 065-6697072 | ผู้รับโอนสิทธิ: WTP | ลูกค้า: องค์การบริหารส่วนตำบลแตล
rcp_2b1b3005	AR2502-055	2025-03-31	IV2502-057	10402024	โรงเรียนบ้านประทุนอายอง ม.4 ต.แตล อ.ศีขรภูมิ จ.สุรินทร์ (6707-03)		1300000		1300000		31.03.2025 เงินเข้าแล้ว / คุณกาน 065-6697072 | ผู้รับโอนสิทธิ: WTP | ลูกค้า: องค์การบริหารส่วนตำบลแตล
rcp_ee506f0e	AR2502-056	2025-03-31	IV2502-056	11102024	บ้านหนองท่ม ม.3 ต.แตล อ.ศีขรภูมิ จ.สุรินทร์ (6707-03)		1300000		1300000		31.03.2025 เงินเข้าแล้ว / คุณกาน 065-6697072 | ผู้รับโอนสิทธิ: WTP | ลูกค้า: องค์การบริหารส่วนตำบลแตล
rcp_073fb852	AR2502-057	2025-03-31	IV2502-055	10502024	บ้านแตล ม.1 ต.แตล อ.ศีขรภูมิ จ.สุรินทร์ (6707-03)		1300000		1300000		31.03.2025 เงินเข้าแล้ว / คุณกาน 065-6697072 | ผู้รับโอนสิทธิ: WTP | ลูกค้า: องค์การบริหารส่วนตำบลแตล
rcp_1ccb96c2	AR2502-074	2025-03-21	IV2502-054	13002024	บ้านหนองปรือสมอ ม.3 ต.สาหร่าย อ.ชุมพวง จ.นครราชสีมา (6714-01)		5400000		5400000		21.03.2025 เงินเข้าแล้ว | ผู้รับโอนสิทธิ: STS | ลูกค้า: องค์การบริหารส่วนตำบลสาหร่าย
rcp_adc85fb4	AR2502-058	2025-03-17	IV2502-053	16202024	โรงเรียนอนุบาลวัดกุ่มโคก ม.5 ต.ทุ่งคลี อ.เดิมบางนางบวช จ.สุพรรณบุรี (6707-03)		1300000		1300000		17.03.2025 เงินเข้าแล้ว / คุณเพทาย 098-3838738 | ผู้รับโอนสิทธิ: WTP | ลูกค้า: เทศบาลตำบลทุ่งคลี
rcp_da6f0fd9	AR2502-059	2025-03-17	IV2502-052	16102024	บริเวณวัดขุยโพธิ์ ม.4 ต.ทุ่งคลี อ.เดิมบางนางบวช จ.สุพรรณบุรี (6707-03)		1300000		1300000		17.03.2025 เงินเข้าแล้ว / คุณเพทาย 098-3838738 | ผู้รับโอนสิทธิ: WTP | ลูกค้า: เทศบาลตำบลทุ่งคลี
rcp_66fe822c	AR2502-063	2025-03-17	IV2502-051	15602024	ม.3 ต.ทุ่งคลี อ.เดิมบางนางบวช จ.สุพรรณบุรี (6707-03)		1300000		1300000		17.03.2025 เงินเข้าแล้ว / คุณเพทาย 098-3838738 | ผู้รับโอนสิทธิ: WTP | ลูกค้า: เทศบาลตำบลทุ่งคลี
rcp_b4706f18	AR2502-064	2025-03-17	IV2502-050	16002024	บ้านดอนสนวน บริเวณศาลาอเนกประสงค์ ม.1 ต.ทุ่งคลี อ.เดิมบางนางบวช จ.สุพรรณบุรี (6707-03)		1300000		1300000		17.03.2025 เงินเข้าแล้ว / คุณเพทาย 098-3838738 | ผู้รับโอนสิทธิ: WTP | ลูกค้า: เทศบาลตำบลทุ่งคลี
rcp_f9d5b827	AR2502-045	2025-04-04	IV2502-049	15102024	ศูนย์พัฒนาเด็กเล็กบ้านท่าทอง ม.6 ต.ปากน้ำ อ.เดิมบางนางบวช จ.สุพรรณบุรี (6707-03)		1300000		1300000		08.04.2025 เงินเข้าแล้ว / พัสดุ 035-430644 | ผู้รับโอนสิทธิ: WTP | ลูกค้า: เทศบาลตำบลปากน้ำ
rcp_2c50eb12	AR2502-046	2025-04-04	IV2502-048	15202024	ศูนย์พัฒนาเด็กเล็กบ้านปากน้ำ ม.1 ต.ปากน้ำ อ.เดิมบางนางบวช จ.สุพรรณบุรี (6707-03)		1300000		1300000		08.04.2025 เงินเข้าแล้ว / พัสดุ 035-430644 | ผู้รับโอนสิทธิ: WTP | ลูกค้า: เทศบาลตำบลปากน้ำ
rcp_e5a89d15	AR2502-047	2025-04-04	IV2502-047	15302024	สำนักงานเทศบาลตำบลปากน้ำ ม.1 ต.ปากน้ำ อ.เดิมบางนางบวช จ.สุพรรณบุรี (6707-03)		1300000		1300000		08.04.2025 เงินเข้าแล้ว / พัสดุ 035-430644 | ผู้รับโอนสิทธิ: WTP | ลูกค้า: เทศบาลตำบลปากน้ำ
rcp_10a078c3	AR2502-060	2025-03-31	IV2502-046	11302024	โรงเรียนแตลศิริวิทยา ม.18 ต.แตล อ.ศีขรภูมิ จ.สุรินทร์ (6707-03)		1300000		1300000		31.03.2025 เงินเข้าแล้ว / คุณกาน 065-6697072 | ผู้รับโอนสิทธิ: WTP | ลูกค้า: องค์การบริหารส่วนตำบลแตล
rcp_c2323d61	AR2502-061	2025-03-31	IV2502-045	11202024	บ้านอายอง ม.16 ต.แตล อ.ศีขรภูมิ จ.สุรินทร์ (6707-03)		1300000		1300000		31.03.2025 เงินเข้าแล้ว / คุณกาน 065-6697072 | ผู้รับโอนสิทธิ: WTP | ลูกค้า: องค์การบริหารส่วนตำบลแตล
rcp_520ae467	AR2502-062	2025-03-31	IV2502-044	10602024	บ้านโนนแดง ม.15 ต.แตล อ.ศีขรภูมิ จ.สุรินทร์ (6707-03)		1300000		1300000		31.03.2025 เงินเข้าแล้ว / คุณกาน 065-6697072 | ผู้รับโอนสิทธิ: WTP | ลูกค้า: องค์การบริหารส่วนตำบลแตล
rcp_4d0a2729	AR2502-068	2025-03-27	IV2502-043	10202024	บ้านหัวช้าง ม.8 ต.นาเชือก อ.นาเชือก จ.มหาสารคาม (6707-03)		5400000		5400000		27.03.2025 เงินเข้าแล้ว/ คุณดวงใจ 093-7815476 | ผู้รับโอนสิทธิ: STS | ลูกค้า: องค์การบริหารส่วนตำบลนาเชือก
rcp_68c79d41	AR2502-069	2025-03-27	IV2502-042	10102024	บ้านห้วยทราย ม.6 ต.นาเชือก อ.นาเชือก จ.มหาสารคาม (6707-03)		5400000		5400000		27.03.2025 เงินเข้าแล้ว/ คุณดวงใจ 093-7815476 | ผู้รับโอนสิทธิ: LIT | ลูกค้า: องค์การบริหารส่วนตำบลนาเชือก
rcp_f4ac723d	AR2502-065	2025-03-17	IV2502-041	15902024	ม.8 ต.ทุ่งคลี อ.เดิมบางนางบวช จ.สุพรรณบุรี (6707-03)		1300000		1300000		17.03.2025 เงินเข้าแล้ว / คุณเพทาย 098-3838738 | ผู้รับโอนสิทธิ: WTP | ลูกค้า: เทศบาลตำบลทุ่งคลี
rcp_af312e8c	AR2502-066	2025-03-17	IV2502-040	15802024	ม.7 ต.ทุ่งคลี อ.เดิมบางนางบวช จ.สุพรรณบุรี (6707-03)		1300000		1300000		17.03.2025 เงินเข้าแล้ว / คุณเพทาย 098-3838738 | ผู้รับโอนสิทธิ: WTP | ลูกค้า: เทศบาลตำบลทุ่งคลี
rcp_66a237b8	AR2502-067	2025-03-17	IV2502-039	15702024	ม.6 ต.ทุ่งคลี อ.เดิมบางนางบวช จ.สุพรรณบุรี (6707-03)		1300000		1300000		17.03.2025 เงินเข้าแล้ว / คุณเพทาย 098-3838738 | ผู้รับโอนสิทธิ: WTP | ลูกค้า: เทศบาลตำบลทุ่งคลี
rcp_13a06766	AR2502-070	2025-03-17	IV2502-038	16302024	บริเวณโรงเรียนอนุบาลเทศบาลทุ่งคลี ม.5 ต.ทุ่งคลี อ.เดิมบางนางบวช จ.สุพรรณบุรี (6707-03)		1300000		1300000		17.03.2025 เงินเข้าแล้ว / คุณเพทาย 098-3838738 | ผู้รับโอนสิทธิ: WTP | ลูกค้า: เทศบาลตำบลทุ่งคลี
rcp_c7bb8cca	AR2502-032	2025-03-26	IV2502-037	17002024	ม.4 ต.เพหลา อ.คลองท่อม จ.กระบี่ (6707-03)		1277600		1277600		26.03.2025 เงินเข้าแล้ว | ผู้รับโอนสิทธิ: WTP | ลูกค้า: องค์การบริหารส่วนตำบลเพหลา
rcp_f93beee3	AR2502-033	2025-03-13	IV2502-036	11802024	ST II S-บ้านคลองโพธิ์ ม.7 ต.ดงละคร อ.เมืองนครนายก จ.นครนายก (6707-03)		3089400		3089400		13.03.2025 เงินเข้าแล้ว / คุณต้น 062-6420405 | ผู้รับโอนสิทธิ: WTP | ลูกค้า: องค์การบริหารส่วนตำบลดงละคร
rcp_beab0424	AR2502-034	2025-05-28	IV2502-035	6502024	บ้านโคกสวรรค์ ม.15 ต.ศรีบุญเรือง อ.ศรีบุญเรือง จ.หนองบัวลำภู (6701-01)		3398057		3398057		28.05.2025 เงินเข้าแล้ว / คุณวรรณ 087-9499351 | ผู้รับโอนสิทธิ: KTB | ลูกค้า: องค์การบริหารส่วนตำบลศรีบุญเรือง
rcp_2378cd19	AR2502-035	2025-03-07	IV2502-034	12202024	บ้านหนองพลอง ม.4 ต.ขามเฒ่า อ.โนนสูง จ.นครราชสีมา (6714-01)		5400000		5400000		07.03.2025 เงินเข้าแล้ว / ผอ.นวล 087-8685321 | ผู้รับโอนสิทธิ: STS | ลูกค้า: องค์การบริหารส่วนตำบลขามเฒ่า
rcp_3fa6928b	AR2502-036	2025-02-28	IV2502-033	12102024	บ้านโนนสำโรง ม.8 ต.ขามเฒ่า อ.โนนสูง จ.นครราชสีมา (6707-03)		5400000		5400000		28.02.2025 เงินเข้าแล้ว / ผอ.นวล 087-8685321 | ผู้รับโอนสิทธิ: STS | ลูกค้า: องค์การบริหารส่วนตำบลขามเฒ่า
rcp_cebc8532	AR2502-037	2025-03-07	IV2502-032	6202024	บ้านทุ่งกราด ม.8 ต.สะตอ อ.เขาสมิง จ.ตราด (6701-01)		5400000		5400000		07.03.2025 เงินเข้าแล้ว / ผอ.ช่าง 091-0289197 | ผู้รับโอนสิทธิ: STS | ลูกค้า: องค์การบริหารส่วนตำบลสะตอ
rcp_9e994236	AR2502-038	2025-03-26	IV2502-031	17102024	รร.บ้านพรุเตย บ้านพรุเตยใต้ ม.3 ต.เพหลา อ.คลองท่อม จ.กระบี่ (6707-03)		1277600		1277600		26.03.2025 เงินเข้าแล้ว | ผู้รับโอนสิทธิ: WTP | ลูกค้า: องค์การบริหารส่วนตำบลเพหลา
rcp_3ea209dd	AR2502-018	2025-05-15	IV2502-030	12302024	ม.1 ต.โคกยาง อ.เหนือคลอง จ.กระบี่ (6707-03)		4498000		4498000		15.05.2025 เงินเข้าแล้ว / คุณอมรรัตน์ 087-8938894 | ผู้รับโอนสิทธิ: STS | ลูกค้า: องค์การบริหารส่วนตำบลโคกยาง
rcp_31db7d45	AR2502-019	2025-05-15	IV2502-029	12602024	ม.4 ต.โคกยาง อ.เหนือคลอง จ.กระบี่ (6707-03)		4498000		4498000		15.05.2025 เงินเข้าแล้ว / คุณอมรรัตน์ 087-8938894 | ผู้รับโอนสิทธิ: STS | ลูกค้า: องค์การบริหารส่วนตำบลโคกยาง
rcp_c798a6ac	AR2502-020	2025-05-15	IV2502-028	12002024	บ้านโนนศิลาเลิง(หนองบึงแวง) ม.1 ต.โนนศิลาเลิง อ.ฆ้องชัย จ.กาฬสินธุ์ (6707-03)		5400000		5400000		15.05.2025 เงินเข้าแล้ว / คุณทัศนี 083-5196248 | ผู้รับโอนสิทธิ: STS | ลูกค้า: องค์การบริหารส่วนตำบลโนนศิลาเลิง
rcp_d880a527	AR2502-021	2025-03-26	IV2502-027	21902024	ST II S-บ้านใหม่ ม.1 ต.บางแตน อ.บ้านสร้าง จ.ปราจีนบุรี (6707-03)		2059600		2059600		26.03.2025 เงินเข้าแล้ว / คุณหนึ่ง พัสดุ 092-0205619 | ผู้รับโอนสิทธิ: KTB | ลูกค้า: องค์การบริหารส่วนตำบลบางแตน
rcp_34742d87	AR2502-022	2025-03-26	IV2502-026	21802024	ST II S-บ้านปลายคลอง ม.5 ต.บางแตน อ.บ้านสร้าง จ.ปราจีนบุรี (6707-03)		2059600		2059600		26.03.2025 เงินเข้าแล้ว / คุณหนึ่ง พัสดุ 092-0205619 | ผู้รับโอนสิทธิ: KTB | ลูกค้า: องค์การบริหารส่วนตำบลบางแตน
rcp_43121872	AR2502-023	2025-03-26	IV2502-025	21702024	ST II S-บ้านเกาะลอย ม.7 ต.บางแตน อ.บ้านสร้าง จ.ปราจีนบุรี (6707-03)		2059600		2059600		26.03.2025 เงินเข้าแล้ว / คุณหนึ่ง พัสดุ 092-0205619 | ผู้รับโอนสิทธิ: KTB | ลูกค้า: องค์การบริหารส่วนตำบลบางแตน
rcp_8068ee4a	AR2502-024	2025-04-01	IV2502-024	26802024	ม.8 ต.นนทรี อ.กบินทร์บุรี จ.ปราจีนบุรี (6707-03)		2160000		2160000		01.04.2025 เงินเข้าแล้ว | ผู้รับโอนสิทธิ: WTP | ลูกค้า: องค์การบริหารส่วนตำบลนนทรี
rcp_d21b2f1b	AR2502-025	2025-04-01	IV2502-023	26702024	ม.9 ต.นนทรี อ.กบินทร์บุรี จ.ปราจีนบุรี (6707-03)		2160000		2160000		01.04.2025 เงินเข้าแล้ว | ผู้รับโอนสิทธิ: WTP | ลูกค้า: องค์การบริหารส่วนตำบลนนทรี
rcp_d6a33e6a	AR2502-026	2025-03-28	IV2502-022	26502024	ม.12 ต.นนทรี อ.กบินทร์บุรี จ.ปราจีนบุรี (6707-03)		2160000		2160000		01.04.2025 เงินเข้าแล้ว | ผู้รับโอนสิทธิ: FUNDING | ลูกค้า: องค์การบริหารส่วนตำบลนนทรี
rcp_c4d55490	AR2502-027	2025-03-17	IV2502-021	16402024	บ้านคลองยอ ม.8 ต.ทุ่งคลี อ.เดิมบางนางบวช จ.สุพรรณบุรี (6707-03)		3240000		3240000		17.03.2025 เงินเข้าแล้ว / คุณเพทาย 098-3838738 | ผู้รับโอนสิทธิ: WTP | ลูกค้า: เทศบาลตำบลทุ่งคลี
rcp_41f57f05	AR2502-028	2025-04-25	IV2502-020	16502024	บ้านไทรงาม ม.1 ต.ไทรงาม อ.ไทรงาม จ.กำแพงเพชร (6707-03)		1300000		1300000		25.04.2025 เงินเข้าแล้ว / ผอ.คลัง 055-791283 | ผู้รับโอนสิทธิ: WTP | ลูกค้า: เทศบาลตำบลไทรงาม
rcp_289debed	AR2502-029	2025-04-25	IV2502-019	16602024	บ้านไทรงาม ม.4 ต.ไทรงาม อ.ไทรงาม จ.กำแพงเพชร (6707-03)		1300000		1300000		25.04.2025 เงินเข้าแล้ว / ผอ.คลัง 055-791283 | ผู้รับโอนสิทธิ: WTP | ลูกค้า: เทศบาลตำบลไทรงาม
rcp_f3d65135	AR2502-030	2025-05-15	IV2502-018	12402024	ม.2 ต.โคกยาง อ.เหนือคลอง จ.กระบี่ (6707-03)		4498000		4498000		15.05.2025 เงินเข้าแล้ว / คุณอมรรัตน์ 087-8938894 | ผู้รับโอนสิทธิ: STS | ลูกค้า: องค์การบริหารส่วนตำบลโคกยาง
rcp_77a660bf	AR2502-014	2025-05-15	IV2502-013	12702024	ม.5 ต.โคกยาง อ.เหนือคลอง จ.กระบี่ (6707-03)		4498000		4498000		15.05.2025 เงินเข้าแล้ว / คุณอมรรัตน์ 087-8938894 | ผู้รับโอนสิทธิ: STS | ลูกค้า: องค์การบริหารส่วนตำบลโคกยาง
rcp_723f7388	AR2502-012	2025-02-28	IV2502-012	11902024	บ้านหนองปรือ ม.4 ต.ดงเสือเหลือง อ.โพธิ์ประทับช้าง จ.พิจิตร (6707-03)		3239400		3239400		28.02.2025 เงินเข้าแล้ว / คุณมน 086-7743797 | ผู้รับโอนสิทธิ: STS | ลูกค้า: องค์การบริหารส่วนตำบลดงเสือเหลือง
rcp_06e312a9	AR2502-031	2025-03-06	IV2502-011	16902024	โรงเรียนบ้านห้วยหลอด ม.3 ต.บางมะพร้าว อ.หลังสวน จ.ชุมพร (6707-03)		1279000		1279000		06.03.2025 เงินเข้าแล้ว / พัสดุ 077-630400 | ผู้รับโอนสิทธิ: WTP | ลูกค้า: องค์การบริหารส่วนตำบลบางมะพร้าว
rcp_5cd20711	AR2502-010	2025-03-14	IV2502-010	10002024	บ้านทุ่งไก่ดัก ม.4 ต.ท่ากุ่ม อ.เมืองตราด จ.ตราด (6707-03)		3240000		3240000		14.03.2025 เงินเข้าแล้ว / คุณมน 083-0095931 | ผู้รับโอนสิทธิ: STS | ลูกค้า: องค์การบริหารส่วนตำบลท่ากุ่ม
rcp_a8c25586	AR2502-009	2025-03-14	IV2502-009	14702024	บ้านเมืองพลับพลา ม.1 ต.เมืองพลับพลา อ.ห้วยแถลง จ.นครราชสีมา (6714-01)		2160000		2160000		14.03.2025 เงินเข้าแล้ว / คุณเอ๋ พัสดุ 088-5816238 | ผู้รับโอนสิทธิ: STS | ลูกค้า: องค์การบริหารส่วนตำบลเมืองพลับพลา
rcp_76b13f90	AR2502-008	2025-03-12	IV2502-008	16702024	บ้านหนองขาม ม.15 ต.หนองขาม อ.จักราช จ.นครราชสีมา (6714-01)		2160000		2160000		12.03.2025 เงินเข้าแล้ว / คุณบ๊อบบี้ 090-2795015 | ผู้รับโอนสิทธิ: STS | ลูกค้า: องค์การบริหารส่วนตำบลหนองขาม
rcp_59d326e9	AR2502-007	2025-04-11	IV2502-007	15402024	บ้านหนองนา ม.8 ต.งิ้ว อ.ห้วยแถลง จ.นครราชสีมา (6714-01)		2160000		2160000		11.04.2025 เงินเข้าแล้ว / รองปลัด 093-8233275 | ผู้รับโอนสิทธิ: STS | ลูกค้า: องค์การบริหารส่วนตำบลงิ้ว
rcp_a6b6742f	AR2502-006	2025-03-07	IV2502-006	14602024	บ้านบางสาว ม.2 ต.เขาวง อ.บ้านตาขุน จ.สุราษฎร์ธานี (6707-03)		2160000		2160000		07.03.2025 เงินเข้าแล้ว  / พัสดุ 097-9363895 | ผู้รับโอนสิทธิ: STS | ลูกค้า: องค์การบริหารส่วนตำบลเขาวง
rcp_b9de9d06	AR2502-001	2025-03-27	IV2502-005	11702024	โรงเรียนร่มฉัตรวิทยา ม.9 ต.แม่ลาน้อย อ.แม่ลาน้อย จ.แม่ฮ่องสอน (6707-03)		1300000		1300000		27.03.2025 เงินเข้าแล้ว / คุณอาพร 086-1835206 | ผู้รับโอนสิทธิ: WTP | ลูกค้า: เทศบาลตำบลแม่ลาน้อย
rcp_b20c498b	AR2502-002	2025-03-27	IV2502-004	11602024	บ้านวังคัน ม.5 ต.แม่ลาน้อย อ.แม่ลาน้อย จ.แม่ฮ่องสอน (6707-03)		1300000		1300000		27.03.2025 เงินเข้าแล้ว / คุณอาพร 086-1835206 | ผู้รับโอนสิทธิ: WTP | ลูกค้า: เทศบาลตำบลแม่ลาน้อย
rcp_8f7dadf8	AR2502-003	2025-03-31	IV2502-003	11402024	ม.7 ต.ดอนยอ อ.เมืองนครนายก จ.นครนายก (6707-03)		3240000		3240000		31.03.2025 เงินเข้าแล้ว / คุณกาน 065-6697072 | ผู้รับโอนสิทธิ: STS | ลูกค้า: องค์การบริหารส่วนตำบลดอนยอ
rcp_cb4ab533	AR2502-004	2025-03-27	IV2502-002	11502024	โรงเรียนแม่ลาน้อยดรุณสิกข์ ม.9 ต.แม่ลาน้อย อ.แม่ลาน้อย จ.แม่ฮ่องสอน (6707-03)		1300000		1300000		27.03.2025 เงินเข้าแล้ว / คุณอาพร 086-1835206 | ผู้รับโอนสิทธิ: WTP | ลูกค้า: เทศบาลตำบลแม่ลาน้อย
rcp_21240bca	AR2502-005	2025-04-11	IV2502-001	5002024	บ้านท่าสะอาด ม.7 ต.คำสร้างเที่ยง อ.สามชัย จ.กาฬสินธุ์ (6701-01)		3240000		3240000		11.04.2025 เงินเข้าแล้ว  | ผู้รับโอนสิทธิ: STS | ลูกค้า: องค์การบริหารส่วนตำบลคำสร้างเที่ยง
rcp_085b5e92	AR2501-034	2025-03-07	IV2501-030	9502024	บริเวณบ้านหนองกระจับ ม.6 ต.ดงพระราม อ.เมืองปราจีนบุรี จ.ปราจีนบุรี (6712-01)		2152000		2152000		07.03.2025 เงินเข้าแล้ว  / คุณมิ้ม 085-3335715 | ผู้รับโอนสิทธิ: KTB | ลูกค้า: ที่ทำการปกครองอำเภอเมืองปราจีนบุรี
rcp_ef954e89	AR2501-032	2025-05-20	IV2501-029	7002024	แก่งปลาปก ม.5 ต.ชมเจริญ อ.ปากชม จ.เลย (6701-01)		2142196.22		2142196.22		20.05.2025 เงินเข้าแล้ว / คุณอมร 084-7428010 | ผู้รับโอนสิทธิ: KTB | ลูกค้า: องค์การบริหารส่วนตำบลชมเจริญ
rcp_d0ed7edf	AR2501-033	2025-02-25	IV2501-028	4702024	บ้านลำพระยา ม.1 ต.ย่านยาว อ.สามชุก จ.สุพรรณบุรี (6701-01)		3240000		3240000		25.02.2025 เงินเข้าแล้ว / คุณรัตนา 063-5146514 | ผู้รับโอนสิทธิ: STS | ลูกค้า: องค์การบริหารส่วนตำบลย่านยาว
rcp_3cee096e	AR2501-031	2025-02-25	IV2501-027	1772025	SV-641-PL-บ้านสันกองใหม่ ม.9 ต.แม่ไร่  อ.แม่จัน จ.เชียงราย  (SV-6805-01)		134000		134000		25.02.2025 เงินเข้าแล้ว | ผู้รับโอนสิทธิ: WTP | ลูกค้า: เทศบาลตำบลแม่ไร่
rcp_57cdd321	AR2501-030	2025-02-25	IV2501-026	1762025	SV-640-PL-บ้านป่ากว๋าว ม.1 ต.แม่ไร่ อ.แม่จัน จ.เชียงราย   (SV-6805-01)		134000		134000		25.02.2025 เงินเข้าแล้ว | ผู้รับโอนสิทธิ: WTP | ลูกค้า: เทศบาลตำบลแม่ไร่
rcp_53d12c5c	AR2501-029	2025-02-20	IV2501-025	18902024	ST II S-ม.9 ต.พระอาจารย์ อ.องครักษ์ จ.นครนายก (6707-03)		2060000		2060000		20.02.2025 เงินเข้าแล้ว / คุณมน 092-8392545 | ผู้รับโอนสิทธิ: STS | ลูกค้า: องค์การบริหารส่วนตำบลพระอาจารย์
rcp_4ebbbfc1	AR2501-025	2025-02-28	IV2501-021	4302024	บ้านทุ่งเกวียน ม.6 ต.เวียงตาล อ.ห้างฉัตร จ.ลำปาง (6701-01)		3237852		3237852		28.02.2025 เงินเข้าแล้ว / คุณนุ้ย การเงิน 0856269979 | ผู้รับโอนสิทธิ: KTB | ลูกค้า: เทศบาลตำบลเวียงตาล
rcp_0a9d8112	AR2501-024	2025-02-17	IV2501-020	11342024	SV-865-PL-หนองตาดำ ม.6 ต.ท่าชัย อ.เมืองชัยนาท จ.ชัยนาท (SV-6801-01)		135000		135000		17.02.2025 เงินเข้าแล้ว  | ผู้รับโอนสิทธิ: WTP | ลูกค้า: องค์กาารบริหารส่วนตำบลท่าชัย
rcp_ab3ceb7a	AR2501-023	2025-02-10	IV2501-019	11332024	SV-886-PL-บ้านห้างฉัตรเหนือ ม.2  ต.ห้างฉัตร อ.ห้างฉัตร จ.ลำปาง (SV-6802-01)		108000		108000		10.02.2025 เงินเข้าแล้ว (วท.07/02/2025) | ผู้รับโอนสิทธิ: WTP | ลูกค้า: ที่ทำการปกครองอำเภอห้างฉัตร
rcp_3f626700	AR2501-022	2025-02-10	IV2501-018	11322024	SV-878-PL-บ้านขามแดง ม.6 ต.ห้างฉัตร อ.ห้างฉัตร จ.ลำปาง (SV-6802-01)		108000		108000		10.02.2025 เงินเข้าแล้ว (วท.07/02/2025) | ผู้รับโอนสิทธิ: WTP | ลูกค้า: ที่ทำการปกครองอำเภอห้างฉัตร
rcp_a0e71edc	AR2501-021	2025-02-17	IV2501-017	8202024	บ้านห้วยต่อ (น้ำตกอ่างทอง) ม.1 ต.ไม้ฝาด อ.สิเกา จ.ตรัง (6701-01)		1422000		1422000		17.02.2025 เงินเข้าแล้ว / คุณจินดา 082-8409706 | ผู้รับโอนสิทธิ: KTB | ลูกค้า: องค์การบริหารส่วนตำบลไม้ฝาด
rcp_626f0c97	AR2501-020	2025-02-18	IV2501-016	3302024	บ้านหนองกวาง ม.8 ต.วังสรรพรส อ.ขลุง จ.จันทบุรี (6701-01)		3120000		3120000		18.02.2025 เงินเข้าแล้ว  / ผอ.คลัง 081-7418138 | ผู้รับโอนสิทธิ: KTB | ลูกค้า: องค์การบริหารส่วนตำบลวังสรรพรส
rcp_9c534d68	AR2501-018	2025-02-18	IV2501-015	11902024	บ้านหนองปรือ ม.4 ต.ดงเสือเหลือง อ.โพธิ์ประทับช้าง จ.พิจิตร (6707-03)		2159600		2159600		18.02.2025 เงินเข้าแล้ว / คุณวาสนา 086-7743797 | ผู้รับโอนสิทธิ: STS | ลูกค้า: องค์การบริหารส่วนตำบลดงเสือเหลือง
rcp_e5988ec9	AR2501-017	2025-04-09	IV2501-013	9602024	บ้านบางเตยเหนือ ม.1 ต.บางเตย อ.เมืองพังงา จ.พังงา (6707-03)		5400000		5400000		09.04.2025 เงินเข้าแล้ว | ผู้รับโอนสิทธิ: LIT | ลูกค้า: เทศบาลตำบลบางเตย
rcp_03b2065f	AR2501-016	2025-03-21	IV2501-012	9402024	ม.2 ต.รัตภูมิ อ.ควนเนียง จ.สงขลา (6702-01)		3240000		3240000		21.03.2025 เงินเข้าแล้ว / คุณมล 08-72991280 | ผู้รับโอนสิทธิ: KTB | ลูกค้า: ที่ทำการปกครองอำเภอควนเนียง
rcp_8b3af950	AR2501-014	2025-02-28	IV2501-011	1302024	บ้านไร่ ม.8 ต.นายาง อ.สบปราบ จ.ลำปาง (6701-01)		3214997.4		3214997.4		28.02.2025 เงินเข้าแล้ว  / คุณเด่น 096-9814296 | ผู้รับโอนสิทธิ: STS | ลูกค้า: องค์การบริหารส่วนตำบลนายาง
rcp_f5bace0c	AR2501-013	2025-02-18	IV2501-010	11802024	ST II S-บ้านคลองโพธิ์ ม.7 ต.ดงละคร อ.เมืองนครนายก จ.นครนายก (6707-03)		2059600		2059600		18.02.2025 เงินเข้าแล้ว / คุณต้น 062-6420405 | ผู้รับโอนสิทธิ: WTP | ลูกค้า: องค์การบริหารส่วนตำบลดงละคร
rcp_42992922	AR2501-011	2025-03-24	IV2501-008	6802024	บ้านหนองแสลบ ม.4 ต.เลาขวัญ อ.เลาขวัญ จ.กาญจนบุรี (6701-01)		3235974.52		3235974.52		24.03.2025 เงินเข้าแล้ว / คุณตู่ การเงิน 089-9227481 | ผู้รับโอนสิทธิ: KTB | ลูกค้า: องค์การบริหารส่วนตำบลเลาขวัญ
rcp_c14da1c4	AR2501-012	2025-01-27	IV2501-007	7702024	บ้านนาหละ(ชุมชนทุ่งพุด) ม.7 ต.ไม้ฝาด อ.สิเกา จ.ตรัง (6701-01)		1422000		1422000		27.01.2025 เงินเข้าแล้ว / คุณจินดาพร 082-8409706 | ผู้รับโอนสิทธิ: KTB | ลูกค้า: องค์การบริหารส่วนตำบลไม้ฝาด
rcp_885fdc98	AR2501-006	2025-01-31	IV2501-005	8902024	บ้านสุขสบาย ม.12 ต.โพนสูง อ.บ้านดุง จ.อุดรธานี (6701-01)		2080000		2080000		31.01.2025 เงินเข้าแล้ว / พัสดุ 095-8308357 | ผู้รับโอนสิทธิ: KTB | ลูกค้า: องค์การบริหารส่วนตำบลโพนสูง
rcp_246e39bc	AR2501-007	2025-01-31	IV2501-004	8802024	บ้านโพนสูงสวัสดี ม.1 ต.โพนสูง อ.บ้านดุง จ.อุดรธานี (6701-01)		2080000		2080000		31.01.2025 เงินเข้าแล้ว / พัสดุ 095-8308357 | ผู้รับโอนสิทธิ: KTB | ลูกค้า: องค์การบริหารส่วนตำบลโพนสูง
rcp_f0ce5a63	AR2501-008	2025-03-21	IV2501-003	9402024	ม.2 ต.รัตภูมิ อ.ควนเนียง จ.สงขลา (6702-01)		2160000		2160000		21.03.2025 เงินเข้าแล้ว / คุณมล 08-72991280 | ผู้รับโอนสิทธิ: KTB | ลูกค้า: ที่ทำการปกครองอำเภอควนเนียง
rcp_cb54f09c	AR2501-009	2025-02-07	IV2501-002	1902024	บ้านหนองรี ม.5 ต.เมืองเก่า อ.กบินทร์บุรี จ.ปราจีนบุรี (6701-01)		3239400		3239400		07.02.2025 เงินเข้าแล้ว | ผู้รับโอนสิทธิ: STS | ลูกค้า: องค์การบริหารส่วนตำบลเมืองเก่า
rcp_53ae2cf9	AR2501-005	2025-01-24	IV2501-001	6702024	บ้านควนโพธิ์ ม.3 ต.ย่านตาขาว อ.ย่านตาขาว จ.ตรัง (6701-01)		2040000		2040000		24.01.2025 เงินเข้าแล้ว | ผู้รับโอนสิทธิ: KTB | ลูกค้า: เทศบาลตำบลควนโพธิ์
rcp_6e21977f	AR2412-052	2025-02-07	IV2412-043	11312024	SV-580-PM-บ้านน้ำลาน ม.2 ต.น้ำพาง อ.แม่จริม จ.น่าน (SV-6805-01)		85000		85000		03.02.2025 เงินเข้าแล้ว | ผู้รับโอนสิทธิ: WTP | ลูกค้า: องค์การบริหารส่วนตำบลน้ำพาง
rcp_624f4c1d	AR2412-042	2025-02-24	IV2412-035	7502024	บ้านสี่เหลี่ยมประชามิตร ม.10 ต.หนองบัวโคก อ.ลำปลายมาศ จ.บุรีรัมย์ (6701-01)		3240000		3240000		24.02.2025 เงินเข้าแล้ว / พัสดุ 044-110624 | ผู้รับโอนสิทธิ: KTB | ลูกค้า: องค์การบริหารส่วนตำบลหนองบัวโคก
rcp_6f59859f	AR2412-043	2025-02-24	IV2412-034	7402024	บ้านสี่เหลี่ยมใหญ่ ม.3 ต.หนองบัวโคก อ.ลำปลายมาศ จ.บุรีรัมย์ (6701-01)		3240000		3240000		24.02.2025 เงินเข้าแล้ว / พัสดุ 044-110624 | ผู้รับโอนสิทธิ: KTB | ลูกค้า: องค์การบริหารส่วนตำบลหนองบัวโคก
rcp_bd0eebed	AR2412-040	2025-03-27	IV2412-033	7302024	บ้านเชียงเครือ ม.2 ต.เชียงเครือ อ.เมืองกาฬสินธุ์ จ.กาฬสินธุ์ (6701-01)		5399000		5399000		27.03.2025 เงินเข้าแล้ว / คุณปภาดา 096-4218621 | ผู้รับโอนสิทธิ: KTB | ลูกค้า: เทศบาลตำบลเชียงเครือ
rcp_bedce097	AR2412-035	2025-01-22	IV2412-032	6602024	โพธิ์ศรี ม.8 ต.สระแก้ว อ.พนมไพร จ.ร้อยเอ็ด (6701-01)		3240000		3240000		22.01.2025 เงินเข้าแล้ว | ผู้รับโอนสิทธิ: KTB | ลูกค้า: องค์การบริหารส่วนตำบลสระแก้ว
rcp_b98b8296	AR2412-030	2025-01-31	IV2412-029	11402024	ม.7 ต.ดอนยอ อ.เมืองนครนายก จ.นครนายก (6707-03)		2160000		2160000		31.01.2025 เงินเข้าแล้ว / คุณกาน 065-6697072 | ผู้รับโอนสิทธิ: STS | ลูกค้า: องค์การบริหารส่วนตำบลดอนยอ
rcp_f1590f17	AR2412-025	2025-01-28	IV2412-028	7202024	บ้านหนองบัว ม.14 ต.เจ้าท่า อ.กมลาไสย จ.กาฬสินธุ์ (6701-01)		3240000		3240000		28.01.2025 เงินเข้าแล้ว/ คุณกุลรัตน์ 097-3355371 | ผู้รับโอนสิทธิ: KTB | ลูกค้า: องค์การบริหารส่วนตำบลเจ้าท่า
rcp_ac9983cb	AR2412-026	2025-02-28	IV2412-027	8702024	บ้านดงเย็น ม.4 ต.ดงพยุง อ.ดอนจาน จ.กาฬสินธุ์ (6701-01)		2160000		2160000		28.02.2025 เงินเข้าแล้ว / คุณปราถนา 0996404168 | ผู้รับโอนสิทธิ: KTB | ลูกค้า: องค์การบริหารส่วนตำบลดงพยุง
rcp_6ccee236	AR2412-027	2025-02-20	IV2412-026	4402024	บ้านคลอง 19 ม.9 ต.หมอนทอง อ.บางน้ำเปรี้ยว จ.ฉะเชิงเทรา (6701-01)		2080000		2080000		20.02.2025 เงินเข้าแล้ว / ผอ.คลัง 089-9842781 | ผู้รับโอนสิทธิ: WTP | ลูกค้า: องค์การบริหารส่วนตำบลหมอนทอง
rcp_2ce70ad7	AR2412-028	2025-02-07	IV2412-025	9002024	บ้านหนองนกคุ้ม ม.7 ต.หนองขาม อ.จักราช จ.นครราชสีมา (6702-01)		3240000		3240000		07.02.2025 เงินเข้าแล้ว / คุณสุ 093-1829140 | ผู้รับโอนสิทธิ: STS | ลูกค้า: ที่ทำการปกครองอำเภอจักราช
rcp_ea3de5b9	AR2412-029	2025-02-07	IV2412-024	8602024	บ้านหนองปื้ด ม.8 ต.หนองขาม อ.จักราช จ.นครราชสีมา (6702-01)		3240000		3240000		07.02.2025 เงินเข้าแล้ว / คุณสุ 093-1829140 | ผู้รับโอนสิทธิ: KTB | ลูกค้า: ที่ทำการปกครองอำเภอจักราช
rcp_e02bc022	AR2412-032	2025-01-30	IV2412-022	5302024	บ้านพิมูล ม.2 ต.พิมูล อ.ห้วยเม็ก จ.กาฬสินธุ์ (6701-01)		3240000		3240000		30.01.2025 เงินเข้าแล้ว / กองคลัง 084-9533772 | ผู้รับโอนสิทธิ: STS | ลูกค้า: องค์การบริหารส่วนตำบลพิมูล
rcp_2dcfd013	AR2412-021	2025-01-30	IV2412-021	10002024	บ้านทุ่งไก่ดัก ม.4 ต.ท่ากุ่ม อ.เมืองตราด จ.ตราด (6707-03)		2160000		2160000		30.01.2025 เงินเข้าแล้ว / คุณมน 083-0095931 | ผู้รับโอนสิทธิ: STS | ลูกค้า: องค์การบริหารส่วนตำบลท่ากุ่ม
rcp_a67845db	AR2412-020	2025-01-16	IV2412-020	7902024	บ้านตลาดใหม่ ม.7 ต.หนองปล้อง อ.วังทรายพูน จ.พิจิตร (6701-01)		3240000		3240000		16.01.2025 เงินเข้าแล้ว | ผู้รับโอนสิทธิ: KTB | ลูกค้า: เทศบาลตำบลหนองปล้อง
rcp_146411c8	AR2412-017	2024-01-15	IV2412-019	14902024	บ้านคอกช้างพัฒนา ม.9 ต.หนองพลับ อ.หัวหิน จ.ประจวบคีรีขันธ์ (6712-01)		2270400		2270400		15.01.2025 เงินเข้าแล้ว | ผู้รับโอนสิทธิ: STS | ลูกค้า: ที่ทำการปกครองอำเภอหัวหิน
rcp_acd7f970	AR2412-022	2025-02-24	IV2412-018	6302024	บ้านคำโพนทอง ม.5 ต.โคกสมบูรณ์ อ.กมลาไสย จ.กาฬสินธุ์ (6701-01)		3240000		3240000		24.02.2024 เงินเข้าแล้ว / คุณพรพัน 089-2338340 | ผู้รับโอนสิทธิ: KTB | ลูกค้า: องค์การบริหารส่วนตำบลโคกสมบูรณ์
rcp_14c78e4c	AR2412-019	2025-04-08	IV2412-017	8002024	บ้านบอนเขียว ม.5 ต.นาขาม อ.กุฉินารายณ์ จ.กาฬสินธุ์ (6701-01)		3240000		3240000		08.04.2025 เงินเข้าแล้ว | ผู้รับโอนสิทธิ: KTB | ลูกค้า: เทศบาลตำบลนาขาม
rcp_66080356	AR2412-013	2025-02-11	IV2412-014	5902024	บ้านวังบอน ม.2 ต.อิปุ่ม อ.ด่านซ้าย จ.เลย (6701-01)		1352878.5		1352878.5		11.02.2025 เงินเข้าแล้ว / คุณบุญถม 065-6395529 | ผู้รับโอนสิทธิ: KTB | ลูกค้า: องค์การบริหารส่วนตำบลอิปุ่ม
rcp_832a8586	AR2412-014	2025-01-10	IV2412-013	6002024	บ้านสุวรรณคำ ม.4 ต.พรสวรรค์ อ.เสลภูมิ จ.ร้อยเอ็ด (6701-01)		2700000		2700000		10.01.2025 เงินเข้าแล้ว | ผู้รับโอนสิทธิ: KTB | ลูกค้า: เทศบาลตำบลพรสวรรค์
rcp_fbbf8a88	AR2412-012	2025-01-30	IV2412-012	9102024	บ้านสักกลางพัฒนา ม.21 ต.งิ้ว อ.เทิง จ.เชียงราย (6702-01)		5400000		5400000		30.01.2025 เงินเข้าแล้ว | ผู้รับโอนสิทธิ: KTB | ลูกค้า: ที่ทำการปกครองอำเภอเทิง
rcp_08097803	AR2412-053	2025-02-07	IV2412-011	5602024	คำบอน ม.3 ต.ยางอู้ม อ.ท่าคันโท จ.กาฬสินธุ์ (6701-01)		3240000		3240000		07.02.2025 เงินเข้าแล้ว / คุณสุพรรณี 092-1387141 (มีค่าปรับ) | ผู้รับโอนสิทธิ: STS | ลูกค้า: องค์การบริหารส่วนตำบลยางอู้ม
rcp_0a49e708	AR2412-010	2024-12-27	IV2412-010	16402024	บ้านคลองยอ ม.8 ต.ทุ่งคลี อ.เดิมบางนางบวช จ.สุพรรณบุรี (6707-03)		2311200		2311200		27.12.2024 เงินเข้าแล้ว | ผู้รับโอนสิทธิ: WTP | ลูกค้า: เทศบาลตำบลทุ่งคลี
rcp_257a1be0	AR2412-007	2025-01-17	IV2412-009	14802024	บ้านหนองหอย ม.10 ต.หนองพลับ อ.หัวหิน จ.ประจวบคีรีขันธ์ (6712-01)		1447200		1447200		17.01.2025 เงินเข้าแล้ว | ผู้รับโอนสิทธิ: STS | ลูกค้า: ที่ทำการปกครองอำเภอหัวหิน
rcp_1f82d1f7	AR2412-008	2024-01-15	IV2412-008	15002024	บ้านวไลย ม.1 ต.หนองพลับ อ.หัวหิน จ.ประจวบคีรีขันธ์ (6712-01)		2160000		2160000		15.01.2025 เงินเข้าแล้ว | ผู้รับโอนสิทธิ: STS | ลูกค้า: ที่ทำการปกครองอำเภอหัวหิน
rcp_cca3a09f	AR2412-009	2025-01-02	IV2412-007	8402024	บ้านม่วง ม.11 ต.จำปาโมง อ.บ้านผือ จ.อุดรธานี (6701-01)		5220000		5220000		02.01.2025 เงินเข้าแล้ว | ผู้รับโอนสิทธิ: KTB | ลูกค้า: องค์การบริหารส่วนตำบลจำปาโมง
rcp_ebcb84d4	AR2412-006	2025-02-25	IV2412-006	8302024	หมู่บ้านหนองนกเขา ม.15 ต.หลุ่งตะเคียน อ.ห้วยแถลง จ.นครราชสีมา (6702-01)		3240000		3240000		25.02.2025 เงินเข้าแล้ว / คุณแจม 063-9011796 | ผู้รับโอนสิทธิ: STS | ลูกค้า: ที่ทำการปกครองอำเภอห้วยแถลง
rcp_6e4e1221	AR2412-005	2025-02-07	IV2412-005	5202024	บ้านดอนไชย ม.4 ต.หลวงเหนือ อ.งาว จ.ลำปาง (6701-01)		3240000		3240000		07.02.2025 เงินเข้าแล้ว | ผู้รับโอนสิทธิ: STS | ลูกค้า: เทศบาลตำบลหลวงเหนือ
rcp_a3890908	AR2412-054	2025-02-20	IV2412-003	6102024	บ้านโคกน้อย ม.10 ต.หนองโสน อ.นางรอง จ.บุรีรัมย์ (6701-01)		3400000		3400000		20.02.2025 เงินเข้าแล้ว / คุณสมพร 085-7784837 | ผู้รับโอนสิทธิ: KTB | ลูกค้า: องค์การบริหารส่วนตำบลหนองโสน
rcp_19c108f1	AR2412-001	2024-12-27	IV2412-002	7102024	บ้านเกาะบก ม.6 ต.นาท่ามเหนือ อ.เมืองตรัง จ.ตรัง (6701-01)		2040000		2040000		27.12.2024 เงินเข้าแล้ว | ผู้รับโอนสิทธิ: KTB | ลูกค้า: องค์การบริหารส่วนตำบลนาท่ามเหนือ
rcp_6f7e556d	AR2412-002	2024-12-25	IV2412-001	7602024	บ้านเขาเพดาน(สามแยกทุ่งทวย) ม.7 ต.นาเมืองเพชร อ.สิเกา จ.ตรัง (6701-01)		2040000		2040000		25.12.2024 เงินเข้าแล้ว | ผู้รับโอนสิทธิ: KTB | ลูกค้า: เทศบาลตำบลนาเมืองเพชร
rcp_4a47eb45	AR2411-025	2024-12-27	IV2411-027	3802024	บ้านโนนจันทา ม.17 ต.เมืองไผ่ อ.หนองกี่ จ.บุรีรัมย์ (6701-01)		2040000		2040000		27.12.2024 เงินเข้าแล้ว | ผู้รับโอนสิทธิ: KTB | ลูกค้า: องค์การบริหารส่วนตำบลเมืองไผ่
rcp_c7397737	AR2411-026	2024-12-27	IV2411-026	3902024	บ้านห้วยลึก ม.8 ต.เมืองไผ่ อ.หนองกี่ จ.บุรีรัมย์ (6701-01)		3240000		3240000		27.12.2024 เงินเข้าแล้ว | ผู้รับโอนสิทธิ: KTB | ลูกค้า: องค์การบริหารส่วนตำบลเมืองไผ่
rcp_bcbe272e	AR2411-027	2025-01-29	IV2411-025	4002024	บ้านวังหินพัฒนา ม.14 ต.เถินบุรี อ.เถิน จ.ลำปาง (6701-01)		3240000		3240000		29.01.2025 เงินเข้าแล้ว / คุณลฎาภา 085-689-4000 | ผู้รับโอนสิทธิ: KTB | ลูกค้า: เทศบาลตำบลเถินบุรี
rcp_ef55a5e9	AR2411-028	2024-12-25	IV2411-024	4602024	บ้านจิตเสือเต้น ม.4 ต.เขาเจ็ดลูก อ.ทับคล้อ จ.พิจิตร (6701-01)		2028000		2028000		25.12.2024 เงินเข้าแล้ว | ผู้รับโอนสิทธิ: STS | ลูกค้า: องค์การบริหารส่วนตำบลเขาเจ็ดลูก
rcp_c59e3674	AR2411-029	2024-12-27	IV2411-023	3702024	บ้านหนองม่วง ม.7 ต.เมืองไผ่ อ.หนองกี่ จ.บุรีรัมย์ (6701-01)		2040000		2040000		27.12.2024 เงินเข้าแล้ว | ผู้รับโอนสิทธิ: KTB | ลูกค้า: องค์การบริหารส่วนตำบลเมืองไผ่
rcp_36e9e334	AR2411-021	2024-12-20	IV2411-022	4102024	บ้านน้ำโท้ง ม.5 ต.บ่อแฮ้ว อ.เมืองลำปาง จ.ลำปาง (6701-01)		3780000		3780000		20.12.2024 เงินเข้าแล้ว | ผู้รับโอนสิทธิ: KTB | ลูกค้า: องค์การบริหารส่วนตำบลบ่อแฮ้ว
rcp_ccee6f23	AR2411-022	2024-12-20	IV2411-021	4202024	ดงสันเงิน ม.15 ต.บ่อแฮ้ว อ.เมืองลำปาง จ.ลำปาง (6701-01)		3780000		3780000		20.12.2024 เงินเข้าแล้ว | ผู้รับโอนสิทธิ: KTB | ลูกค้า: องค์การบริหารส่วนตำบลบ่อแฮ้ว
rcp_710bb83b	AR2411-020	2024-12-30	IV2411-020	8502024	บ้านไร่ออก ม.5 ต.บ่อหิน อ.สิเกา จ.ตรัง (6701-01)		2160000		2160000		26.12.2024 เงินเข้าแล้ว | ผู้รับโอนสิทธิ: KTB | ลูกค้า: องค์การบริหารส่วนตำบลบ่อหิน
rcp_794188b7	AR2411-018	2025-01-31	IV2411-019	8002024	บ้านบอนเขียว ม.5 ต.นาขาม อ.กุฉินารายณ์ จ.กาฬสินธุ์ (6701-01)		2160000		2160000		31.01.2025 เงินเข้าแล้ว / พัสดุ 095-8308357 | ผู้รับโอนสิทธิ: KTB | ลูกค้า: เทศบาลตำบลนาขาม
rcp_ea038c16	AR2411-019	2024-12-23	IV2411-018	5402024	เปรงพุทรา ม.10 ต.เลาขวัญ อ.เลาขวัญ จ.กาญจนบุรี (6701-01)		3235974.52		3235974.52		23.12.2024 เงินเข้าแล้ว / คุณตู่ 089-9227481 | ผู้รับโอนสิทธิ: STS | ลูกค้า: องค์การบริหารส่วนตำบลเลาขวัญ
rcp_cb442c47	AR2411-017	2024-12-16	IV2411-017	2102024	บ้านโนนสะอาด ม.2 ต.บ้านแวง อ.พุทไธสง จ.บุรีรัมย์ (6701-01)		3240000		3240000		16.12.2024 เงินเข้าแล้ว | ผู้รับโอนสิทธิ: STS | ลูกค้า: องค์การบริหารส่วนตำบลบ้านแวง
rcp_29e8d63d	AR2411-016	2025-02-25	IV2411-016	8302024	หมู่บ้านหนองนกเขา ม.15 ต.หลุ่งตะเคียน อ.ห้วยแถลง จ.นครราชสีมา (6702-01)		2160000		2160000		25.02.2025 เงินเข้าแล้ว  / คุณแจม 063-9011796 | ผู้รับโอนสิทธิ: STS | ลูกค้า: ที่ทำการปกครองอำเภอห้วยแถลง
rcp_fdf0d814	AR2411-012	2025-02-04	IV2411-015	8602024	บ้านหนองปื้ด ม.8 ต.หนองขาม อ.จักราช จ.นครราชสีมา (6702-01)		2160000		2160000		04.02.2025 เงินเข้าแล้ว / คุณสุ 093-1829140 | ผู้รับโอนสิทธิ: KTB | ลูกค้า: ที่ทำการปกครองอำเภอจักราช
rcp_c67bdee3	AR2411-013	2025-02-04	IV2411-014	9002024	บ้านหนองนกคุ้ม ม.7 ต.หนองขาม อ.จักราช จ.นครราชสีมา (6702-01)		2160000		2160000		04.02.2025 เงินเข้าแล้ว / คุณสุ 093-1829140 | ผู้รับโอนสิทธิ: STS | ลูกค้า: ที่ทำการปกครองอำเภอจักราช
rcp_0cef6b9f	AR2411-014	2024-12-16	IV2411-013	2202024	บ้านสระแวง ม.7 ต.บ้านแวง อ.พุทไธสง จ.บุรีรัมย์ (6701-01)		3240000		3240000		16.12.2024 เงินเข้าแล้ว | ผู้รับโอนสิทธิ: STS | ลูกค้า: องค์การบริหารส่วนตำบลบ้านแวง
rcp_bd9896f5	AR2411-015	2024-12-16	IV2411-012	2002024	บ้านแวง ม.1 ต.บ้านแวง อ.พุทไธสง จ.บุรีรัมย์ (6701-01)		3240000		3240000		16.12.2024 เงินเข้าแล้ว | ผู้รับโอนสิทธิ: STS | ลูกค้า: องค์การบริหารส่วนตำบลบ้านแวง
rcp_17a19aa3	AR2411-011	2024-12-13	IV2411-011	6402024	บ้านหนองปลิง ม.7 ต.ทุ่งกระบ่ำ อ.เลาขวัญ จ.กาญจนบุรี (6701-01)		3120000		3120000		13.12.2024 เงินเข้าแล้ว | ผู้รับโอนสิทธิ: KTB | ลูกค้า: องค์การบริหารส่วนตำบลทุ่งกระบ่ำ
rcp_cfea24d5	AR2411-008	2024-12-06	IV2411-010	6802024	บ้านหนองแสลบ ม.4 ต.เลาขวัญ อ.เลาขวัญ จ.กาญจนบุรี (6701-01)		2160000		2160000		04.12.2024 เงินเข้าแล้ว | ผู้รับโอนสิทธิ: KTB | ลูกค้า: องค์การบริหารส่วนตำบลเลาขวัญ
rcp_d2177272	AR2411-010	2024-12-18	IV2411-009	3602024	เมืองน้อย ม.4 ต.ศรีสว่าง อ.นาโพธิ์ จ.บุรีรัมย์ (6701-01)		3240000		3240000		18.12.2024 เงินเข้าแล้ว | ผู้รับโอนสิทธิ: KTB | ลูกค้า: องค์การบริหารส่วนตำบลศรีสว่าง
rcp_e3b86041	AR2411-009	2024-12-09	IV2411-008	8202024	บ้านห้วยต่อ (น้ำตกอ่างทอง) ม.1 ต.ไม้ฝาด อ.สิเกา จ.ตรัง (6701-01)		948000		948000		09.12.2024 เงินเข้าแล้ว | ผู้รับโอนสิทธิ: KTB | ลูกค้า: องค์การบริหารส่วนตำบลไม้ฝาด
rcp_c87bbf4c	AR2411-007	2024-12-04	IV2411-007	6902024	บ้านห้วยลึก ม.2 ต.วังวน อ.กันตัง จ.ตรัง (6701-01)		2040000		2040000		04.12.2024 เงินเข้าแล้ว | ผู้รับโอนสิทธิ: KTB | ลูกค้า: องค์การบริหารส่วนตำบลวังวน
rcp_369e007b	AR2411-006	2024-11-29	IV2411-006	5102024	บ้านเนินสำราญ ม.2 ต.ไทรงาม อ.ไทรงาม จ.กำแพงเพชร (6701-01)		3240000		3240000		29.11.2024 เงินเข้าแล้ว | ผู้รับโอนสิทธิ: STS | ลูกค้า: องค์การบริหารส่วนตำบลไทรงาม
rcp_d18a2e9c	AR2411-004	2024-12-20	IV2411-004	7902024	บ้านตลาดใหม่ ม.7 ต.หนองปล้อง อ.วังทรายพูน จ.พิจิตร (6701-01)		2160000		2160000		20.12.2024 เงินเข้าแล้ว | ผู้รับโอนสิทธิ: KTB | ลูกค้า: เทศบาลตำบลหนองปล้อง
rcp_2a6baaba	AR2411-003	2024-11-27	IV2411-003	6602024	โพธิ์ศรี ม.8 ต.สระแก้ว อ.พนมไพร จ.ร้อยเอ็ด (6701-01)		2160000		2160000		27.11.2024 เงินเข้าแล้ว | ผู้รับโอนสิทธิ: KTB | ลูกค้า: องค์การบริหารส่วนตำบลสระแก้ว
rcp_ac728bee	AR2411-002	2024-12-06	IV2411-002	2602024	บ้านห้วยพลูหนัง ม.3 ต.ทรายขาว อ.คลองท่อม จ.กระบี่ (6701-01)		4320000		4320000		06.12.2024 เงินเข้าแล้ว | ผู้รับโอนสิทธิ: KTB | ลูกค้า: เทศบาลตำบลทรายขาว
rcp_1286e310	AR2410-019	2024-11-15	IV2410-021	1102024	บ้านนาขุม ม.1 ต.นาขุม อ.บ้านโคก จ.อุตรดิตถ์ (6701-01)		3780000		3780000		15.11.2024 เงินเข้าแล้ว | ผู้รับโอนสิทธิ: STS | ลูกค้า: องค์การบริหารส่วนตำบลนาขุม
rcp_99a75ef3	AR2410-018	2024-12-27	IV2410-020	7202024	บ้านหนองบัว ม.14 ต.เจ้าท่า อ.กมลาไสย จ.กาฬสินธุ์ (6701-01)		2160000		2160000		27.12.2024 เงินเข้าแล้ว | ผู้รับโอนสิทธิ: KTB | ลูกค้า: องค์การบริหารส่วนตำบลเจ้าท่า
rcp_8c635e42	AR2410-016	2024-11-22	IV2410-019	7702024	บ้านนาหละ(ชุมชนทุ่งพุด) ม.7 ต.ไม้ฝาด อ.สิเกา จ.ตรัง (6701-01)		948000		948000		22.11.2024 เงินเข้าแล้ว | ผู้รับโอนสิทธิ: KTB | ลูกค้า: องค์การบริหารส่วนตำบลไม้ฝาด
rcp_05a441eb	AR2410-017	2025-01-15	IV2410-018	5002024	บ้านท่าสะอาด ม.7 ต.คำสร้างเที่ยง อ.สามชัย จ.กาฬสินธุ์ (6701-01)		2160000		2160000		15.01.2025 เงินเข้าแล้ว | ผู้รับโอนสิทธิ: STS | ลูกค้า: องค์การบริหารส่วนตำบลคำสร้างเที่ยง
rcp_8e948232	AR2410-015	2024-11-14	IV2410-017	1502024	บ้านหลวงป่ายาง ม.2 ต.น้ำอ่าง อ.ตรอน จ.อุตรดิตถ์ (6701-01)		3240000		3240000		14.11.2024 เงินเข้าแล้ว | ผู้รับโอนสิทธิ: STS | ลูกค้า: องค์การบริหารส่วนตำบลน้ำอ่าง
rcp_8cb7b67a	AR2410-013	2024-12-11	IV2410-016	7502024	บ้านสี่เหลี่ยมประชามิตร ม.10 ต.หนองบัวโคก อ.ลำปลายมาศ จ.บุรีรัมย์ (6701-01)		2160000		2160000		11.12.2024 เงินเข้าแล้ว | ผู้รับโอนสิทธิ: KTB | ลูกค้า: องค์การบริหารส่วนตำบลหนองบัวโคก
rcp_09f8f578	AR2410-014	2024-12-11	IV2410-015	7402024	บ้านสี่เหลี่ยมใหญ่ ม.3 ต.หนองบัวโคก อ.ลำปลายมาศ จ.บุรีรัมย์ (6701-01)		2160000		2160000		11.12.2024 เงินเข้าแล้ว | ผู้รับโอนสิทธิ: KTB | ลูกค้า: องค์การบริหารส่วนตำบลหนองบัวโคก
rcp_da48afe6	AR2410-007	2024-11-13	IV2410-012	3102024	บ้านหินงามพุพลู ม.11 ต.ลุ่มสุ่ม อ.ไทรโยค จ.กาญจนบุรี (6701-01)		3232800		3232800		13.11.2024 เงินเข้าแล้ว | ผู้รับโอนสิทธิ: KTB | ลูกค้า: องค์การบริหารส่วนตำบลลุ่มสุ่ม
rcp_3d96a0db	AR2410-010	2024-11-08	IV2410-011	4802024	บ้านย่านยาว ม.3 ต.ย่านยาว อ.สามชุก จ.สุพรรณบุรี (6701-01)		3240000		3240000		08.11.2024 เงินเข้าแล้ว | ผู้รับโอนสิทธิ: STS | ลูกค้า: องค์การบริหารส่วนตำบลย่านยาว
rcp_beebd10f	AR2410-008	2024-11-12	IV2410-010	7102024	บ้านเกาะบก ม.6 ต.นาท่ามเหนือ อ.เมืองตรัง จ.ตรัง (6701-01)		1360000		1360000		12.11.2024 เงินเข้าแล้ว | ผู้รับโอนสิทธิ: KTB | ลูกค้า: องค์การบริหารส่วนตำบลนาท่ามเหนือ
rcp_705189cb	AR2410-009	2024-11-06	IV2410-009	7602024	บ้านเขาเพดาน(สามแยกทุ่งทวย) ม.7 ต.นาเมืองเพชร อ.สิเกา จ.ตรัง (6701-01)		1360000		1360000		06.11.2024 เงินเข้าแล้ว | ผู้รับโอนสิทธิ: KTB | ลูกค้า: เทศบาลตำบลนาเมืองเพชร
rcp_5da33e57	AR2410-005	2024-10-01	IV2410-008	5802024	บ้านดำรงพัฒนา ม.14 ต.นาเชือก อ.นาเชือก จ.มหาสารคาม (6701-01)		3240000		3240000		01.11.2024 เงินเข้าแล้ว | ผู้รับโอนสิทธิ: WTP | ลูกค้า: องค์การบริหารส่วนตำบลนาเชือก
rcp_968cab24	AR2410-004	2024-11-22	IV2410-007	4602024	บ้านจิตเสือเต้น ม.4 ต.เขาเจ็ดลูก อ.ทับคล้อ จ.พิจิตร (6701-01)		1336709.71		1336709.71		22.11.2024 เงินเข้าแล้ว | ผู้รับโอนสิทธิ: STS | ลูกค้า: องค์การบริหารส่วนตำบลเขาเจ็ดลูก
rcp_d88cf359	AR2410-006	2024-10-30	IV2410-006	1202024	บ้านนา ม.2 ต.บ้านนา อ.วชิรบารมี จ.พิจิตร (6701-01)		3238200		3238200		31.10.2024 เงินเข้าแล้ว | ผู้รับโอนสิทธิ: STS | ลูกค้า: องค์การบริหารส่วนตำบลบ้านนา
rcp_c3ccc73c	AR2410-002	2024-11-06	IV2410-005	3202024	บ้านหนองบ้านเก่า ม.7 ต.บ้านเก่า อ.เมืองกาญจนบุรี จ.กาญจนบุรี (6701-01)		3240000		3240000		11.11.2024 เงินเข้าแล้ว | ผู้รับโอนสิทธิ: KTB | ลูกค้า: องค์การบริหารส่วนตำบลบ้านเก่า
rcp_78d0d93b	AR2410-003	2024-10-22	IV2410-004	5502024	ดงแจ้ง ม.7 ต.เหล่าน้อย อ.เสลภูมิ จ.ร้อยเอ็ด (6701-01)		3240000		3240000		24.10.2024 เงินเข้าแล้ว | ผู้รับโอนสิทธิ: KTB | ลูกค้า: องค์การบริหารส่วนตำบลเหล่าน้อย
rcp_bd87ca18	AR2410-001	2024-11-08	IV2410-003	5602024	คำบอน ม.3 ต.ยางอู้ม อ.ท่าคันโท จ.กาฬสินธุ์ (6701-01)		2160000		2160000		08.11.2024 เงินเข้าแล้ว | ผู้รับโอนสิทธิ: STS | ลูกค้า: องค์การบริหารส่วนตำบลยางอู้ม
rcp_20f6bb4a	AR2409-052	2024-10-25	IV2409-050	3002024	บ้านลุ่มผึ้ง ม.3 ต.ลุ่มสุ่ม อ.ไทรโยค จ.กาญจนบุรี (6701-01)		3232800		3232800		25.10.2024 เงินเข้าแล้ว | ผู้รับโอนสิทธิ: KTB | ลูกค้า: องค์การบริหารส่วนตำบลลุ่มสุ่ม
rcp_4a485051	AR2409-036	2024-10-30	IV2409-038	6902024	บ้านห้วยลึก ม.2 ต.วังวน อ.กันตัง จ.ตรัง (6701-01)		1360000		1360000		31.10.2024 เงินเข้าแล้ว | ผู้รับโอนสิทธิ: KTB | ลูกค้า: องค์การบริหารส่วนตำบลวังวน
rcp_29009d6f	AR2409-037	2024-12-25	IV2409-037	6702024	บ้านควนโพธิ์ ม.3 ต.ย่านตาขาว อ.ย่านตาขาว จ.ตรัง (6701-01)		1360000		1360000		25.12.2024 เงินเข้าแล้ว | ผู้รับโอนสิทธิ: KTB | ลูกค้า: เทศบาลตำบลควนโพธิ์
rcp_d7528a8b	AR2409-035	2024-10-25	IV2409-033	1302024	บ้านไร่ ม.8 ต.นายาง อ.สบปราบ จ.ลำปาง (6701-01)		2160000		2160000		25.10.2024 เงินเข้าแล้ว | ผู้รับโอนสิทธิ: STS | ลูกค้า: องค์การบริหารส่วนตำบลนายาง
rcp_21c28080	AR2409-031	2024-10-09	IV2409-032	27202023	SV-639-PM-บริเวณบ้านนายฉุย ม.3 ต.บางหมาก อ.กันตัง จ.ตรัง (SV-6608-01)		227000		227000		09.10.2024 เงินเข้าแล้ว | ผู้รับโอนสิทธิ: WTP | ลูกค้า: องค์การบริหารส่วนตำบลบางหมาก
rcp_75a3ba2e	AR2409-027	2024-10-02	IV2409-029	2902024	บ้านดงรัง ม.4 ต.วังคัน อ.ด่านช้าง จ.สุพรรณบุรี (6701-01)		3240000		3240000		03.10.2024 เงินเข้าแล้ว | ผู้รับโอนสิทธิ: KTB | ลูกค้า: องค์การบริหารส่วนตำบลวังคัน
rcp_3a71f4e8	AR2409-028	2024-10-25	IV2409-028	6402024	บ้านหนองปลิง ม.7 ต.ทุ่งกระบ่ำ อ.เลาขวัญ จ.กาญจนบุรี (6701-01)		2080000		2080000		25.10.2024 เงินเข้าแล้ว | ผู้รับโอนสิทธิ: KTB | ลูกค้า: องค์การบริหารส่วนตำบลทุ่งกระบ่ำ
rcp_145adc52	AR2409-026	2024-10-18	IV2409-027	4702024	บ้านลำพระยา ม.1 ต.ย่านยาว อ.สามชุก จ.สุพรรณบุรี (6701-01)		2160000		2160000		18.10.2024 เงินเข้าแล้ว | ผู้รับโอนสิทธิ: STS | ลูกค้า: องค์การบริหารส่วนตำบลย่านยาว
rcp_17714584	AR2409-025	2024-09-25	IV2409-026	6002024	บ้านสุวรรณคำ ม.4 ต.พรสวรรค์ อ.เสลภูมิ จ.ร้อยเอ็ด (6701-01)		1800000		1800000		25.09.2024 เงินเข้าแล้ว | ผู้รับโอนสิทธิ: KTB | ลูกค้า: เทศบาลตำบลพรสวรรค์
rcp_a2e4ecb5	AR2409-024	2024-09-30	IV2409-025	5702024	บ้านบางหิน ม.5 ต.คลองชะอุ่น อ.พนม จ.สุราษฎร์ธานี (6701-01)		2040000		2040000		30.09.2024 เงินเข้าแล้ว | ผู้รับโอนสิทธิ: WTP | ลูกค้า: เทศบาลตำบลคลองชะอุ่น
rcp_f1d5e3af	AR2409-022	2024-09-25	IV2409-024	4902024	บ้านดอนทิงทวด ม.11 ต.บางหมาก อ.เมืองชุมพร จ.ชุมพร (6701-01)		3240000		3240000		25.09.2024 เงินเข้าแล้ว | ผู้รับโอนสิทธิ: WTP | ลูกค้า: เทศบาลตำบลบางหมาก
rcp_d1f99bd8	AR2409-023	2024-10-08	IV2409-023	2302024	บ้านหนองพนัง ม.1 ต.โป่งน้ำร้อน อ.ฝาง จ.เชียงใหม่ (6701-01)		2040000		2040000		08.10.2024 เงินเข้าแล้ว | ผู้รับโอนสิทธิ: STS | ลูกค้า: องค์การบริหารส่วนตำบลโป่งน้ำร้อน
rcp_deb12df5	AR2409-020	2024-10-08	IV2409-021	5102024	บ้านเนินสำราญ ม.2 ต.ไทรงาม อ.ไทรงาม จ.กำแพงเพชร (6701-01)		2160000		2160000		08.10.2024 เงินเข้าแล้ว | ผู้รับโอนสิทธิ: STS | ลูกค้า: องค์การบริหารส่วนตำบลไทรงาม
rcp_7c2a8b4e	AR2409-016	2024-10-01	IV2409-019	2802024	ห้วยพลู ม.1 ต.ท่าสุด อ.เมืองเชียงราย จ.เชียงราย (6701-01)		5400000		5400000		01.10.2024 เงินเข้าแล้ว | ผู้รับโอนสิทธิ: KTB | ลูกค้า: เทศบาลตำบลท่าสุด
rcp_6116a05b	AR2409-017	2024-10-08	IV2409-018	1102024	บ้านนาขุม ม.1 ต.นาขุม อ.บ้านโคก จ.อุตรดิตถ์ (6701-01)		1602196.24		1602196.24		08.10.2024 เงินเข้าแล้ว | ผู้รับโอนสิทธิ: STS | ลูกค้า: องค์การบริหารส่วนตำบลนาขุม
rcp_132fa794	AR2409-015	2024-10-08	IV2409-017	1502024	บ้านหลวงป่ายาง ม.2 ต.น้ำอ่าง อ.ตรอน จ.อุตรดิตถ์ (6701-01)		2142196.24		2142196.24		08.10.2024 เงินเข้าแล้ว | ผู้รับโอนสิทธิ: STS | ลูกค้า: องค์การบริหารส่วนตำบลน้ำอ่าง
rcp_5bd028dd	AR2409-013	2024-10-01	IV2409-016	3402024	บ้านป่าเคาะ ม.7 ต.บุญเรือง อ.เชียงของ จ.เชียงราย (6701-01)		4320000		4320000		01.10.2024 เงินเข้าแล้ว | ผู้รับโอนสิทธิ: KTB | ลูกค้า: เทศบาลตำบลบุญเรือง
rcp_c097db14	AR2409-014	2024-11-15	IV2409-015	6302024	บ้านคำโพนทอง ม.5 ต.โคกสมบูรณ์ อ.กมลาไสย จ.กาฬสินธุ์ (6701-01)		2160000		2160000		15.11.2024 เงินเข้าแล้ว | ผู้รับโอนสิทธิ: KTB | ลูกค้า: องค์การบริหารส่วนตำบลโคกสมบูรณ์
rcp_6213eaaf	AR2409-018	2024-11-13	IV2409-014	5402024	เปรงพุทรา ม.10 ต.เลาขวัญ อ.เลาขวัญ จ.กาญจนบุรี (6701-01)		2160000		2160000		13.11.2024 เงินเข้าแล้ว | ผู้รับโอนสิทธิ: STS | ลูกค้า: องค์การบริหารส่วนตำบลเลาขวัญ
rcp_62cbc546	AR2409-009	2024-10-08	IV2409-011	1702024	บ้านม่วง ม.3 ต.เขาย่า อ.ศรีบรรพต จ.พัทลุง (6701-01)		3120000		3120000		08.10.2024 เงินเข้าแล้ว | ผู้รับโอนสิทธิ: STS | ลูกค้า: องค์การบริหารส่วนตำบลเขาย่า
rcp_89274608	AR2409-010	2024-09-27	IV2409-010	2702024	บ้านป่าคาเหนือ ม.9 ต.แม่เงิน อ.เชียงแสน จ.เชียงราย (6701-01)		3240000		3240000		27.09.2024 เงินเข้าแล้ว | ผู้รับโอนสิทธิ: KTB | ลูกค้า: เทศบาลตำบลแม่เงิน
rcp_ad7727e3	AR2409-008	2024-09-27	IV2409-009	1802024	บ้านหารบัว ม.9 ต.ทุ่งนารี อ.ป่าบอน จ.พัทลุง (6701-01)		3240000		3240000		27.09.2024 เงินเข้าแล้ว | ผู้รับโอนสิทธิ: STS | ลูกค้า: องค์การบริหารส่วนตำบลทุ่งนารี
rcp_e720c408	AR2409-004	2024-10-01	IV2409-007	2502024	บ้านน้ำพุ ม.2 ต.น้ำพุ อ.บ้านนาสาร จ.สุราษฎร์ธานี (6701-01)		3240000		3240000		01.10.2024 เงินเข้าแล้ว | ผู้รับโอนสิทธิ: KTB | ลูกค้า: องค์การบริหารส่วนตำบลน้ำพุ
rcp_12033e0b	AR2409-005	2024-09-27	IV2409-006	1402024	บ้านทรายขาว ม.7 ต.ศรีดงเย็น อ.ไชยปราการ จ.เชียงใหม่ (6701-01)		3240000		3240000		27.09.2024 เงินเข้าแล้ว | ผู้รับโอนสิทธิ: STS | ลูกค้า: องค์การบริหารส่วนตำบลศรีดงเย็น
rcp_78e7ac9e	AR2409-006	2024-10-09	IV2409-005	3602024	เมืองน้อย ม.4 ต.ศรีสว่าง อ.นาโพธิ์ จ.บุรีรัมย์ (6701-01)		2160000		2160000		09.10.2024 เงินเข้าแล้ว | ผู้รับโอนสิทธิ: KTB | ลูกค้า: องค์การบริหารส่วนตำบลศรีสว่าง
rcp_570528bb	AR2409-003	2024-09-26	IV2409-004	2402024	บ้านฆ้อง ม.10 ต.บ้านฆ้อง อ.โพธาราม จ.ราชบุรี (6701-01)		3120000		3120000		26.09.2024 เงินเข้าแล้ว | ผู้รับโอนสิทธิ: KTB | ลูกค้า: เทศบาลตำบลบ้านฆ้อง
rcp_df28779a	AR2409-001	2024-10-04	IV2409-001	4302024	บ้านทุ่งเกวียน ม.6 ต.เวียงตาล อ.ห้างฉัตร จ.ลำปาง (6701-01)		2158568		2158568		04.10.2024 เงินเข้าแล้ว | ผู้รับโอนสิทธิ: KTB | ลูกค้า: เทศบาลตำบลเวียงตาล
rcp_f3b2920d	AR2408-050	2024-11-27	IV2408-047	3902024	บ้านห้วยลึก ม.8 ต.เมืองไผ่ อ.หนองกี่ จ.บุรีรัมย์ (6701-01)		2160000		2160000		27.11.2024 เงินเข้าแล้ว | ผู้รับโอนสิทธิ: KTB | ลูกค้า: องค์การบริหารส่วนตำบลเมืองไผ่
rcp_3cf89a87	AR2408-051	2024-11-27	IV2408-046	3702024	บ้านหนองม่วง ม.7 ต.เมืองไผ่ อ.หนองกี่ จ.บุรีรัมย์ (6701-01)		1360000		1360000		27.11.2024 เงินเข้าแล้ว | ผู้รับโอนสิทธิ: KTB | ลูกค้า: องค์การบริหารส่วนตำบลเมืองไผ่
rcp_cd3f6645	AR2408-052	2024-11-27	IV2408-045	3802024	บ้านโนนจันทา ม.17 ต.เมืองไผ่ อ.หนองกี่ จ.บุรีรัมย์ (6701-01)		1360000		1360000		27.11.2024 เงินเข้าแล้ว | ผู้รับโอนสิทธิ: KTB | ลูกค้า: องค์การบริหารส่วนตำบลเมืองไผ่
rcp_2dc6b891	AR2408-049	2024-09-26	IV2408-044	3302024	บ้านหนองกวาง ม.8 ต.วังสรรพรส อ.ขลุง จ.จันทบุรี (6701-01)		2080000		2080000		26.09.2024 เงินเข้าแล้ว | ผู้รับโอนสิทธิ: KTB | ลูกค้า: องค์การบริหารส่วนตำบลวังสรรพรส
rcp_388ed1f0	AR2408-048	2024-09-25	IV2408-043	3502024	ห้วยไร่ ม.1 ต.ปงน้อย อ.ดอยหลวง จ.เชียงราย (6701-01)		3240000		3240000		25.09.2024 เงินเข้าแล้ว | ผู้รับโอนสิทธิ: KTB | ลูกค้า: องค์การบริหารส่วนตำบลปงน้อย
rcp_d674e02b	AR2408-040	2024-09-19	IV2408-038	1602024	บ้านหว้า ม.2 ต.ตาเสา อ.ห้วยราช จ.บุรีรัมย์ (6701-01)		3120000		3120000		19.09.2024 เงินเข้าแล้ว | ผู้รับโอนสิทธิ: STS | ลูกค้า: องค์การบริหารส่วนตำบลตาเสา
rcp_d516e312	AR2408-038	2024-09-27	IV2408-037	5302024	บ้านพิมูล ม.2 ต.พิมูล อ.ห้วยเม็ก จ.กาฬสินธุ์ (6701-01)		2160000		2160000		27.09.2024 เงินเข้าแล้ว | ผู้รับโอนสิทธิ: STS | ลูกค้า: องค์การบริหารส่วนตำบลพิมูล
rcp_95b11469	AR2408-035	2024-10-03	IV2408-033	3102024	บ้านหินงามพุพลู ม.11 ต.ลุ่มสุ่ม อ.ไทรโยค จ.กาญจนบุรี (6701-01)		2155200		2155200		03.10.2024 เงินเข้าแล้ว | ผู้รับโอนสิทธิ: KTB | ลูกค้า: องค์การบริหารส่วนตำบลลุ่มสุ่ม
rcp_7fdba16a	AR2408-036	2024-10-03	IV2408-032	3002024	บ้านลุ่มผึ้ง ม.3 ต.ลุ่มสุ่ม อ.ไทรโยค จ.กาญจนบุรี (6701-01)		2155200		2155200		03.10.2024 เงินเข้าแล้ว | ผู้รับโอนสิทธิ: KTB | ลูกค้า: องค์การบริหารส่วนตำบลลุ่มสุ่ม
rcp_cd62ff9a	AR2408-032	2024-09-27	IV2408-031	4802024	บ้านย่านยาว ม.3 ต.ย่านยาว อ.สามชุก จ.สุพรรณบุรี (6701-01)		2160000		2160000		27.09.2024 เงินเข้าแล้ว | ผู้รับโอนสิทธิ: STS | ลูกค้า: องค์การบริหารส่วนตำบลย่านยาว
rcp_4a845baa	AR2408-033	2024-09-24	IV2408-030	4102024	บ้านน้ำโท้ง ม.5 ต.บ่อแฮ้ว อ.เมืองลำปาง จ.ลำปาง (6701-01)		1620000		1620000		24.09.2024 เงินเข้าแล้ว | ผู้รับโอนสิทธิ: KTB | ลูกค้า: องค์การบริหารส่วนตำบลบ่อแฮ้ว
rcp_a6067997	AR2408-031	2024-09-29	IV2408-029	5202024	บ้านดอนไชย ม.4 ต.หลวงเหนือ อ.งาว จ.ลำปาง (6701-01)		2160000		2160000		29.09.2024 เงินเข้าแล้ว | ผู้รับโอนสิทธิ: STS | ลูกค้า: เทศบาลตำบลหลวงเหนือ
rcp_88518e0e	AR2408-027	2024-09-24	IV2408-026	4202024	ดงสันเงิน ม.15 ต.บ่อแฮ้ว อ.เมืองลำปาง จ.ลำปาง (6701-01)		1620000		1620000		24.09.2024 เงินเข้าแล้ว | ผู้รับโอนสิทธิ: KTB | ลูกค้า: องค์การบริหารส่วนตำบลบ่อแฮ้ว
rcp_d205a9ab	AR2408-023	2024-09-06	IV2408-023	5802024	บ้านดำรงพัฒนา ม.14 ต.นาเชือก อ.นาเชือก จ.มหาสารคาม (6701-01)		2160000		2160000		06.09.2024 เงินเข้าแล้ว | ผู้รับโอนสิทธิ: WTP | ลูกค้า: องค์การบริหารส่วนตำบลนาเชือก
rcp_34c0d690	AR2408-022	2024-09-24	IV2408-022	4002024	บ้านวังหินพัฒนา ม.14 ต.เถินบุรี อ.เถิน จ.ลำปาง (6701-01)		2160000		2160000		24.09.2024 เงินเข้าแล้ว | ผู้รับโอนสิทธิ: KTB | ลูกค้า: เทศบาลตำบลเถินบุรี
rcp_9a4cdae3	AR2408-021	2024-09-10	IV2408-021	1702024	บ้านม่วง ม.3 ต.เขาย่า อ.ศรีบรรพต จ.พัทลุง (6701-01)		2080000		2080000		16.09.2024 เงินเข้าแล้ว | ผู้รับโอนสิทธิ: STS | ลูกค้า: องค์การบริหารส่วนตำบลเขาย่า
rcp_cdf76779	AR2408-018	2024-09-12	IV2408-018	3202024	บ้านหนองบ้านเก่า ม.7 ต.บ้านเก่า อ.เมืองกาญจนบุรี จ.กาญจนบุรี (6701-01)		2160000		2160000		16.09.2024 เงินเข้าแล้ว | ผู้รับโอนสิทธิ: KTB | ลูกค้า: องค์การบริหารส่วนตำบลบ้านเก่า
rcp_185e3df3	AR2408-014	2024-08-30	IV2408-016	2102024	บ้านโนนสะอาด ม.2 ต.บ้านแวง อ.พุทไธสง จ.บุรีรัมย์ (6701-01)		2160000		2160000		30.08.2024 เงินเข้าแล้ว | ผู้รับโอนสิทธิ: STS | ลูกค้า: องค์การบริหารส่วนตำบลบ้านแวง
rcp_aac8be5c	AR2408-015	2024-08-30	IV2408-015	2002024	บ้านแวง ม.1 ต.บ้านแวง อ.พุทไธสง จ.บุรีรัมย์ (6701-01)		2160000		2160000		30.08.2024 เงินเข้าแล้ว | ผู้รับโอนสิทธิ: STS | ลูกค้า: องค์การบริหารส่วนตำบลบ้านแวง
rcp_ec108be6	AR2408-016	2024-08-30	IV2408-014	2202024	บ้านสระแวง ม.7 ต.บ้านแวง อ.พุทไธสง จ.บุรีรัมย์ (6701-01)		2160000		2160000		30.08.2024 เงินเข้าแล้ว | ผู้รับโอนสิทธิ: STS | ลูกค้า: องค์การบริหารส่วนตำบลบ้านแวง
rcp_37324450	AR2408-008	2024-09-10	IV2408-008	2602024	บ้านห้วยพลูหนัง ม.3 ต.ทรายขาว อ.คลองท่อม จ.กระบี่ (6701-01)		1080000		1080000		11.09.2024 เงินเข้าแล้ว | ผู้รับโอนสิทธิ: KTB | ลูกค้า: เทศบาลตำบลทรายขาว
rcp_e04b0ada	AR2408-007	2024-08-23	IV2408-007	1802024	บ้านหารบัว ม.9 ต.ทุ่งนารี อ.ป่าบอน จ.พัทลุง (6701-01)		2160000		2160000		23.08.2024 เงินเข้าแล้ว | ผู้รับโอนสิทธิ: STS | ลูกค้า: องค์การบริหารส่วนตำบลทุ่งนารี
rcp_50ba5e2a	AR2408-004	2024-08-30	IV2408-006	2402024	บ้านฆ้อง ม.10 ต.บ้านฆ้อง อ.โพธาราม จ.ราชบุรี (6701-01)		2080000		2080000		30.08.2024 เงินเข้าแล้ว | ผู้รับโอนสิทธิ: KTB | ลูกค้า: เทศบาลตำบลบ้านฆ้อง
rcp_22b5f047	AR2408-005	2024-09-09	IV2408-005	1402024	บ้านทรายขาว ม.7 ต.ศรีดงเย็น อ.ไชยปราการ จ.เชียงใหม่ (6701-01)		2160000		2160000		09.09.2024 เงินเข้าแล้ว | ผู้รับโอนสิทธิ: STS | ลูกค้า: องค์การบริหารส่วนตำบลศรีดงเย็น
rcp_fc2644a5	AR2408-006	2025-03-27	IV2408-004	4902024	บ้านดอนทิงทวด ม.11 ต.บางหมาก อ.เมืองชุมพร จ.ชุมพร (6701-01)		2160000		2160000		27.08.2024 เงินเข้าแล้ว | ผู้รับโอนสิทธิ: WTP | ลูกค้า: เทศบาลตำบลบางหมาก
rcp_57c43dcb	AR2408-002	2024-08-23	IV2408-003	5702024	บ้านบางหิน ม.5 ต.คลองชะอุ่น อ.พนม จ.สุราษฎร์ธานี (6701-01)		1360000		1360000		23.08.2024 เงินเข้าแล้ว | ผู้รับโอนสิทธิ: WTP | ลูกค้า: เทศบาลตำบลคลองชะอุ่น
rcp_13d47c74	AR2408-003	2024-08-30	IV2408-002	1202024	บ้านนา ม.2 ต.บ้านนา อ.วชิรบารมี จ.พิจิตร (6701-01)		2158800		2158800		30.08.2024 เงินเข้าแล้ว | ผู้รับโอนสิทธิ: STS | ลูกค้า: องค์การบริหารส่วนตำบลบ้านนา
rcp_0f171263	AR2408-001	2024-08-28	IV2408-001	5502024	ดงแจ้ง ม.7 ต.เหล่าน้อย อ.เสลภูมิ จ.ร้อยเอ็ด (6701-01)		2160000		2160000		28.08.2024 เงินเข้าแล้ว | ผู้รับโอนสิทธิ: KTB | ลูกค้า: องค์การบริหารส่วนตำบลเหล่าน้อย
rcp_670a70af	AR2407-017	2024-09-06	IV2407-017	1902024	บ้านหนองรี ม.5 ต.เมืองเก่า อ.กบินทร์บุรี จ.ปราจีนบุรี (6701-01)		2159600		2159600		06.09.2024 เงินเข้าแล้ว | ผู้รับโอนสิทธิ: STS | ลูกค้า: องค์การบริหารส่วนตำบลเมืองเก่า
rcp_c66f411f	AR2407-015	2024-08-28	IV2407-015	2702024	บ้านป่าคาเหนือ ม.9 ต.แม่เงิน อ.เชียงแสน จ.เชียงราย (6701-01)		2160000		2160000		28.08.2024 เงินเข้าแล้ว | ผู้รับโอนสิทธิ: KTB | ลูกค้า: เทศบาลตำบลแม่เงิน
rcp_585499bb	AR2407-014	2024-08-30	IV2407-014	2902024	บ้านดงรัง ม.4 ต.วังคัน อ.ด่านช้าง จ.สุพรรณบุรี (6701-01)		2160000		2160000		30.08.2024 เงินเข้าแล้ว | ผู้รับโอนสิทธิ: KTB | ลูกค้า: องค์การบริหารส่วนตำบลวังคัน
rcp_182be01f	AR2407-013	2024-09-10	IV2407-013	2502024	บ้านน้ำพุ ม.2 ต.น้ำพุ อ.บ้านนาสาร จ.สุราษฎร์ธานี (6701-01)		2160000		2160000		11.09.2024 เงินเข้าแล้ว | ผู้รับโอนสิทธิ: KTB | ลูกค้า: องค์การบริหารส่วนตำบลน้ำพุ
rcp_08f7d0e7	AR2407-012	2024-08-23	IV2407-012	2302024	บ้านหนองพนัง ม.1 ต.โป่งน้ำร้อน อ.ฝาง จ.เชียงใหม่ (6701-01)		1360000		1360000		23.08.2024 เงินเข้าแล้ว | ผู้รับโอนสิทธิ: STS | ลูกค้า: องค์การบริหารส่วนตำบลโป่งน้ำร้อน
rcp_78862a6a	AR2407-011	2024-08-15	IV2407-011	3402024	บ้านป่าเคาะ ม.7 ต.บุญเรือง อ.เชียงของ จ.เชียงราย (6701-01)		1080000		1080000		16.08.2024 เงินเข้าแล้ว | ผู้รับโอนสิทธิ: KTB | ลูกค้า: เทศบาลตำบลบุญเรือง
rcp_89ef73fe	AR2407-010	2024-08-15	IV2407-010	3502024	ห้วยไร่ ม.1 ต.ปงน้อย อ.ดอยหลวง จ.เชียงราย (6701-01)		2160000		2160000		16.08.2024 เงินเข้าแล้ว | ผู้รับโอนสิทธิ: KTB | ลูกค้า: องค์การบริหารส่วนตำบลปงน้อย
rcp_d50c7a39	AR2407-009	2024-08-02	IV2407-009	202024	ม.8 ต.ท่าบอน อ.ระโนด จ.สงขลา (6708-01)		3240000		3240000		05.08.2024 เงินเข้าแล้ว | ผู้รับโอนสิทธิ: STS | ลูกค้า: องค์การบริหารส่วนตำบลท่าบอน
rcp_e102e1fb	AR2407-008	2024-08-13	IV2407-008	1602024	บ้านหว้า ม.2 ต.ตาเสา อ.ห้วยราช จ.บุรีรัมย์ (6701-01)		2080000		2080000		13.08.2024 เงินเข้าแล้ว | ผู้รับโอนสิทธิ: STS | ลูกค้า: องค์การบริหารส่วนตำบลตาเสา
rcp_8849900d	AR2406-006	2024-07-09	IV2406-005	202024	ม.8 ต.ท่าบอน อ.ระโนด จ.สงขลา (6708-01)		2160000		2160000		09.07.2024 เงินเข้าแล้ว | ผู้รับโอนสิทธิ: STS | ลูกค้า: องค์การบริหารส่วนตำบลท่าบอน